id	orrowen	hal	pos	class	meanings	canon_sense	derivation	root	formation	logogram	dry_cut	source	book_lemmas
O0001	aedh	ēdhos	n,v	S	sleep; to sleep	sleep; to sleep	*eʔdh- 'sleep' (reserve, ancestor §3.3): Hal ēdhos > aedh	*eʔdh-	*eʔdh-	ODH+fade (64)	@aedh	reserve	sleep
O0002	aedhen		adj	S	sleepy		aedh 'sleep' + -en ('of, belonging to')	*eʔdh-	aedh+en	ODH+fade (64) + e n	@aedh+e.n	tier3-sys	
O0003	aedherd		n	S	a sleeper; one who sleeps		aedh 'sleep' + -Ard (agent)	*eʔdh-	aedh+Ard	ODH+fade (64) + A r d	@aedh+A.r.d	tier3	sleeper
O0004	aedhet		adj	S	slept (the participle)		aedh 'sleep' + -At (participle)	*eʔdh-	aedh+At	ODH+fade (64) + A t	@aedh+A.t	tier3-sys	
O0005	aedhow		n	B	a sleeping-place, a bed-chamber		aedh 'sleep' + -ow (place)	*eʔdh-	aedh+ow	ODH+fade (64) + o w	@aedh+o.w	tier3-sys	
O0006	aedhyl		n	S	sleeping; the act of sleeping		aedh 'sleep' + -Ol (verbal noun)	*eʔdh-	aedh+Ol	ODH+fade (64) + O l	@aedh+O.l	tier3-sys	
O0007	ael		loan	S	ael, 'the joining' (a Seilrhass word Seren writes by sound)		a Mystaeri word, borrowed by sound (orrowen_v2 §6.14 D7: loan words and Mystaeri names are spelled by sound, the knock as a wedge inside the word)	(Seilrhass)	loan		a.e.l	tier3	ael
O0008	Aelthae		loan	S	Aelthae, the Joined Tide		a Mystaeri word, borrowed by sound (orrowen_v2 §6.14 D7: loan words and Mystaeri names are spelled by sound, the knock as a wedge inside the word)	(Seilrhass)	loan		a.e.l.th.a.e	tier3	Aelthae
O0009	Ael'thar		loan	B	the Ael'thar, the rite of the binding (spoken, with the knock)		a Mystaeri word, borrowed by sound (orrowen_v2 §6.14 D7: loan words and Mystaeri names are spelled by sound, the knock as a wedge inside the word)	(Seilrhass)	loan		a.e.l.,.th.a.r	tier3	Ael'thar
O0010	Aelthar		loan	B	the Aelthar (carved, soft)		a Mystaeri word, borrowed by sound (orrowen_v2 §6.14 D7: loan words and Mystaeri names are spelled by sound, the knock as a wedge inside the word)	(Seilrhass)	loan		a.e.l.th.a.r	tier3	Aelthar
O0011	Aelvaren		loan	S	the Aelvaren, the Bearer of the Binding		a Mystaeri word, borrowed by sound (orrowen_v2 §6.14 D7: loan words and Mystaeri names are spelled by sound, the knock as a wedge inside the word)	(Seilrhass)	loan		a.e.l.v.a.r.e.n	tier3	Aelvaren
O0012	Aldun	aldunos	name	B	Aldun (the first builder of Aldwena)	Aldun (the first builder of Aldwena)	*ald-un-o-s > Hal aldunos > aldun (H2); a name: names are names (no sense given)		*ald-un-o-s		a.l.d.u.n	canon	
O0013	Aldwena		name	B	Aldwena: the pair-name of Aldun and Bena, the first builders who laid the old capstone; Aldwena, the pair-name of Aldun and Bena	Aldwena: the pair-name of Aldun and Bena, the first builders who laid the old capstone	canon formation: aldun + bena + -a (pair-name: Ald- + softened Ben- (b > w) + -a)		aldun+bena+-a		=a.l.d.w.e.n.a	canon	Aldwena
O0014	amm	aŋma	conj	B	when (conj.); when (conjunction); if	when (conj.); when (conjunction)	*aŋ- 'at the hour': *aŋ-ma > Hal aŋma > amm (H2,H4)	*aŋ-	*aŋ-ma	TOVV+notch (168)	@amm	canon	if, when
O0015	amm nath		conj	B	unless (when not)		a phrase: amm when + nath NEG(+N)	*aŋ-, *na-	phrase		!	tier3	unless
O0016	amm sy		adv	S	now (this when)		a phrase: amm when + sy this	*aŋ-, *siu	phrase		left out (mortar words only)	tier3	now
O0017	amm ull		adv	B	then (that when)		a phrase: amm when + ull that	*aŋ-, *ull-	phrase		left out (mortar words only)	tier3	then
O0018	ammad	ammados	v	B	(v.) teach	(v.) teach	*amm- 'lift the voice to one above': *amm-ad-o-s > Hal ammados > ammad (H2)	*amm-	*amm-ad-o-s	BROD+three (203)	@ammad	canon	teach
O0019	ammadard		n	B	one who teaches		ammad 'teach' + -Ard (agent)	*amm-	ammad+Ard	BROD+three (203) + A r d	@ammad+A.r.d	tier3-sys	
O0020	ammadat		adj	B	taught (the participle)		ammad 'teach' + -At (participle)	*amm-	ammad+At	BROD+three (203) + A t	@ammad+A.t	tier3-sys	
O0021	ammadol		n	B	a doctrine, a teaching; teaching; the act of teaching		ammad 'teach' + -Ol (verbal noun)	*amm-	ammad+Ol	BROD+three (203) + O l	@ammad+O.l	tier3	doctrine
O0022	ammadow		n	B	a teaching-house		ammad 'teach' + -ow (place)	*amm-	ammad+ow	BROD+three (203) + o w	@ammad+o.w	tier3-sys	
O0023	ammel	ammelis	v	S	(v.) pray; worship	(v.) pray	*amm- 'lift the voice to one above': *amm-el-i-s > Hal ammelis > ammel (H2)	*amm-	*amm-el-i-s	LUMM+zig (252)	@ammel	canon	pray, worship
O0024	ammeldholm		n	B	a prayer-stone		ammel 'pray' + S tolm 'a stone' (compound: the head softened, §3.10)	*amm-, *tol-	ammel^tolm	LUMM+zig (252) · TOLM (1)	@ammel@tolm	tier3	
O0025	ammelerd		n	S	one who prays		ammel 'pray' + -Ard (agent)	*amm-	ammel+Ard	LUMM+zig (252) + A r d	@ammel+A.r.d	tier3-sys	
O0026	ammelet		adj	S	prayed (the participle)		ammel 'pray' + -At (participle)	*amm-	ammel+At	LUMM+zig (252) + A t	@ammel+A.t	tier3-sys	
O0027	ammelow		n	B	a place of prayer, a chapel		ammel 'pray' + -ow (place)	*amm-	ammel+ow	LUMM+zig (252) + o w	@ammel+o.w	tier3-sys	
O0028	ammelyl		n	S	an invocation, a prayer; The Invocation; praying; the act of praying		ammel 'pray' + -Ol (verbal noun)	*amm-	ammel+Ol	LUMM+zig (252) + O l	@ammel+O.l	tier3	invocation
O0029	anth	anthos	v	B	lower	lower	*aʔnth- 'lower' (reserve, ancestor §3.3): Hal anthos > anth	*aʔnth-	*aʔnth-		letters: a.n.th	reserve	
O0030	anthard		n	B	one who lowers		anth 'lower' + -Ard (agent)	*aʔnth-	anth+Ard		letters: a.n.th.A.r.d	tier3-sys	
O0031	anthat		adj	B	lowered (the participle)		anth 'lower' + -At (participle)	*aʔnth-	anth+At		letters: a.n.th.A.t	tier3-sys	
O0032	anthol		n	B	lowering; the act of lowering		anth 'lower' + -Ol (verbal noun)	*aʔnth-	anth+Ol		letters: a.n.th.O.l	tier3-sys	
O0033	arra	arrā	n	B	a guest	a guest	*arr-aʔ 'the two at a threshold, the guest and the host': *arr-aʔ > Hal arrā > arra (O1,H3)	*arr-aʔ	*arr-aʔ	ODH+door (60)	@arra	canon	guest
O0034	arraharal		n	B	the guest-law (one who kneels at your door is under your roof)		arra 'a guest' + S haral 'an order' (compound: the head softened, §3.10)	*arr-aʔ, *haral-	arra^haral	ODH+door (60) · TRENN+notch (55)	@arra@haral	tier3	
O0035	arran		n	B	the guests		arra 'a guest' + -an (collective, 'the folk of')	*arr-aʔ	arra+an	ODH+door (60) + a n	@arra+a.n	tier3-sys	
O0036	arrel		n	S	little guest, dear guest		arra 'a guest' + -el (singulative, 'little')	*arr-aʔ	arra+el	ODH+door (60) + e l	@arra+e.l	tier3-sys	
O0037	arroth		n	B	guesthood, the guest's right		arra 'a guest' + -Oth (abstract)	*arr-aʔ	arra+Oth	ODH+door (60) + O th	@arra+O.th	tier3-sys	
O0038	Aske	askea	name	S	Aske	Aske	*askeʔa > Hal askea > aske (O1,H2); a name: names are names (no sense given)		*askeʔa		a.s.k.e	canon	Aske
O0039	baecar	bēcaros	adj	B	well made, well done	well made, well done	*beikar- 'well made, well done' (reserve, ancestor §3.3): Hal bēcaros > baecar	*beikar-	*beikar-		letters: b.a.e.k.a.r	reserve	
O0040	baecaroth		n	B	the quality of being well made		baecar 'well made, well done' + -Oth (abstract)	*beikar-	baecar+Oth		letters: b.a.e.k.a.r.O.th	tier3-sys	
O0041	baeg	bēgis	adj	S	bright; clear	bright	*baig- 'bright' (reserve, ancestor §3.3): Hal bēgis > baeg	*baig-	*baig-	ORL+star (149)	@baeg	reserve	clear
O0042	baegel		adj	S	brightish, gleaming		baeg 'bright' + -el (singulative, 'little')	*baig-	baeg+el	ORL+star (149) + e l	@baeg+e.l	tier3-sys	
O0043	baegow		n	B	a bright place, a clearing		baeg 'bright' + -ow (place)	*baig-	baeg+ow	ORL+star (149) + o w	@baeg+o.w	tier3-sys	
O0044	baegyth		n	S	light, brightness; brightness; the quality of being bright		baeg 'bright' + -Oth (abstract)	*baig-	baeg+Oth	ORL+star (149) + O th	@baeg+O.th	tier3	light
O0045	baegyth dhymorn		n	B	torchlight		a phrase: baegyth light + dhymorn S·torch	*baig-, *teumorn-	phrase	ORL+star (149) + O th · VORR+course (161)	@baeg+O.th @tymorn	tier3	torchlight
O0046	baegyth myst		n	S	the between-light (the light of the grey)		a phrase: baegyth light + myst sea-fog	*baig-, *mus-	phrase	ORL+star (149) + O th · WADH+fade (302)	@baeg+O.th @myst	tier3	
O0047	baegyth reller		n	S	lamplight (the brightness of a lamp)		a phrase: baegyth light + reller S·lamp	*baig-, *greller-	phrase	ORL+star (149) + O th · ODH+star (61)	@baeg+O.th @greller	tier3	lamplight
O0048	baek	bēkis	n	S	a lid, a cover	a lid, a cover	*beʔk- 'a lid, a cover' (reserve, ancestor §3.3): Hal bēkis > baek	*beʔk-	*beʔk-	TOLM+gap (14)	@baek	reserve	lid
O0049	baekel		n	S	a small lid; a single lid		baek 'a lid, a cover' + -el (singulative, 'little')	*beʔk-	baek+el	TOLM+gap (14) + e l	@baek+e.l	tier3-sys	
O0050	baeken		adj	S	of lids; lid-like		baek 'a lid, a cover' + -en ('of, belonging to')	*beʔk-	baek+en	TOLM+gap (14) + e n	@baek+e.n	tier3-sys	
O0051	bamm	bammos	v	B	pull; draw, pull	pull	*baʔmm- 'pull' (reserve, ancestor §3.3): Hal bammos > bamm	*baʔmm-	*baʔmm-	GARL+three (228)	@bamm	reserve	draw
O0052	bammard		n	B	one who pulls		bamm 'pull' + -Ard (agent)	*baʔmm-	bamm+Ard	GARL+three (228) + A r d	@bamm+A.r.d	tier3-sys	
O0053	bammat		adj	B	pulled (the participle)		bamm 'pull' + -At (participle)	*baʔmm-	bamm+At	GARL+three (228) + A t	@bamm+A.t	tier3-sys	
O0054	bammol		n	B	pulling; the act of pulling		bamm 'pull' + -Ol (verbal noun)	*baʔmm-	bamm+Ol	GARL+three (228) + O l	@bamm+O.l	tier3-sys	
O0055	begess	begessos	n	S	an age, a long time	an age, a long time	*begess- 'an age, a long time' (reserve, ancestor §3.3): Hal begessos > begess	*begess-	*begess-		letters: b.e.g.e.s.s	reserve	age
O0056	begessen		adj	S	age-old		begess 'an age, a long time' + -en ('of, belonging to')	*begess-	begess+en		letters: b.e.g.e.s.s.e.n	tier3-sys	
O0057	begorn	begornos	n	B	a watcher on a height; a lookout	a watcher on a height	*begorn- 'a watcher on a height' (reserve, ancestor §3.3): Hal begornos > begorn	*begorn-	*begorn-	PAR+rim (96)	@begorn	reserve	lookout
O0058	begornan		n	B	the lookouts		begorn 'a watcher on a height' + -an (collective, 'the folk of')	*begorn-	begorn+an	PAR+rim (96) + a n	@begorn+a.n	tier3-sys	
O0059	begorndhaldow		n	B	a lookout-tower		begorn 'a watcher on a height' + S taldow 'a tower, a high place' (compound: the head softened, §3.10)	*begorn-, *tol-	begorn^taldow	PAR+rim (96) · HALD+rim (26)	@begorn@taldow	tier3	
O0060	begornel		n	S	little watcher on a height, dear watcher on a height		begorn 'a watcher on a height' + -el (singulative, 'little')	*begorn-	begorn+el	PAR+rim (96) + e l	@begorn+e.l	tier3-sys	
O0061	bell	bellis	adj,n	S	gold, golden	gold, golden	*bell- 'golden': *bell-i-s > Hal bellis > bell (H2)	*bell-	*bell-i-s	ORL+drop (142)	@bell	canon	gold
O0062	bellel		adj	S	goldish, pale gold		bell 'gold, golden' + -el (singulative, 'little')	*bell-	bell+el	ORL+drop (142) + e l	@bell+e.l	tier3-sys	
O0063	bellet		adj	S	gilded ('provided with X': -At on a noun)		bell 'gold, golden' + -At (participle)	*bell-	bell+At	ORL+drop (142) + A t	@bell+A.t	tier3-sys	
O0064	bellyth		n	S	the quality of being gold		bell 'gold, golden' + -Oth (abstract)	*bell-	bell+Oth	ORL+drop (142) + O th	@bell+O.th	tier3-sys	
O0065	bemm	bemmos	v	S	lift	lift	*beʔmm- 'lift' (reserve, ancestor §3.3): Hal bemmos > bemm	*beʔmm-	*beʔmm-	PAR+lone (101)	@bemm	reserve	lift
O0066	bemmerd		n	S	a crane ('lifter'); one who lifts		bemm 'lift' + -Ard (agent)	*beʔmm-	bemm+Ard	PAR+lone (101) + A r d	@bemm+A.r.d	tier3	crane
O0067	bemmet		adj	S	lifted (the participle)		bemm 'lift' + -At (participle)	*beʔmm-	bemm+At	PAR+lone (101) + A t	@bemm+A.t	tier3-sys	
O0068	bemmyl		n	S	lifting; the act of lifting		bemm 'lift' + -Ol (verbal noun)	*beʔmm-	bemm+Ol	PAR+lone (101) + O l	@bemm+O.l	tier3-sys	
O0069	Bena	benā	name	B	Bena (the first builder of Aldwena)	Bena (the first builder of Aldwena)	*ben-aʔ > Hal benā > bena (O1,H3); a name: names are names (no sense given)		*ben-aʔ		b.e.n.a	canon	
O0070	berd	berdos	adj,v	S	brave, bold; dare	brave, bold	*berd- 'brave, bold' (reserve, ancestor §3.3): Hal berdos > berd	*berd-	*berd-		letters: b.e.r.d	reserve	bold, brave, dare
O0071	berdan		n	B	the brave		berd 'brave, bold' + -an (collective, 'the folk of')	*berd-	berd+an		letters: b.e.r.d.a.n	tier3-sys	
O0072	berderd		n	S	one who dares; a brave one, a hero		berd 'brave, bold' + -Ard (agent)	*berd-	berd+Ard		letters: b.e.r.d.A.r.d	tier3-sys	
O0073	berdet		adj	S	dared (the participle)		berd 'brave, bold' + -At (participle)	*berd-	berd+At		letters: b.e.r.d.A.t	tier3-sys	
O0074	berdyl		n	S	daring; the act of daring		berd 'brave, bold' + -Ol (verbal noun)	*berd-	berd+Ol		letters: b.e.r.d.O.l	tier3-sys	
O0075	berdyth		n	S	braveness; the quality of being brave		berd 'brave, bold' + -Oth (abstract)	*berd-	berd+Oth		letters: b.e.r.d.O.th	tier3-sys	
O0076	besk	beskis	n	S	a stranger, one from beyond; an intruder; an outsider	a stranger, one from beyond	*bask- 'a stranger, one from beyond' (reserve, ancestor §3.3): Hal beskis > besk	*bask-	*bask-	ULD+rim (244)	@besk	reserve	intruder, outsider, stranger
O0077	beskan		n	B	the strangers, the foreign folk		besk 'a stranger, one from beyond' + -an (collective, 'the folk of')	*bask-	besk+an	ULD+rim (244) + a n	@besk+a.n	tier3-sys	
O0078	beskel		n	S	little stranger, dear stranger		besk 'a stranger, one from beyond' + -el (singulative, 'little')	*bask-	besk+el	ULD+rim (244) + e l	@besk+e.l	tier3-sys	
O0079	beskyth		n	S	strangeness, the state of a stranger		besk 'a stranger, one from beyond' + -Oth (abstract)	*bask-	besk+Oth	ULD+rim (244) + O th	@besk+O.th	tier3-sys	
O0080	bethir	bethiros	v,n	S	doubt	doubt	*bathir- 'doubt' (reserve, ancestor §3.3): Hal bethiros > bethir	*bathir-	*bathir-	TUM+fork (128)	@bethir	reserve	doubt
O0081	bethirerd		n	S	one who doubts		bethir 'doubt' + -Ard (agent)	*bathir-	bethir+Ard	TUM+fork (128) + A r d	@bethir+A.r.d	tier3-sys	
O0082	bethiret		adj	S	doubted (the participle)		bethir 'doubt' + -At (participle)	*bathir-	bethir+At	TUM+fork (128) + A t	@bethir+A.t	tier3-sys	
O0083	bethiryl		n	S	doubting; the act of doubting		bethir 'doubt' + -Ol (verbal noun)	*bathir-	bethir+Ol	TUM+fork (128) + O l	@bethir+O.l	tier3-sys	
O0084	birnenn	birnennos	n	S	a trowel	a trowel	*birneinn- 'a trowel' (reserve, ancestor §3.3): Hal birnennos > birnenn	*birneinn-	*birneinn-	GARL+rim (224)	@birnenn	reserve	trowel
O0085	birnennel		n	S	a small trowel; a single trowel		birnenn 'a trowel' + -el (singulative, 'little')	*birneinn-	birnenn+el	GARL+rim (224) + e l	@birnenn+e.l	tier3-sys	
O0086	birnennen		adj	S	of trowels; trowel-like		birnenn 'a trowel' + -en ('of, belonging to')	*birneinn-	birnenn+en	GARL+rim (224) + e n	@birnenn+e.n	tier3-sys	
O0087	birnennerd		n	S	a trowel-man, a layer ('the one of the trowel')		birnenn 'a trowel' + -Ard (agent)	*birneinn-	birnenn+Ard	GARL+rim (224) + A r d	@birnenn+A.r.d	tier3-sys	
O0088	bisk	biskos	n	S	the head; (of a word-sign) its head: the mark a word-sign stands on; a crown (the head of a hull or a tree); a head; the top	the head; (of a word-sign) its head: the mark a word-sign stands on	*bisk- 'the head' (reserve, ancestor §3.3): Hal biskos > bisk	*bisk-	*bisk-	VESK+cope (236)	@bisk	reserve	crown, head, top
O0089	biskan		n	B	a head-count, a muster		bisk 'the head' + -an (collective, 'the folk of')	*bisk-	bisk+an	VESK+cope (236) + a n	@bisk+a.n	tier3-sys	
O0090	biskel		n	S	a small head; a single head		bisk 'the head' + -el (singulative, 'little')	*bisk-	bisk+el	VESK+cope (236) + e l	@bisk+e.l	tier3-sys	
O0091	bisken		adj	S	of heads; head-like		bisk 'the head' + -en ('of, belonging to')	*bisk-	bisk+en	VESK+cope (236) + e n	@bisk+e.n	tier3-sys	
O0092	bisket		adj	S	headed, crowned ('provided with X': -At on a noun)		bisk 'the head' + -At (participle)	*bisk-	bisk+At	VESK+cope (236) + A t	@bisk+A.t	tier3-sys	
O0093	biskhovv		n	B	a hood ('head-cloak')		bisk 'the head' + S covv 'a cloak' (compound: the head softened, §3.10)	*bisk-, *koff-	bisk^covv	VESK+cope (236) · ULD+cope (242)	@bisk@covv	tier3	hood
O0094	bisklern		n	S	a forehead ('head-face')		bisk 'the head' + S lern 'the face' (compound: the head softened, §3.10)	*bisk-, *leirn-	bisk^lern	VESK+cope (236) · VESK+rim (230)	@bisk@lern	tier3	forehead
O0095	bisksceth		n	S	a crown-hull		bisk 'the head' + S sceth 'a ship, a hull' (compound: the head softened, §3.10)	*bisk-, *skeθ-	bisk^sceth	VESK+cope (236) · SCETH (173)	@bisk@sceth	tier3	crown-hulls
O0096	biskyann		n	B	a neck ('head-post')		bisk 'the head' + S gann 'a post, an upright' (compound: the head softened, §3.10)	*bisk-, *gann-	bisk^gann	VESK+cope (236) · GANNA+lone (285)	@bisk@gann	tier3	neck
O0097	bith	bithis	adj	S	hot	hot	*bith- 'hot' (reserve, ancestor §3.3): Hal bithis > bith	*bith-	*bith-	VORR+wedge (162)	@bith	reserve	hot
O0098	bithel		adj	S	warmish		bith 'hot' + -el (singulative, 'little')	*bith-	bith+el	VORR+wedge (162) + e l	@bith+e.l	tier3-sys	
O0099	bithlern		n	S	the south ('hot side')		bith 'hot' + S lern 'the face' (compound: the head softened, §3.10)	*bith-, *leirn-	bith^lern	VORR+wedge (162) · VESK+rim (230)	@bith@lern	tier3	south
O0100	bithow		n	B	a hot place		bith 'hot' + -ow (place)	*bith-	bith+ow	VORR+wedge (162) + o w	@bith+o.w	tier3-sys	
O0101	bithyth		n	S	hotness; the quality of being hot		bith 'hot' + -Oth (abstract)	*bith-	bith+Oth	VORR+wedge (162) + O th	@bith+O.th	tier3-sys	
O0102	blenth	blenthos	n	S	bread	bread	*bleʔnth- 'bread' (reserve, ancestor §3.3): Hal blenthos > blenth	*bleʔnth-	*bleʔnth-	ODH+bough (70)	@blenth	reserve	bread
O0103	blenthen		adj	S	of bread		blenth 'bread' + -en ('of, belonging to')	*bleʔnth-	blenth+en	ODH+bough (70) + e n	@blenth+e.n	tier3-sys	
O0104	blentherd		n	S	a baker ('the one of the bread')		blenth 'bread' + -Ard (agent)	*bleʔnth-	blenth+Ard	ODH+bough (70) + A r d	@blenth+A.r.d	tier3-sys	
O0105	blenthow		n	B	a bakehouse		blenth 'bread' + -ow (place)	*bleʔnth-	blenth+ow	ODH+bough (70) + o w	@blenth+o.w	tier3-sys	
O0106	bont	bontos	adj,adv,v	B	loud; loudly; ring, resound	loud	*boʔnt- 'loud' (reserve, ancestor §3.3): Hal bontos > bont	*boʔnt-	*boʔnt-		letters: b.o.n.t	reserve	loud, loudly, ring
O0107	bontard		n	B	one who rings or resounds; a loud one, a brawler		bont 'loud' + -Ard (agent)	*boʔnt-	bont+Ard		letters: b.o.n.t.A.r.d	tier3-sys	
O0108	bontat		adj	B	ringed, resounded (the participle)		bont 'loud' + -At (participle)	*boʔnt-	bont+At		letters: b.o.n.t.A.t	tier3-sys	
O0109	bontel		adj	S	loudish		bont 'loud' + -el (singulative, 'little')	*boʔnt-	bont+el		letters: b.o.n.t.e.l	tier3-sys	
O0110	bontol		n	B	ringing; resounding; the act of ringing		bont 'loud' + -Ol (verbal noun)	*boʔnt-	bont+Ol		letters: b.o.n.t.O.l	tier3-sys	
O0111	bontoth		n	B	loudness; the quality of being loud		bont 'loud' + -Oth (abstract)	*boʔnt-	bont+Oth		letters: b.o.n.t.O.th	tier3-sys	
O0112	bosk	boskos	v	B	(v.) attack	(v.) attack	*bosk- 'fall upon': *bosk-o-s > Hal boskos > bosk (H2)	*bosk-	*bosk-o-s	CRESK+course (78)	@bosk	canon	attack
O0113	boskard		n	B	one who attacks		bosk 'attack' + -Ard (agent)	*bosk-	bosk+Ard	CRESK+course (78) + A r d	@bosk+A.r.d	tier3-sys	
O0114	boskat		adj	B	attacked (the participle)		bosk 'attack' + -At (participle)	*bosk-	bosk+At	CRESK+course (78) + A t	@bosk+A.t	tier3-sys	
O0115	boskol		n	B	attacking; the act of attacking		bosk 'attack' + -Ol (verbal noun)	*bosk-	bosk+Ol	CRESK+course (78) + O l	@bosk+O.l	tier3-sys	
O0116	bost	bostos	num	B	four hundred; a thousand (loosely: 'a great heap', four hundred)	four hundred	*bost- 'a great heap': *bost-o-s > Hal bostos > bost (H2)	*bost-	*bost-o-s		%b	canon	thousand
O0117	bost lusul		n	B	a mile (four hundred paces)		a phrase: bost four.hundred + lusul step	*bost-, *lusul-	phrase		%b letters: l.u.s.u.l	tier3	mile
O0118	bostast		num	B	four-hundredth (the ordinal)		bost 'four hundred' + -Ast (ordinal)	*bost-	bost+Ast		letters: b.o.s.t.A.s.t	tier3-sys	
O0119	braemur	brēmuros	n	B	ale	ale	*braimur- 'ale' (reserve, ancestor §3.3): Hal brēmuros > braemur	*braimur-	*braimur-		letters: b.r.a.e.m.u.r	reserve	ale
O0120	braemurard		n	B	an alewife, a brewer ('the one of the ale')		braemur 'ale' + -Ard (agent)	*braimur-	braemur+Ard		letters: b.r.a.e.m.u.r.A.r.d	tier3-sys	
O0121	braemuren		adj	S	of ale		braemur 'ale' + -en ('of, belonging to')	*braimur-	braemur+en		letters: b.r.a.e.m.u.r.e.n	tier3-sys	
O0122	braemurow		n	B	an alehouse		braemur 'ale' + -ow (place)	*braimur-	braemur+ow		letters: b.r.a.e.m.u.r.o.w	tier3-sys	
O0123	bramm	brammos	n,v	B	a gun ('the roarer'); a gun; fire (a gun); shoot, fire	a gun ('the roarer'); a gun	*bramm- 'a roar': *bramm-o-s > Hal brammos > bramm (H2)	*bramm-	*bramm-o-s	CRESK+star (79)	@bramm	canon	fire, gun, shoot
O0124	bramman		n	B	a battery	a battery	canon formation: bramm + -an (a battery)		bramm+-an	CRESK+star (79) + a n	@bramm+a.n	canon	battery
O0125	brammard		n	B	one who fires; a gunner ('the one of the gun')		bramm 'a gun' + -Ard (agent)	*bramm-	bramm+Ard	CRESK+star (79) + A r d	@bramm+A.r.d	tier3-sys	
O0126	brammat		adj	B	fired (the participle)		bramm 'a gun' + -At (participle)	*bramm-	bramm+At	CRESK+star (79) + A t	@bramm+A.t	tier3-sys	
O0127	brammol		n	B	firing; the act of firing		bramm 'a gun' + -Ol (verbal noun)	*bramm-	bramm+Ol	CRESK+star (79) + O l	@bramm+O.l	tier3-sys	
O0128	brammol helv		n	S	thunder (the roaring of the sky)		a phrase: brammol firing + helv sky	*bramm-, *half-	phrase	CRESK+star (79) + O l · ORL+cope (141)	@bramm+O.l @helv	tier3	thunder
O0129	brammow		n	B	a gun-emplacement, a gun-pit		bramm 'a gun' + -ow (place)	*bramm-	bramm+ow	CRESK+star (79) + o w	@bramm+o.w	tier3-sys	
O0130	brammvedh		n	S	a gunshot		bramm 'a gun' + S pedh 'a shot' (compound: the head softened, §3.10)	*bramm-, *peð-	bramm^pedh	CRESK+star (79) · CRESK+lone (80)	@bramm@pedh	tier3	
O0131	brammyarl		n	B	a gun-crew ('gun-hands')		bramm 'a gun' + S garl 'a hand' (compound: the head softened, §3.10)	*bramm-, *garl-	bramm^garl	CRESK+star (79) · GARL (213)	@bramm@garl	tier3	
O0132	breller	brellēris	n	S	a keel	a keel	*brelleir- 'a keel' (reserve, ancestor §3.3): Hal brellēris > breller	*brelleir-	*brelleir-	SCETH+course (178)	@breller	reserve	keel
O0133	brellerel		n	S	a small keel; a single keel		breller 'a keel' + -el (singulative, 'little')	*brelleir-	breller+el	SCETH+course (178) + e l	@breller+e.l	tier3-sys	
O0134	brelleren		adj	S	of keels; keel-like		breller 'a keel' + -en ('of, belonging to')	*brelleir-	breller+en	SCETH+course (178) + e n	@breller+e.n	tier3-sys	
O0135	brellerow		n	B	a slipway		breller 'a keel' + -ow (place)	*brelleir-	breller+ow	SCETH+course (178) + o w	@breller+o.w	tier3-sys	
O0136	brellir	brelliros	n	S	a joint between stones; a hinge	a joint between stones	*brallir- 'a joint between stones' (reserve, ancestor §3.3): Hal brelliros > brellir	*brallir-	*brallir-	HALD+zig (38)	@brellir	reserve	hinge, joint
O0137	brellirel		n	S	a small joint between stones; a single joint between stones		brellir 'a joint between stones' + -el (singulative, 'little')	*brallir-	brellir+el	HALD+zig (38) + e l	@brellir+e.l	tier3-sys	
O0138	brelliren		adj	S	of joint between stoneses; joint between stones-like		brellir 'a joint between stones' + -en ('of, belonging to')	*brallir-	brellir+en	HALD+zig (38) + e n	@brellir+e.n	tier3-sys	
O0139	brellirlodh		n	B	the mortar of a joint, pointing		brellir 'a joint between stones' + S lodh 'mortar' (compound: the head softened, §3.10)	*brallir-, *loð-	brellir^lodh	HALD+zig (38) · LODH (291)	@brellir@lodh	tier3	
O0140	bremm	bremmos	n	S	autumn, the gathering-in	autumn, the gathering-in	*breʔmm- 'autumn, the gathering-in' (reserve, ancestor §3.3): Hal bremmos > bremm	*breʔmm-	*breʔmm-		letters: b.r.e.m.m	reserve	autumn
O0141	bremmen		adj	S	autumnal		bremm 'autumn, the gathering-in' + -en ('of, belonging to')	*breʔmm-	bremm+en		letters: b.r.e.m.m.e.n	tier3-sys	
O0142	Brenn	brennos	name	S	Brenn: a name. Names are names; by the laws alone it would be 'mouth'	Brenn: a name. Names are names; by the laws alone it would be 'mouth'	*bro- / bra- / bre- 'utter': *brenn-o-s > Hal brennos > brenn (H2); a name: names are names (no sense given)	*bro-	*brenn-o-s		b.r.e.n.n	canon	Brenn
O0143	brenth	brenthis	n	S	coal	coal	*branθ- 'an ember': *branth-i-s > Hal brenthis > brenth (O3,H2)	*branθ-	*branth-i-s	VORR+still (155)	@brenth	canon	coal
O0144	brenthen		adj	S	of coal		brenth 'coal' + -en ('of, belonging to')	*branθ-	brenth+en	VORR+still (155) + e n	@brenth+e.n	tier3-sys	
O0145	brenthromm		adj	B	coal-black		brenth 'coal' + S domm 'black' (compound: the head softened, §3.10)	*branθ-, *domm-	brenth^domm	VORR+still (155) · TOLM+fade (13)	@brenth@domm	tier3	coal-black
O0146	bresk	breskis	n	S	a chisel	a chisel	*brask- 'a biting edge': *brask-i-s > Hal breskis > bresk (O3,H2)	*brask-	*brask-i-s	GARL+cut (219)	@bresk	canon	chisel
O0147	breskel		n	S	a small chisel; a single chisel		bresk 'a chisel' + -el (singulative, 'little')	*brask-	bresk+el	GARL+cut (219) + e l	@bresk+e.l	tier3-sys	
O0148	bresken		adj	S	of chisels; chisel-like		bresk 'a chisel' + -en ('of, belonging to')	*brask-	bresk+en	GARL+cut (219) + e n	@bresk+e.n	tier3-sys	
O0149	breskyaldat		n	B	chisel-work		bresk 'a chisel' + S galdat 'a building, a work' (compound: the head softened, §3.10)	*brask-, *gal-	bresk^galdat		letters: b.r.e.s.k.y.a.l.d.a.t	tier3	chisel-work
O0150	bress	bressis	n	S	a month, a moon's turn	a month, a moon's turn	*breʔss- 'a month, a moon's turn' (reserve, ancestor §3.3): Hal bressis > bress	*breʔss-	*breʔss-		letters: b.r.e.s.s	reserve	month
O0151	brid	bridos	adj,v	S	cold; cool	cold	*brid- 'cold' (reserve, ancestor §3.3): Hal bridos > brid	*brid-	*brid-		letters: b.r.i.d	reserve	cold, cool
O0152	bridel		adj	S	coolish, chill		brid 'cold' + -el (singulative, 'little')	*brid-	brid+el		letters: b.r.i.d.e.l	tier3-sys	
O0153	briderd		n	S	one who cools		brid 'cold' + -Ard (agent)	*brid-	brid+Ard		letters: b.r.i.d.A.r.d	tier3-sys	
O0154	bridet		adj	S	cooled (the participle)		brid 'cold' + -At (participle)	*brid-	brid+At		letters: b.r.i.d.A.t	tier3-sys	
O0155	bridlern		n	S	the north ('cold side')		brid 'cold' + S lern 'the face' (compound: the head softened, §3.10)	*brid-, *leirn-	brid^lern		letters: b.r.i.d.l.e.r.n	tier3	north
O0156	bridlernen		adj	S	northern		brid 'cold' + S lern 'the face' + -en ('of, belonging to') (compound: the head softened, §3.10)	*brid-, *leirn-	brid^lern+en		letters: b.r.i.d.l.e.r.n.e.n	tier3	northern
O0157	bridow		n	B	a cold place		brid 'cold' + -ow (place)	*brid-	brid+ow		letters: b.r.i.d.o.w	tier3-sys	
O0158	bridyl		n	S	cooling; the act of cooling		brid 'cold' + -Ol (verbal noun)	*brid-	brid+Ol		letters: b.r.i.d.O.l	tier3-sys	
O0159	bridyth		n	S	coldness; the quality of being cold		brid 'cold' + -Oth (abstract)	*brid-	brid+Oth		letters: b.r.i.d.O.th	tier3-sys	
O0160	brint	brintos	n	S	a thorn	a thorn	*brint- 'a thorn' (reserve, ancestor §3.3): Hal brintos > brint	*brint-	*brint-	MESK+wedge (195)	@brint	reserve	
O0161	brintel		n	S	a small thorn; a single thorn		brint 'a thorn' + -el (singulative, 'little')	*brint-	brint+el	MESK+wedge (195) + e l	@brint+e.l	tier3-sys	
O0162	brinten		adj	S	of thorns; thorn-like		brint 'a thorn' + -en ('of, belonging to')	*brint-	brint+en	MESK+wedge (195) + e n	@brint+e.n	tier3-sys	
O0163	brintow		n	B	a thicket of thorns		brint 'a thorn' + -ow (place)	*brint-	brint+ow	MESK+wedge (195) + o w	@brint+o.w	tier3-sys	
O0164	brist	bristis	n	S	lightning	lightning	*brist- 'lightning' (reserve, ancestor §3.3): Hal bristis > brist	*brist-	*brist-	ORL+fork (151)	@brist	reserve	
O0165	broc	brākis	adj,v	B	dry; wither, dry up	dry	*braʔk- 'dry' (reserve, ancestor §3.3): Hal brākis > broc	*braʔk-	*braʔk-		letters: b.r.o.k	reserve	wither
O0166	brocard		n	B	one who withers or dries up		broc 'dry' + -Ard (agent)	*braʔk-	broc+Ard		letters: b.r.o.k.A.r.d	tier3-sys	
O0167	brocat		adj	B	withered, dried up (the participle)		broc 'dry' + -At (participle)	*braʔk-	broc+At		letters: b.r.o.k.A.t	tier3-sys	
O0168	broclinth		n	S	straw ('dry-grass')		broc 'dry' + S linth 'grass' (compound: the head softened, §3.10)	*braʔk-, *liʔnth-	broc^linth		letters: b.r.o.k.l.i.n.th	tier3	straw
O0169	brocol		n	B	withering; drying up; the act of withering		broc 'dry' + -Ol (verbal noun)	*braʔk-	broc+Ol		letters: b.r.o.k.O.l	tier3-sys	
O0170	brocoth		n	B	driness; the quality of being dry		broc 'dry' + -Oth (abstract)	*braʔk-	broc+Oth		letters: b.r.o.k.O.th	tier3-sys	
O0171	brocow		n	B	a dry place, a desert		broc 'dry' + -ow (place)	*braʔk-	broc+ow		letters: b.r.o.k.o.w	tier3-sys	
O0172	brod	brodos	n	B	a word	a word	*bro- / bra- / bre- 'utter': *brod-o-s > Hal brodos > brod (H2)	*bro-	*brod-o-s	BROD (197)	@brod	canon	word
O0173	brodan		n	B	a speech, a set of words		brod 'a word' + -an (collective, 'the folk of')	*bro-	brod+an	BROD (197) + a n	@brod+a.n	tier3-sys	
O0174	brodath		n	B	words; a speech (a plural with a sense of its own)		brod 'a word' + -Ath (plural)	*bro-	brod+Ath	BROD (197) + A th	@brod+A.th	tier3-sys	
O0175	brodath lodh		n	B	the mortar words ('the words of mortar'): the small words the dry cut leaves out	the mortar words ('the words of mortar'): the small words the dry cut leaves out	canon (orrowen_v2): brodath words + lodh mortar	*bro-, *loð-	phrase	BROD (197) + A th · LODH (291)	@brod+A.th @lodh	canon	
O0176	brodel		n	S	a syllable ('a small word'); a small word; a single word		brod 'a word' + -el (singulative, 'little')	*bro-	brod+el	BROD (197) + e l	@brod+e.l	tier3	syllable
O0177	broden		adj	S	of words; word-like		brod 'a word' + -en ('of, belonging to')	*bro-	brod+en	BROD (197) + e n	@brod+e.n	tier3-sys	
O0178	brodh	brodhos	v	B	(v.) put into words, tell, speak	(v.) put into words, tell, speak	*bro- / bra- / bre- 'utter': *brodh-o-s > Hal brodhos > brodh (H2)	*bro-	*brodh-o-s	BROD+course (198)	@brodh	canon	speak, tell
O0179	brodhard		n	B	a teller; one who puts into words or tells		brodh 'put into words, tell, speak' + -Ard (agent)	*bro-	brodh+Ard	BROD+course (198) + A r d	@brodh+A.r.d	tier3	teller
O0180	brodhat		adj,n	B	told; an expression, a thing put into words; put into words, told (the participle)	told	canon formation: brodh + -at (told)		brodh+-at	BROD+course (198) + A t	@brodh+A.t	canon	expression
O0181	brodhen		n	S	a speech, a tongue; a tongue (a speech)	a speech, a tongue	canon formation: brodh + -en (a speech, a tongue)		brodh+-en	BROD+course (198) + e n	@brodh+e.n	canon	speech, tongue
O0182	brodhen Orrow		n	B	the speech of the Shore: the formal name of Orrowen	the speech of the Shore: the formal name of Orrowen	canon (orrowen_v2): brodhen speech + Orrow Shore	*orr-	phrase	BROD+course (198) + e n · WADH+rim (310)	@brodh+e.n @orrow	canon	
O0183	brodhol		n	B	a telling; putting into words; telling; the act of putting into words		brodh 'put into words, tell, speak' + -Ol (verbal noun)	*bro-	brodh+Ol	BROD+course (198) + O l	@brodh+O.l	tier3	telling
O0184	brodlymm		v	S	translate ('word-carry': to carry words across)		brod 'a word' + S lymm 'bring' (compound: the head softened, §3.10)	*bro-, *luʔmm-	brod^lymm	BROD (197) · PAR+course (98)	@brod@lymm	tier3	translate
O0185	brodlymmerd		n	S	one who translates		brodlymm 'translate' + -Ard (agent)	*bro-, *luʔmm-	brodlymm+Ard	BROD (197) · PAR+course (98) + A r d	@brod@lymm+A.r.d	tier3-sys	
O0186	brodlymmet		adj	S	translated (the participle)		brodlymm 'translate' + -At (participle)	*bro-, *luʔmm-	brodlymm+At	BROD (197) · PAR+course (98) + A t	@brod@lymm+A.t	tier3-sys	
O0187	brodlymmyl		n	S	translating; the act of translating		brodlymm 'translate' + -Ol (verbal noun)	*bro-, *luʔmm-	brodlymm+Ol	BROD (197) · PAR+course (98) + O l	@brod@lymm+O.l	tier3-sys	
O0188	brodow		n	B	a mouth ('the word-place')		brod 'a word' + -ow (place)	*bro-	brod+ow	BROD (197) + o w	@brod+o.w	tier3	mouth
O0189	brodryt		n	S	a word cut in stone		brod 'a word' + S ryt 'a cut vow, an oath' (compound: the head softened, §3.10)	*bro-, *wrut-	brod^ryt	BROD (197) · TOLM+cut (8)	@brod@ryt	tier3	
O0190	brodyorr		v	B	argue, quarrel ('word-fight')		brod 'a word' + S gorr 'fight' (compound: the head softened, §3.10)	*bro-, *gorr-	brod^gorr	BROD (197) · CRESK+wedge (76)	@brod@gorr	tier3	argue
O0191	brodyorrard		n	B	one who argues or quarrels		brodyorr 'argue, quarrel' + -Ard (agent)	*bro-, *gorr-	brodyorr+Ard	BROD (197) · CRESK+wedge (76) + A r d	@brod@gorr+A.r.d	tier3-sys	
O0192	brodyorrat		adj	B	argued, quarreled (the participle)		brodyorr 'argue, quarrel' + -At (participle)	*bro-, *gorr-	brodyorr+At	BROD (197) · CRESK+wedge (76) + A t	@brod@gorr+A.t	tier3-sys	
O0193	brodyorrol		n	B	arguing; quarrelling; the act of arguing		brodyorr 'argue, quarrel' + -Ol (verbal noun)	*bro-, *gorr-	brodyorr+Ol	BROD (197) · CRESK+wedge (76) + O l	@brod@gorr+O.l	tier3-sys	
O0194	brokel		adj	S	dryish		broc 'dry' + -el (singulative, 'little')	*braʔk-	broc+el		letters: b.r.o.k.e.l	tier3-sys	
O0195	bront	brontos	n	B	a boulder	a boulder	*broʔnt- 'a boulder' (reserve, ancestor §3.3): Hal brontos > bront	*broʔnt-	*broʔnt-	TOLM+zig (16)	@bront	reserve	
O0196	brontel		n	S	a small boulder; a single boulder		bront 'a boulder' + -el (singulative, 'little')	*broʔnt-	bront+el	TOLM+zig (16) + e l	@bront+e.l	tier3-sys	
O0197	bronten		adj	S	of boulders; boulder-like		bront 'a boulder' + -en ('of, belonging to')	*broʔnt-	bront+en	TOLM+zig (16) + e n	@bront+e.n	tier3-sys	
O0198	brontow		n	B	a boulder-field		bront 'a boulder' + -ow (place)	*broʔnt-	bront+ow	TOLM+zig (16) + o w	@bront+o.w	tier3-sys	
O0199	brunn	brunnos	n	B	a mountain	a mountain	*brunn- 'a great height of land': *brunn-o-s > Hal brunnos > brunn (H2)	*brunn-	*brunn-o-s	BRUNN (318)	@brunn	canon	mountain
O0200	brunnan		n	B	a range of mountains; the mountain-folk		brunn 'a mountain' + -an (collective, 'the folk of')	*brunn-	brunn+an	BRUNN (318) + a n	@brunn+a.n	tier3-sys	
O0201	brunnel		n	S	a hill ('a small mountain'); a small mountain; a single mountain		brunn 'a mountain' + -el (singulative, 'little')	*brunn-	brunn+el	BRUNN (318) + e l	@brunn+e.l	tier3	hill
O0202	brunnen		adj	S	of mountains; mountain-like		brunn 'a mountain' + -en ('of, belonging to')	*brunn-	brunn+en	BRUNN (318) + e n	@brunn+e.n	tier3-sys	
O0203	brunnvard		n	B	a mountain-warden		brunn 'a mountain' + S pard 'a warden, a keeper' (compound: the head softened, §3.10)	*brunn-, *par-	brunn^pard		letters: b.r.u.n.n.v.a.r.d	tier3	
O0204	brynt	briuntos	n	S	a stump	a stump	*breunt- 'a stump' (reserve, ancestor §3.3): Hal briuntos > brynt	*breunt-	*breunt-	MESK+cope (190)	@brynt	reserve	stump
O0205	bryntel		n	S	a small stump; a single stump		brynt 'a stump' + -el (singulative, 'little')	*breunt-	brynt+el	MESK+cope (190) + e l	@brynt+e.l	tier3-sys	
O0206	brynten		adj	S	of stumps; stump-like		brynt 'a stump' + -en ('of, belonging to')	*breunt-	brynt+en	MESK+cope (190) + e n	@brynt+e.n	tier3-sys	
O0207	bryntow		n	B	a stump-field, a felled place		brynt 'a stump' + -ow (place)	*breunt-	brynt+ow	MESK+cope (190) + o w	@brynt+o.w	tier3-sys	
O0208	bunth	bunthos	n	B	a rope	a rope	*buʔnth- 'a rope' (reserve, ancestor §3.3): Hal bunthos > bunth	*buʔnth-	*buʔnth-		letters: b.u.n.th	reserve	rope
O0209	bunthard		n	B	a ropemaker ('the one of the rope')		bunth 'a rope' + -Ard (agent)	*buʔnth-	bunth+Ard		letters: b.u.n.th.A.r.d	tier3-sys	
O0210	bunthat		adj	B	roped ('provided with X': -At on a noun)		bunth 'a rope' + -At (participle)	*buʔnth-	bunth+At		letters: b.u.n.th.A.t	tier3-sys	
O0211	bunthel		n	S	a small rope; a single rope		bunth 'a rope' + -el (singulative, 'little')	*buʔnth-	bunth+el		letters: b.u.n.th.e.l	tier3-sys	
O0212	bunthen		adj	S	of ropes; rope-like		bunth 'a rope' + -en ('of, belonging to')	*buʔnth-	bunth+en		letters: b.u.n.th.e.n	tier3-sys	
O0213	buthar	butharis	v	B	anoint	anoint	*buthar- 'anoint' (reserve, ancestor §3.3): Hal butharis > buthar	*buthar-	*buthar-	LORR+cope (134)	@buthar	reserve	
O0214	butharard		n	B	one who anoints		buthar 'anoint' + -Ard (agent)	*buthar-	buthar+Ard	LORR+cope (134) + A r d	@buthar+A.r.d	tier3-sys	
O0215	butharat		adj	B	anointed (the participle)		buthar 'anoint' + -At (participle)	*buthar-	buthar+At	LORR+cope (134) + A t	@buthar+A.t	tier3-sys	
O0216	butharol		n	B	anointing; the act of anointing		buthar 'anoint' + -Ol (verbal noun)	*buthar-	buthar+Ol	LORR+cope (134) + O l	@buthar+O.l	tier3-sys	
O0217	bynd	biundos	n	S	a foe, one who comes against; an enemy	a foe, one who comes against	*beund- 'a foe, one who comes against' (reserve, ancestor §3.3): Hal biundos > bynd	*beund-	*beund-	CRESK+turn (87)	@bynd	reserve	enemy
O0218	byndan		n	B	the enemy host		bynd 'a foe, one who comes against' + -an (collective, 'the folk of')	*beund-	bynd+an	CRESK+turn (87) + a n	@bynd+a.n	tier3-sys	
O0219	byndel		n	S	little foe, dear foe		bynd 'a foe, one who comes against' + -el (singulative, 'little')	*beund-	bynd+el	CRESK+turn (87) + e l	@bynd+e.l	tier3-sys	
O0220	bynden		adj	S	hostile		bynd 'a foe, one who comes against' + -en ('of, belonging to')	*beund-	bynd+en	CRESK+turn (87) + e n	@bynd+e.n	tier3	hostile
O0221	byndyth		n	S	enmity		bynd 'a foe, one who comes against' + -Oth (abstract)	*beund-	bynd+Oth	CRESK+turn (87) + O th	@bynd+O.th	tier3-sys	
O0222	bynt	biuntos	adj	S	narrow; fine, thin	narrow	*beunt- 'narrow' (reserve, ancestor §3.3): Hal biuntos > bynt	*beunt-	*beunt-		letters: b.y.n.t	reserve	fine, thin
O0223	byntel		adj	S	slender		bynt 'narrow' + -el (singulative, 'little')	*beunt-	bynt+el		letters: b.y.n.t.e.l	tier3-sys	
O0224	byntyth		n	S	narrowness; the quality of being narrow		bynt 'narrow' + -Oth (abstract)	*beunt-	bynt+Oth		letters: b.y.n.t.O.th	tier3-sys	
O0225	bysk	byskis	v	S	tie, knot fast; bind, tie fast	tie, knot fast	*buʔsk- 'tie, knot fast' (reserve, ancestor §3.3): Hal byskis > bysk	*buʔsk-	*buʔsk-	TOVV+cup (170)	@bysk	reserve	bind, tie
O0226	byskerd		n	S	one who ties or knots fast		bysk 'tie, knot fast' + -Ard (agent)	*buʔsk-	bysk+Ard	TOVV+cup (170) + A r d	@bysk+A.r.d	tier3-sys	
O0227	bysket		n,adj	S	a knot; tangled; tied, knotted fast (the participle)		bysk 'tie, knot fast' + -At (participle)	*buʔsk-	bysk+At	TOVV+cup (170) + A t	@bysk+A.t	tier3	knot, tangle
O0228	byskyl		n	S	tying; knotting fast; the act of tying		bysk 'tie, knot fast' + -Ol (verbal noun)	*buʔsk-	bysk+Ol	TOVV+cup (170) + O l	@bysk+O.l	tier3-sys	
O0229	bystir	biustiris	n,v	S	a stair; to climb	a stair; to climb	*beustir- 'a stair' (reserve, ancestor §3.3): Hal biustiris > bystir	*beustir-	*beustir-	HALD+turn (35)	@bystir	reserve	stair
O0230	bystirow		n	B	a stairwell		bystir 'a stair' + -ow (place)	*beustir-	bystir+ow	HALD+turn (35) + o w	@bystir+o.w	tier3-sys	
O0231	bystirwisk		n	S	a stairhead		bystir 'a stair' + S bisk 'the head' (compound: the head softened, §3.10)	*beustir-, *bisk-	bystir^bisk	HALD+turn (35) · VESK+cope (236)	@bystir@bisk	tier3	
O0232	cadh	cadhos	v	B	lay (a stone, a course, a tale); (v.) lay a stone, a course, a tale; add, lay on; file (away), lay by; pave; put; set	lay (a stone, a course, a tale); (v.) lay a stone, a course, a tale	*kað- 'set down in its place, lay': *kadh-o-s > Hal cadhos > cadh (H2)	*kað-	*kadh-o-s	TRENN+still (43)	@cadh	canon	add, file, lay, pave, put, set
O0233	cadh trenn		v	S	lay a course; lay a tale (a scribe lays a line as a mason lays a course)	lay a course; lay a tale (a scribe lays a line as a mason lays a course)	canon (orrowen_v2): cadh lay + trenn course.of.stones	*kað-, *trenn-	phrase	TRENN+still (43) · TRENN (39)	@cadh @trenn	canon	
O0234	Cadhar o hosen re yal cadhat lor		phr	B	This we lay as it was laid for us		a phrase: Cadhar lay-1PL + o his/it(+S) + hosen as + re PST(+S) + yal S·be.PST + cadhat laid + lor at-1PL	*kað-, *o-, *hos-, *re, *gal-, *lo-	phrase	TRENN+still (43) · TRENN+still (43) + A t	@cadh letters: h.o.s.e.n @cadh+A.t	tier3	
O0235	cadhard		n	B	one who lays a stone		cadh 'lay' + -Ard (agent)	*kað-	cadh+Ard	TRENN+still (43) + A r d	@cadh+A.r.d	tier3-sys	
O0236	cadhat		adj	B	laid; laid a stone (the participle)	laid	canon formation: cadh + -at (laid)		cadh+-at	TRENN+still (43) + A t	@cadh+A.t	canon	
O0237	cadhol		n	B	a laying; laying a stone; the act of laying a stone; (et cadhol) the laying: the hour of the siege day when the Stonewrights raise and mend		cadh 'lay' + -Ol (verbal noun) [wf8: the sense '(et cadhol) the laying' added by unit S02]	*kað-	cadh+Ol	TRENN+still (43) + O l	@cadh+O.l	tier3	laying, the laying
O0238	Cadhom o hosen re yal cadhat lom		phr	B	This I lay as it was laid for me ('I lay it as it was laid at me')		a phrase: Cadhom lay-1SG + o his/it(+S) + hosen as + re PST(+S) + yal S·be.PST + cadhat laid + lom at-1SG	*kað-, *o-, *hos-, *re, *gal-, *lo-	phrase	TRENN+still (43) · TRENN+still (43) + A t	@cadh letters: h.o.s.e.n @cadh+A.t	tier3	
O0239	cadhow		n	B	a laying-course, a building-bed		cadh 'lay' + -ow (place)	*kað-	cadh+ow	TRENN+still (43) + o w	@cadh+o.w	tier3-sys	
O0240	cald	caldos	v	B	drag, haul	drag, haul	*kald- 'drag, haul' (reserve, ancestor §3.3): Hal caldos > cald	*kald-	*kald-	PAR+turn (102)	@cald	reserve	drag, haul
O0241	caldard		n	B	one who drags or hauls		cald 'drag, haul' + -Ard (agent)	*kald-	cald+Ard	PAR+turn (102) + A r d	@cald+A.r.d	tier3-sys	
O0242	caldat		adj	B	dragged, hauled (the participle)		cald 'drag, haul' + -At (participle)	*kald-	cald+At	PAR+turn (102) + A t	@cald+A.t	tier3-sys	
O0243	caldol		n	B	dragging; hauling; the act of dragging; (et caldol) the hauling: the hour of the siege day when the guns are dragged to where the Captain wants them		cald 'drag, haul' + -Ol (verbal noun) [wf8: the sense '(et caldol) the hauling' added by unit S02]	*kald-	cald+Ol	PAR+turn (102) + O l	@cald+O.l	tier3-sys	the hauling
O0244	caldow		n	B	a hauling-way, a slipway		cald 'drag, haul' + -ow (place)	*kald-	cald+ow	PAR+turn (102) + o w	@cald+o.w	tier3-sys	
O0245	carm	carmos	n,v	B	(n.) a call, a cry; (v.) cry out, call; cry, cry out; a voice	(n.) a call, a cry; (v.) cry out, call	*karm- 'cry out': *karm-o-s > Hal carmos > carm (H2)	*karm-	*karm-o-s	BROD+wedge (199)	@carm	canon	call, cry, voice
O0246	Carm et Lodhan		name	B	I.2 The Cry of the Bonded		a phrase: Carm call + et the + Lodhan Bonded	*karm-, *et-	phrase	BROD+wedge (199) · LODH (291) + a n	@carm @lodh+a.n	tier3	
O0247	carm hiser		n	S	a war-cry (the cry of an assault)		a phrase: carm call + hiser S·assault	*karm-, *kiser-	phrase	BROD+wedge (199) · HALD+wedge (29)	@carm @kiser	tier3	
O0248	carm yorrol		n	B	a battle-cry (the cry of fighting)		a phrase: carm call + yorrol S·war	*karm-, *gorr-	phrase	BROD+wedge (199) · CRESK+wedge (76) + O l	@carm @gorr+O.l	tier3	
O0249	carmard		n	B	one who cries out or calls		carm 'a call, a cry' + -Ard (agent)	*karm-	carm+Ard	BROD+wedge (199) + A r d	@carm+A.r.d	tier3-sys	
O0250	carmat		adj	B	cried out, called (the participle)		carm 'a call, a cry' + -At (participle)	*karm-	carm+At	BROD+wedge (199) + A t	@carm+A.t	tier3-sys	
O0251	carmol		n	B	crying out; calling; the act of crying out		carm 'a call, a cry' + -Ol (verbal noun)	*karm-	carm+Ol	BROD+wedge (199) + O l	@carm+O.l	tier3-sys	
O0252	carmwrod		n	B	a call-word, a password		carm 'a call, a cry' + S brod 'a word' (compound: the head softened, §3.10)	*karm-, *bro-	carm^brod	BROD+wedge (199) · BROD (197)	@carm@brod	tier3	
O0253	cathal	cathalis	n	B	sickness	sickness	*kathal- 'sickness' (reserve, ancestor §3.3): Hal cathalis > cathal	*kathal-	*kathal-		letters: k.a.th.a.l	reserve	sickness
O0254	cathalen		adj	S	sickly		cathal 'sickness' + -en ('of, belonging to')	*kathal-	cathal+en		letters: k.a.th.a.l.e.n	tier3-sys	
O0255	cedh	cedhi	pron	S	who?; who (asking)	who?	*ka-, wo- + -ð- 'which one?': *ka-dh-i > Hal cedhi > cedh (O3,H2)	*ka-, wo- + -ð-	*ka-dh-i		left out (a mortar word, D2)	canon	who
O0256	cemm	cemmis	v,n	S	(v.) meet; (n.) a meeting; agree ('meet': the tales do not meet); gather, come together	(v.) meet; (n.) a meeting	*kamm- 'come together': *kamm-i-s > Hal cemmis > cemm (O3,H2)	*kamm-	*kamm-i-s	TRENN+door (49)	@cemm	canon	agree, gather, meet
O0257	Cemm Hyll		n,name	S	Tidesmeet ('the meeting of the tide'); Tidesmeet (the meeting of the tide)	Tidesmeet ('the meeting of the tide')	canon formation: cemm + hyll (Tidesmeet)		cemm+hyll	TRENN+door (49) · WADH+turn (303)	@cemm @hyll	canon	Tidesmeet
O0258	cemmerd		n	S	one who meets		cemm 'meet' + -Ard (agent)	*kamm-	cemm+Ard	TRENN+door (49) + A r d	@cemm+A.r.d	tier3-sys	
O0259	cemmet		adj	S	met (the participle)		cemm 'meet' + -At (participle)	*kamm-	cemm+At	TRENN+door (49) + A t	@cemm+A.t	tier3-sys	
O0260	cemmow		n	B	a meeting-place		cemm 'meet' + -ow (place)	*kamm-	cemm+ow	TRENN+door (49) + o w	@cemm+o.w	tier3-sys	
O0261	cemmyl		n	S	a greeting, a meeting; meeting; the act of meeting		cemm 'meet' + -Ol (verbal noun)	*kamm-	cemm+Ol	TRENN+door (49) + O l	@cemm+O.l	tier3	greeting
O0262	clem	clemis	n	S	an hour	an hour	*klem- 'a stroke of time': *klem-i-s > Hal clemis > clem (H2)	*klem-	*klem-i-s	ORL+notch (138)	@clem	canon	hour
O0263	clemel		n	S	a minute, a moment ('a small hour')		clem 'an hour' + -el (singulative, 'little')	*klem-	clem+el	ORL+notch (138) + e l	@clem+e.l	tier3	minute, moment
O0264	clemen		adj	S	hourly		clem 'an hour' + -en ('of, belonging to')	*klem-	clem+en	ORL+notch (138) + e n	@clem+e.n	tier3-sys	
O0265	clenn	clennis	adj,v	S	(adj.) new; (v.) make new, mend; remake	(adj.) new; (v.) make new, mend	*klenn- 'fresh, not yet worn': *klenn-i-s > Hal clennis > clenn (H2)	*klenn-	*klenn-i-s	VENN+turn (266)	@clenn	canon	mend, new, remake
O0266	clennel		adj	S	newish, fresh		clenn 'new' + -el (singulative, 'little')	*klenn-	clenn+el	VENN+turn (266) + e l	@clenn+e.l	tier3-sys	
O0267	clennerd		n	S	one who makes new or mends		clenn 'new' + -Ard (agent)	*klenn-	clenn+Ard	VENN+turn (266) + A r d	@clenn+A.r.d	tier3-sys	
O0268	clennet		adj	S	made new, mended (the participle)		clenn 'new' + -At (participle)	*klenn-	clenn+At	VENN+turn (266) + A t	@clenn+A.t	tier3-sys	
O0269	clennyl		n	S	making new; mending; the act of making new		clenn 'new' + -Ol (verbal noun)	*klenn-	clenn+Ol	VENN+turn (266) + O l	@clenn+O.l	tier3-sys	
O0270	clennyth		n	S	newness; the quality of being new		clenn 'new' + -Oth (abstract)	*klenn-	clenn+Oth	VENN+turn (266) + O th	@clenn+O.th	tier3-sys	
O0271	clenth	clenthos	n	S	a seat, a chair	a seat, a chair	*kleinth- 'a seat, a chair' (reserve, ancestor §3.3): Hal clenthos > clenth	*kleinth-	*kleinth-		letters: k.l.e.n.th	reserve	chair
O0272	clenthel		n	S	a small seat; a single seat		clenth 'a seat, a chair' + -el (singulative, 'little')	*kleinth-	clenth+el		letters: k.l.e.n.th.e.l	tier3-sys	
O0273	clenthen		adj	S	of seats; seat-like		clenth 'a seat, a chair' + -en ('of, belonging to')	*kleinth-	clenth+en		letters: k.l.e.n.th.e.n	tier3-sys	
O0274	cless	clessos	n	S	a bank, a raised edge; an edge	a bank, a raised edge	*kleʔss- 'a bank, a raised edge' (reserve, ancestor §3.3): Hal clessos > cless	*kleʔss-	*kleʔss-		letters: k.l.e.s.s	reserve	bank, edge
O0275	cless vyst		n	S	a fog-bank (a bank of the grey)		a phrase: cless bank + vyst S·sea-fog	*kleʔss-, *mus-	phrase	WADH+fade (302)	letters: k.l.e.s.s @myst	tier3	fog-bank
O0276	clessel		n	S	a small bank; a single bank		cless 'a bank, a raised edge' + -el (singulative, 'little')	*kleʔss-	cless+el		letters: k.l.e.s.s.e.l	tier3-sys	
O0277	clessen		adj	S	of banks; bank-like		cless 'a bank, a raised edge' + -en ('of, belonging to')	*kleʔss-	cless+en		letters: k.l.e.s.s.e.n	tier3-sys	
O0278	comull	comullis	v	B	weave	weave	*komull- 'weave' (reserve, ancestor §3.3): Hal comullis > comull	*komull-	*komull-		letters: k.o.m.u.l.l	reserve	weave
O0279	comullard		n	B	one who weaves		comull 'weave' + -Ard (agent)	*komull-	comull+Ard		letters: k.o.m.u.l.l.A.r.d	tier3-sys	
O0280	comullat		adj	B	woven (the participle)		comull 'weave' + -At (participle)	*komull-	comull+At		letters: k.o.m.u.l.l.A.t	tier3-sys	
O0281	comullol		n	B	weaving; the act of weaving		comull 'weave' + -Ol (verbal noun)	*komull-	comull+Ol		letters: k.o.m.u.l.l.O.l	tier3-sys	
O0282	comullow		n	B	a weaving-shed		comull 'weave' + -ow (place)	*komull-	comull+ow		letters: k.o.m.u.l.l.o.w	tier3-sys	
O0283	Corlen	corlenos	name	S	Corlen (a cradle-name; no sense)	Corlen (a cradle-name; no sense)	*korlen-o-s > Hal corlenos > corlen (H2); a name: names are names (no sense given)		*korlen-o-s		k.o.r.l.e.n	canon	Corlen
O0284	covv	covvos	n,v	B	a cloak; wear	a cloak	*koff- 'a wrap': *koff-o-s > Hal covvos > covv (O4,H2)	*koff-	*koff-o-s	ULD+cope (242)	@covv	canon	cloak, wear
O0285	Covv Treskat		n,name	B	the Torn Cloak	the Torn Cloak	canon formation: covv + treskat (the Torn Cloak)		covv+treskat	ULD+cope (242) · CRESK+gap (74) + a t	@covv @tresk+a.t	canon	
O0286	covvard		n	B	one who wears		covv 'a cloak' + -Ard (agent)	*koff-	covv+Ard	ULD+cope (242) + A r d	@covv+A.r.d	tier3-sys	
O0287	covvat		adj	B	clad, cloaked; worn (the participle)		covv 'a cloak' + -At (participle)	*koff-	covv+At	ULD+cope (242) + A t	@covv+A.t	tier3	clad
O0288	covvel		n	S	a sleeve ('a small cloak')		covv 'a cloak' + -el (singulative, 'little')	*koff-	covv+el	ULD+cope (242) + e l	@covv+e.l	tier3	sleeve
O0289	covvol		n	B	wearing; the act of wearing		covv 'a cloak' + -Ol (verbal noun)	*koff-	covv+Ol	ULD+cope (242) + O l	@covv+O.l	tier3-sys	
O0290	crenn	crennos	n	S	a captain; the Captain; an officer	a captain; the Captain	*krenn- / krann- 'weighty': *krenn-o-s > Hal crennos > crenn (H2)	*krenn-	*krenn-o-s	PAR+cope (93)	@crenn	canon	captain, officer
O0291	crenn hest		n	S	a company captain (the captain of a company)		a phrase: crenn captain + hest S·company.of.soldiers	*krenn-, *kest-	phrase	PAR+cope (93) · CRESK+three (82)	@crenn @kest	tier3	
O0292	crenn hesteth		n	S	a general (the captain of companies)		a phrase: crenn captain + hesteth S·company.of.soldiers-PL	*krenn-, *kest-	phrase	PAR+cope (93) · CRESK+three (82)	@crenn @kest+A.th	tier3	general
O0293	Crenn Myst		n	S	a Mystarch; a Mystarch (captain of the grey)	a Mystarch	canon formation: crenn + myst (a Mystarch)		crenn+myst	PAR+cope (93) · WADH+fade (302)	@crenn @myst	canon	Mystarch
O0294	crennan		n	B	the captains		crenn 'a captain' + -an (collective, 'the folk of')	*krenn-	crenn+an	PAR+cope (93) + a n	@crenn+a.n	tier3-sys	
O0295	crennel		n	S	a sergeant ('a small captain'); little captain, dear captain		crenn 'a captain' + -el (singulative, 'little')	*krenn-	crenn+el	PAR+cope (93) + e l	@crenn+e.l	tier3	sergeant
O0296	Crenneth Myst		n	S	the Mystarchs		a phrase: Crenneth captain-PL + Myst sea-fog	*krenn-, *mus-	phrase	PAR+cope (93) · WADH+fade (302)	@crenn+A.th @myst	tier3	Mystarchs
O0297	crennyth		n	S	captaincy, command		crenn 'a captain' + -Oth (abstract)	*krenn-	crenn+Oth	PAR+cope (93) + O th	@crenn+O.th	tier3-sys	
O0298	crent	crentis	adj,v	S	cold; to freeze	cold; to freeze	*krant- 'cold' (reserve, ancestor §3.3): Hal crentis > crent	*krant-	*krant-		letters: k.r.e.n.t	reserve	freeze
O0299	crentel		adj	S	chilly		crent 'cold' + -el (singulative, 'little')	*krant-	crent+el		letters: k.r.e.n.t.e.l	tier3-sys	
O0300	crenterd		n	S	one who freezes		crent 'cold' + -Ard (agent)	*krant-	crent+Ard		letters: k.r.e.n.t.A.r.d	tier3-sys	
O0301	crentet		adj	S	frozen (the participle)		crent 'cold' + -At (participle)	*krant-	crent+At		letters: k.r.e.n.t.A.t	tier3-sys	
O0302	crentyl		n	S	freezing; the act of freezing		crent 'cold' + -Ol (verbal noun)	*krant-	crent+Ol		letters: k.r.e.n.t.O.l	tier3-sys	
O0303	crentyth		n	S	coldness; the quality of being cold		crent 'cold' + -Oth (abstract)	*krant-	crent+Oth		letters: k.r.e.n.t.O.th	tier3-sys	
O0304	crernil	crernilos	n	S	an arch	an arch	*krarnil- 'an arch' (reserve, ancestor §3.3): Hal crernilos > crernil	*krarnil-	*krarnil-	GANNA+rim (287)	@crernil	reserve	
O0305	crernilel		n	S	a small arch; a single arch		crernil 'an arch' + -el (singulative, 'little')	*krarnil-	crernil+el	GANNA+rim (287) + e l	@crernil+e.l	tier3-sys	
O0306	crernilen		adj	S	of arches; arch-like		crernil 'an arch' + -en ('of, belonging to')	*krarnil-	crernil+en	GANNA+rim (287) + e n	@crernil+e.n	tier3-sys	
O0307	cresk	creskis	v	S	break; burst; crumble	break	*krask- 'crack, break': *krask-i-s > Hal creskis > cresk (O3,H2)	*krask-	*krask-i-s	CRESK (73)	@cresk	canon	break, burst, crumble
O0308	creskerd		n	S	one who breaks		cresk 'break' + -Ard (agent)	*krask-	cresk+Ard	CRESK (73) + A r d	@cresk+A.r.d	tier3-sys	
O0309	cresket		adj	S	broken (the participle)		cresk 'break' + -At (participle)	*krask-	cresk+At	CRESK (73) + A t	@cresk+A.t	tier3-sys	
O0310	creskyl		n	S	breaking; the act of breaking		cresk 'break' + -Ol (verbal noun)	*krask-	cresk+Ol	CRESK (73) + O l	@cresk+O.l	tier3-sys	
O0311	crest	crestis	n	S	ice	ice	*krest- 'hard water, ice': *krest-i-s > Hal crestis > crest (H2)	*krest-	*krest-i-s	WADH+cope (308)	@crest	canon	ice
O0312	crestal	crestalis	n	B	a rib of a hull or a body	a rib of a hull or a body	*krestal- 'a rib of a hull or a body' (reserve, ancestor §3.3): Hal crestalis > crestal	*krestal-	*krestal-		letters: k.r.e.s.t.a.l	reserve	rib
O0313	crestalel		n	S	a small rib of a hull or a body; a single rib of a hull or a body		crestal 'a rib of a hull or a body' + -el (singulative, 'little')	*krestal-	crestal+el		letters: k.r.e.s.t.a.l.e.l	tier3-sys	
O0314	crestalen		adj	S	of rib of a hull or a bodies; rib of a hull or a body-like		crestal 'a rib of a hull or a body' + -en ('of, belonging to')	*krestal-	crestal+en		letters: k.r.e.s.t.a.l.e.n	tier3-sys	
O0315	cresten		adj	S	icy		crest 'ice' + -en ('of, belonging to')	*krest-	crest+en	WADH+cope (308) + e n	@crest+e.n	tier3-sys	
O0316	crestet		adj	S	iced over ('provided with X': -At on a noun)		crest 'ice' + -At (participle)	*krest-	crest+At	WADH+cope (308) + A t	@crest+A.t	tier3-sys	
O0317	crestnynth		n	S	meltwater		crest 'ice' + S nynth 'a spring, a well' (compound: the head softened, §3.10)	*krest-, *naunth-	crest^nynth		letters: k.r.e.s.t.n.y.n.th	tier3	
O0318	crestow		n	B	an ice-field		crest 'ice' + -ow (place)	*krest-	crest+ow	WADH+cope (308) + o w	@crest+o.w	tier3-sys	
O0319	crisur	crisuros	n	B	a roof	a roof	*krisur- 'a roof' (reserve, ancestor §3.3): Hal crisuros > crisur	*krisur-	*krisur-		letters: k.r.i.s.u.r	reserve	roof
O0320	crisur lurr		n	B	the canopy (the roof of the forest)		a phrase: crisur roof + lurr forest	*krisur-, *lurr-	phrase	MESK+three (187)	letters: k.r.i.s.u.r @lurr	tier3	canopy
O0321	crisurat		adj	B	roofed ('provided with X': -At on a noun)		crisur 'a roof' + -At (participle)	*krisur-	crisur+At		letters: k.r.i.s.u.r.A.t	tier3-sys	
O0322	crisurel		n	S	a small roof; a single roof		crisur 'a roof' + -el (singulative, 'little')	*krisur-	crisur+el		letters: k.r.i.s.u.r.e.l	tier3-sys	
O0323	crisuren		adj	S	of rooves; roof-like		crisur 'a roof' + -en ('of, belonging to')	*krisur-	crisur+en		letters: k.r.i.s.u.r.e.n	tier3-sys	
O0324	crisurstomorn		n	B	a roof-beam		crisur 'a roof' + S stomorn 'a beam' (compound: the head softened, §3.10)	*krisur-, *stomorn-	crisur^stomorn		letters: k.r.i.s.u.r.s.t.o.m.o.r.n	tier3	
O0325	crisurvesk		n	S	a roof-tree		crisur 'a roof' + S mesk 'a tree' (compound: the head softened, §3.10)	*krisur-, *mosk-	crisur^mesk		letters: k.r.i.s.u.r.v.e.s.k	tier3	roof-trees
O0326	crynir	criuniros	n	S	a plank; a board	a plank	*kreunir- 'a plank' (reserve, ancestor §3.3): Hal criuniros > crynir	*kreunir-	*kreunir-	MESK+cut (188)	@crynir	reserve	board, plank
O0327	cryniran		n	B	a planking, a deck of planks		crynir 'a plank' + -an (collective, 'the folk of')	*kreunir-	crynir+an	MESK+cut (188) + a n	@crynir+a.n	tier3-sys	
O0328	crynirel		n	S	a small plank; a single plank		crynir 'a plank' + -el (singulative, 'little')	*kreunir-	crynir+el	MESK+cut (188) + e l	@crynir+e.l	tier3-sys	
O0329	cryniren		adj	S	of planks; plank-like		crynir 'a plank' + -en ('of, belonging to')	*kreunir-	crynir+en	MESK+cut (188) + e n	@crynir+e.n	tier3-sys	
O0330	cryniret		adj	S	planked ('provided with X': -At on a noun)		crynir 'a plank' + -At (participle)	*kreunir-	crynir+At	MESK+cut (188) + A t	@crynir+A.t	tier3-sys	
O0331	crynirow		n	B	a plank-store		crynir 'a plank' + -ow (place)	*kreunir-	crynir+ow	MESK+cut (188) + o w	@crynir+o.w	tier3-sys	
O0332	cryrull	criurullos	n	B	a troop, a band under one leader; a crew; a host (an army)	a troop, a band under one leader	*kreurull- 'a troop, a band under one leader' (reserve, ancestor §3.3): Hal criurullos > cryrull	*kreurull-	*kreurull-	PAR+three (97)	@cryrull	reserve	crew, host, troop
O0333	cryrullel		n	S	a trooper, one of a troop (the singulative)		cryrull 'a troop, a band under one leader' + -el (singulative, 'little')	*kreurull-	cryrull+el	PAR+three (97) + e l	@cryrull+e.l	tier3-sys	
O0334	cryrullen		adj	S	of troops; troop-like		cryrull 'a troop, a band under one leader' + -en ('of, belonging to')	*kreurull-	cryrull+en	PAR+three (97) + e n	@cryrull+e.n	tier3-sys	
O0335	crystil	crystilos	adj	S	old (of things), worn	old (of things), worn	*krustil- 'old' (reserve, ancestor §3.3): Hal crystilos > crystil	*krustil-	*krustil-	VENN+fade (277)	@crystil	reserve	old
O0336	crystilerd		n	S	a worn old thing, a veteran		crystil 'old' + -Ard (agent)	*krustil-	crystil+Ard	VENN+fade (277) + A r d	@crystil+A.r.d	tier3-sys	
O0337	crystilyth		n	S	oldness; the quality of being old		crystil 'old' + -Oth (abstract)	*krustil-	crystil+Oth	VENN+fade (277) + O th	@crystil+O.th	tier3-sys	
O0338	cullar	cullaris	n	B	a snare, a trap	a snare, a trap	*kullar- 'a snare, a trap' (reserve, ancestor §3.3): Hal cullaris > cullar	*kullar-	*kullar-	TOVV+fork (171)	@cullar	reserve	
O0339	cullarel		n	S	a small snare; a single snare		cullar 'a snare, a trap' + -el (singulative, 'little')	*kullar-	cullar+el	TOVV+fork (171) + e l	@cullar+e.l	tier3-sys	
O0340	cullaren		adj	S	of snares; snare-like		cullar 'a snare, a trap' + -en ('of, belonging to')	*kullar-	cullar+en	TOVV+fork (171) + e n	@cullar+e.n	tier3-sys	
O0341	cumm	cummos	n	B	a haven: any walled place of shelter; a shelter	a haven: any walled place of shelter	*kumm- 'a sheltered hollow': *kumm-o-s > Hal cummos > cumm (H2)	*kumm-	*kumm-o-s	HALD+still (25)	@cumm	canon	haven, shelter
O0342	cumman		n	B	the haven-folk		cumm 'a haven' + -an (collective, 'the folk of')	*kumm-	cumm+an	HALD+still (25) + a n	@cumm+a.n	tier3-sys	
O0343	cummard		n	B	a haven-man ('the one of the haven')		cumm 'a haven' + -Ard (agent)	*kumm-	cumm+Ard	HALD+still (25) + A r d	@cumm+A.r.d	tier3-sys	
O0344	cummel		n	S	a small haven; a single haven		cumm 'a haven' + -el (singulative, 'little')	*kumm-	cumm+el	HALD+still (25) + e l	@cumm+e.l	tier3-sys	
O0345	cummen		adj	S	of havens; haven-like		cumm 'a haven' + -en ('of, belonging to')	*kumm-	cumm+en	HALD+still (25) + e n	@cumm+e.n	tier3-sys	
O0346	cummow		n	B	the haven-lands		cumm 'a haven' + -ow (place)	*kumm-	cumm+ow	HALD+still (25) + o w	@cumm+o.w	tier3	haven-lands
O0347	cummvard		n	B	a haven-warden		cumm 'a haven' + S pard 'a warden, a keeper' (compound: the head softened, §3.10)	*kumm-, *par-	cumm^pard		letters: k.u.m.m.v.a.r.d	tier3	
O0348	daevar	dēvaros	v	B	believe, hold true	believe, hold true	*daifar- 'believe, hold true' (reserve, ancestor §3.3): Hal dēvaros > daevar	*daifar-	*daifar-	TUM+still (124)	@daevar	reserve	believe
O0349	daevarard		n	B	one who believes or holds true		daevar 'believe, hold true' + -Ard (agent)	*daifar-	daevar+Ard	TUM+still (124) + A r d	@daevar+A.r.d	tier3-sys	
O0350	daevarat		n,adj	B	a creed (what is held true); believed, held true (the participle)		daevar 'believe, hold true' + -At (participle)	*daifar-	daevar+At	TUM+still (124) + A t	@daevar+A.t	tier3	creed
O0351	daevarol		n	B	believing; holding true; the act of believing		daevar 'believe, hold true' + -Ol (verbal noun)	*daifar-	daevar+Ol	TUM+still (124) + O l	@daevar+O.l	tier3-sys	
O0352	dagorn	dagornis	adj,adv	B	gentle; gently	gentle	*dagorn- 'gentle' (reserve, ancestor §3.3): Hal dagornis > dagorn	*dagorn-	*dagorn-		letters: d.a.g.o.r.n	reserve	gentle, gently
O0353	dagornard		n	B	a gentle one		dagorn 'gentle' + -Ard (agent)	*dagorn-	dagorn+Ard		letters: d.a.g.o.r.n.A.r.d	tier3-sys	
O0354	dagornoth		n	B	gentleness; the quality of being gentle		dagorn 'gentle' + -Oth (abstract)	*dagorn-	dagorn+Oth		letters: d.a.g.o.r.n.O.th	tier3-sys	
O0355	dann	dannos	v	B	hew	hew	*daʔn- 'hew' (reserve, ancestor §3.3): Hal dannos > dann	*daʔn-	*daʔn-		letters: d.a.n.n	reserve	hew
O0356	dannard		n	B	one who hews		dann 'hew' + -Ard (agent)	*daʔn-	dann+Ard		letters: d.a.n.n.A.r.d	tier3-sys	
O0357	dannat		adj	B	hewn (the participle)		dann 'hew' + -At (participle)	*daʔn-	dann+At		letters: d.a.n.n.A.t	tier3-sys	
O0358	dannol		n	B	hewing; the act of hewing		dann 'hew' + -Ol (verbal noun)	*daʔn-	dann+Ol		letters: d.a.n.n.O.l	tier3-sys	
O0359	dannwresk		n	S	an axe ('hew-chisel')		dann 'hew' + S bresk 'a chisel' (compound: the head softened, §3.10)	*daʔn-, *brask-	dann^bresk		letters: d.a.n.n.w.r.e.s.k	tier3	axe
O0360	Dannwresk ul Meskdhrenn		name	S	IV.2 The Axe in the Grain		a phrase: Dannwresk axe + ul in(+N) + Meskdhrenn grain.of.wood	*daʔn-, *brask-, *ul-, *mosk-, *trenn-	phrase	MESK (186) · TRENN (39)	letters: d.a.n.n.w.r.e.s.k @mesk@trenn	tier3	
O0361	darr	darros	v	B	come	come	*darr- 'come near': *darr-o-s > Hal darros > darr (H2)	*darr-	*darr-o-s	TRENN+turn (41)	@darr	canon	come
O0362	darrard		n	B	one who comes		darr 'come' + -Ard (agent)	*darr-	darr+Ard	TRENN+turn (41) + A r d	@darr+A.r.d	tier3-sys	
O0363	darrat		adj	B	come (the participle)		darr 'come' + -At (participle)	*darr-	darr+At	TRENN+turn (41) + A t	@darr+A.t	tier3-sys	
O0364	darrol		n	B	a coming; coming; the act of coming		darr 'come' + -Ol (verbal noun)	*darr-	darr+Ol	TRENN+turn (41) + O l	@darr+O.l	tier3	coming
O0365	dask	daskos	n,v	B	the end; (n.) the end (a noun, listed here for the Cry); a cause, a purpose; an end; intent	the end; (n.) the end (a noun, listed here for the Cry)	*dask- 'the last of a thing': *dask-o-s > Hal daskos > dask (H2)	*dask-	*dask-o-s	TRENN+cope (44)	@dask	canon	cause, end, intent, purpose
O0366	daskard		n	B	one who ends		dask 'the end' + -Ard (agent)	*dask-	dask+Ard	TRENN+cope (44) + A r d	@dask+A.r.d	tier3-sys	
O0367	daskat		adj	B	ended (the participle)		dask 'the end' + -At (participle)	*dask-	dask+At	TRENN+cope (44) + A t	@dask+A.t	tier3-sys	
O0368	dasken		adj	S	final; last		dask 'the end' + -en ('of, belonging to')	*dask-	dask+en	TRENN+cope (44) + e n	@dask+e.n	tier3	final, last
O0369	daskol		n	B	an ending; ending; the act of ending		dask 'the end' + -Ol (verbal noun)	*dask-	dask+Ol	TRENN+cope (44) + O l	@dask+O.l	tier3	ending
O0370	dasor	dasoris	v	B	polish, rub smooth; dress (stone), rub smooth	polish, rub smooth	*dasor- 'polish, rub smooth' (reserve, ancestor §3.3): Hal dasoris > dasor	*dasor-	*dasor-		letters: d.a.s.o.r	reserve	dress, polish, smooth
O0371	dasorard		n	B	one who polishes or rubs smooth		dasor 'polish, rub smooth' + -Ard (agent)	*dasor-	dasor+Ard		letters: d.a.s.o.r.A.r.d	tier3-sys	
O0372	dasorat		adj	B	polished, rubbed smooth (the participle)		dasor 'polish, rub smooth' + -At (participle)	*dasor-	dasor+At		letters: d.a.s.o.r.A.t	tier3-sys	
O0373	dasorol		n	B	polishing; rubbing smooth; the act of polishing		dasor 'polish, rub smooth' + -Ol (verbal noun)	*dasor-	dasor+Ol		letters: d.a.s.o.r.O.l	tier3-sys	
O0374	dast	dastos	v	B	shout, scream	shout, scream	*daʔst- 'shout, scream' (reserve, ancestor §3.3): Hal dastos > dast	*daʔst-	*daʔst-	BROD+zig (207)	@dast	reserve	shout
O0375	dastard		n	B	one who shouts or screams		dast 'shout, scream' + -Ard (agent)	*daʔst-	dast+Ard	BROD+zig (207) + A r d	@dast+A.r.d	tier3-sys	
O0376	dastat		adj	B	shouted, screamed (the participle)		dast 'shout, scream' + -At (participle)	*daʔst-	dast+At	BROD+zig (207) + A t	@dast+A.t	tier3-sys	
O0377	dastol		n	B	shouting; screaming; the act of shouting		dast 'shout, scream' + -Ol (verbal noun)	*daʔst-	dast+Ol	BROD+zig (207) + O l	@dast+O.l	tier3-sys	
O0378	dath	dathos	adj	B	evil, ill; bad; foul	evil, ill	*dath- 'evil, ill' (reserve, ancestor §3.3): Hal dathos > dath	*dath-	*dath-	VENN+fork (274)	@dath	reserve	bad, foul, ill
O0379	dathan		n	B	the wicked		dath 'evil, ill' + -an (collective, 'the folk of')	*dath-	dath+an	VENN+fork (274) + a n	@dath+a.n	tier3-sys	
O0380	dathard		n	B	an evildoer		dath 'evil, ill' + -Ard (agent)	*dath-	dath+Ard	VENN+fork (274) + A r d	@dath+A.r.d	tier3-sys	
O0381	dathoth		n	B	evilness; the quality of being evil		dath 'evil, ill' + -Oth (abstract)	*dath-	dath+Oth	VENN+fork (274) + O th	@dath+O.th	tier3-sys	
O0382	deld	deldis	adj	S	far	far	*deʔld- 'far' (reserve, ancestor §3.3): Hal deldis > deld	*deʔld-	*deʔld-	VESK+fade (235)	@deld	reserve	far
O0383	deldel		adj	S	farish, distant		deld 'far' + -el (singulative, 'little')	*deʔld-	deld+el	VESK+fade (235) + e l	@deld+e.l	tier3-sys	
O0384	deldow		n	B	a far place, the distance		deld 'far' + -ow (place)	*deʔld-	deld+ow	VESK+fade (235) + o w	@deld+o.w	tier3-sys	
O0385	deldvar		n	B	an outpost ('far-watch')		deld 'far' + S par 'guard, protect' (compound: the head softened, §3.10)	*deʔld-, *par-	deld^par	VESK+fade (235) · PAR (92)	@deld@par	tier3	outpost
O0386	deldyth		n	S	farness; the quality of being far		deld 'far' + -Oth (abstract)	*deʔld-	deld+Oth	VESK+fade (235) + O th	@deld+O.th	tier3-sys	
O0387	delv	delvis	num	S	twelve; a dozen	twelve	*delf- 'a full course': *delf-i-s > Hal delvis > delv (O4,H2)	*delf-	*delf-i-s		%d	canon	dozen, twelve
O0388	delvest		num	S	twelfth (the ordinal)		delv 'twelve' + -Ast (ordinal)	*delf-	delv+Ast		letters: d.e.l.v.A.s.t	tier3-sys	
O0389	delvoth		adj	B	twelvefold	twelvefold	canon formation: delv + -oth (twelvefold)		delv+-oth		letters: d.e.l.v.O.th	canon	twelvefold
O0390	dem	demen	prep	S	until, as far as (+N); until, as far as; for, toward, for the sake of; to, as far as	until, as far as (+N); until, as far as	*dem- 'up to, as far as': *dem-en > Hal demen > dem (H1,H2)	*dem-	*dem-en		left out (a mortar word, D2)	canon	for, to, toward, until
O0391	dem et dask		adv	B	forever (until the end)		a phrase: dem until(+N) + et the + dask end	*dem-, *et-, *dask-	phrase	TRENN+cope (44)	@dask	tier3	forever
O0392	dem lern		adv	S	forward (to the face)		a phrase: dem until(+N) + lern face	*dem-, *leirn-	phrase	VESK+rim (230)	@lern	tier3	forward
O0393	dem neld		adv	S	away, far off (to far)		a phrase: dem until(+N) + neld N·far	*dem-, *deʔld-	phrase	VESK+fade (235)	@deld	tier3	away
O0394	dem susk		adv	B	up, upward (to the height)		a phrase: dem until(+N) + susk high	*dem-, *suʔsk-	phrase	BRUNN+cope (325)	@susk	tier3	up
O0395	dem vimm		adv	S	down, downward (to the low)		a phrase: dem until(+N) + vimm low	*dem-, *fiʔm-	phrase	BRUNN+still (326)	@vimm	tier3	down
O0396	demo		prep	B	until him, it		dem 'until' + the 3SG.M ending (§3.6, conjugated prepositions: 'the other prepositions follow the same pattern')	*dem-	dem+3SG.M		letters: d.e.m.o	tier3-sys	
O0397	demom		prep	B	until me		dem 'until' + the 1SG ending (§3.6, conjugated prepositions: 'the other prepositions follow the same pattern')	*dem-	dem+1SG		letters: d.e.m.o.m	tier3-sys	
O0398	demona		prep	B	until us two		dem 'until' + the 1DU ending (§3.6, conjugated prepositions: 'the other prepositions follow the same pattern')	*dem-	dem+1DU		letters: d.e.m.o.n.a	tier3-sys	
O0399	demont		prep	B	until them		dem 'until' + the 3PL ending (§3.6, conjugated prepositions: 'the other prepositions follow the same pattern')	*dem-	dem+3PL		letters: d.e.m.o.n.t	tier3-sys	
O0400	demonta		prep	B	until them two		dem 'until' + the 3DU ending (§3.6, conjugated prepositions: 'the other prepositions follow the same pattern')	*dem-	dem+3DU		letters: d.e.m.o.n.t.a	tier3-sys	
O0401	demor		prep	B	until us		dem 'until' + the 1PL ending (§3.6, conjugated prepositions: 'the other prepositions follow the same pattern')	*dem-	dem+1PL		letters: d.e.m.o.r	tier3-sys	
O0402	demos		prep	B	until you (many)		dem 'until' + the 2PL ending (§3.6, conjugated prepositions: 'the other prepositions follow the same pattern')	*dem-	dem+2PL		letters: d.e.m.o.s	tier3-sys	
O0403	demoth		prep	B	until you (one)		dem 'until' + the 2SG ending (§3.6, conjugated prepositions: 'the other prepositions follow the same pattern')	*dem-	dem+2SG		letters: d.e.m.o.th	tier3-sys	
O0404	demoy		prep	S	until her		dem 'until' + the 3SG.F ending (§3.6, conjugated prepositions: 'the other prepositions follow the same pattern')	*dem-	dem+3SG.F		letters: d.e.m.o.y	tier3-sys	
O0405	demull	demullis	n	B	a low place, a hollow	a low place, a hollow	*demull- 'a low place, a hollow' (reserve, ancestor §3.3): Hal demullis > demull	*demull-	*demull-	LODH+cup (299)	@demull	reserve	hollow
O0406	demullel		n	S	a small low place; a single low place		demull 'a low place, a hollow' + -el (singulative, 'little')	*demull-	demull+el	LODH+cup (299) + e l	@demull+e.l	tier3-sys	
O0407	demullen		adj	S	of low places; low place-like		demull 'a low place, a hollow' + -en ('of, belonging to')	*demull-	demull+en	LODH+cup (299) + e n	@demull+e.n	tier3-sys	
O0408	dend	dendis	adj	S	wild	wild	*daʔnd- 'wild' (reserve, ancestor §3.3): Hal dendis > dend	*daʔnd-	*daʔnd-		letters: d.e.n.d	reserve	wild
O0409	dendan		n	B	the wild folk		dend 'wild' + -an (collective, 'the folk of')	*daʔnd-	dend+an		letters: d.e.n.d.a.n	tier3-sys	
O0410	denderd		n	S	a wild one, an outlaw		dend 'wild' + -Ard (agent)	*daʔnd-	dend+Ard		letters: d.e.n.d.A.r.d	tier3-sys	
O0411	dendow		n	B	a wild place, a wilderness		dend 'wild' + -ow (place)	*daʔnd-	dend+ow		letters: d.e.n.d.o.w	tier3-sys	
O0412	dendyth		n	S	wildness; the quality of being wild		dend 'wild' + -Oth (abstract)	*daʔnd-	dend+Oth		letters: d.e.n.d.O.th	tier3-sys	
O0413	Denna	dennā	name	B	Denna (of Idrenna)	Denna (of Idrenna)	*denn-aʔ > Hal dennā > denna (O1,H3); a name: names are names (no sense given)		*denn-aʔ		d.e.n.n.a	canon	
O0414	derd	derdos	n	S	a bone	a bone	*derd- 'a bone' (reserve, ancestor §3.3): Hal derdos > derd	*derd-	*derd-	ULD+pale (249)	@derd	reserve	bone
O0415	derdel		n	S	a small bone; a single bone		derd 'a bone' + -el (singulative, 'little')	*derd-	derd+el	ULD+pale (249) + e l	@derd+e.l	tier3-sys	
O0416	derden		adj	S	of bones; bone-like		derd 'a bone' + -en ('of, belonging to')	*derd-	derd+en	ULD+pale (249) + e n	@derd+e.n	tier3-sys	
O0417	derdow		n	B	an ossuary, a bone-house		derd 'a bone' + -ow (place)	*derd-	derd+ow	ULD+pale (249) + o w	@derd+o.w	tier3-sys	
O0418	derdsast		n	B	a body ('bone-skin')		derd 'a bone' + S sast 'skin, a hide' (compound: the head softened, §3.10)	*derd-, *saʔst-	derd^sast		letters: d.e.r.d.s.a.s.t	tier3	body
O0419	derr	derris	v	S	reap, gather in	reap, gather in	*daʔr- 'reap, gather in' (reserve, ancestor §3.3): Hal derris > derr	*daʔr-	*daʔr-		letters: d.e.r.r	reserve	gather
O0420	derrerd		n	S	one who reaps or gathers in		derr 'reap, gather in' + -Ard (agent)	*daʔr-	derr+Ard		letters: d.e.r.r.A.r.d	tier3-sys	
O0421	derret		adj	S	reaped, gathered in (the participle)		derr 'reap, gather in' + -At (participle)	*daʔr-	derr+At		letters: d.e.r.r.A.t	tier3-sys	
O0422	derrow		n	B	a reaping-field		derr 'reap, gather in' + -ow (place)	*daʔr-	derr+ow		letters: d.e.r.r.o.w	tier3-sys	
O0423	derryl		n	S	a harvest; reaping; gathering in; the act of reaping		derr 'reap, gather in' + -Ol (verbal noun)	*daʔr-	derr+Ol		letters: d.e.r.r.O.l	tier3	harvest
O0424	desir	desiris	n,adj	S	late, after the time	late, after the time	*dasir- 'late, after the time' (reserve, ancestor §3.3): Hal desiris > desir	*dasir-	*dasir-		letters: d.e.s.i.r	reserve	late
O0425	desiryth		n	S	lateness; the quality of being late		desir 'late, after the time' + -Oth (abstract)	*dasir-	desir+Oth		letters: d.e.s.i.r.O.th	tier3-sys	
O0426	dest	destis	n,v	S	a tooth; bite	a tooth	*dast- 'a tooth' (reserve, ancestor §3.3): Hal destis > dest	*dast-	*dast-		letters: d.e.s.t	reserve	bite
O0427	desterd		n	S	one who bites		dest 'a tooth' + -Ard (agent)	*dast-	dest+Ard		letters: d.e.s.t.A.r.d	tier3-sys	
O0428	destet		adj	S	bitten (the participle)		dest 'a tooth' + -At (participle)	*dast-	dest+At		letters: d.e.s.t.A.t	tier3-sys	
O0429	destyl		n	S	biting; the act of biting		dest 'a tooth' + -Ol (verbal noun)	*dast-	dest+Ol		letters: d.e.s.t.O.l	tier3-sys	
O0430	deth	dethos	adj	S	proud	proud	*deth- 'proud' (reserve, ancestor §3.3): Hal dethos > deth	*deth-	*deth-		letters: d.e.th	reserve	proud
O0431	detherd		n	S	a proud one, a boaster		deth 'proud' + -Ard (agent)	*deth-	deth+Ard		letters: d.e.th.A.r.d	tier3-sys	
O0432	dethyth		n	S	proudness; the quality of being proud		deth 'proud' + -Oth (abstract)	*deth-	deth+Oth		letters: d.e.th.O.th	tier3-sys	
O0433	dhaedh	dhēdhos	n,adj	S	warm	warm	*dheʔdh- 'warm' (reserve, ancestor §3.3): Hal dhēdhos > dhaedh	*dheʔdh-	*dheʔdh-	ODH+zig (68)	@dhaedh	reserve	warm
O0434	dhaedhel		adj	S	lukewarm		dhaedh 'warm' + -el (singulative, 'little')	*dheʔdh-	dhaedh+el	ODH+zig (68) + e l	@dhaedh+e.l	tier3-sys	
O0435	dhaedhyth		n	S	warmness; the quality of being warm		dhaedh 'warm' + -Oth (abstract)	*dheʔdh-	dhaedh+Oth	ODH+zig (68) + O th	@dhaedh+O.th	tier3-sys	
O0436	dhaker	dhakēros	n	S	one bereft: an orphan, a widow	one bereft: an orphan, a widow	*dhakeir- 'one bereft' (reserve, ancestor §3.3): Hal dhakēros > dhaker	*dhakeir-	*dhakeir-	ULD+fade (247)	@dhaker	reserve	orphan
O0437	dhakeran		n	B	the bereft, the orphans and widows		dhaker 'one bereft' + -an (collective, 'the folk of')	*dhakeir-	dhaker+an	ULD+fade (247) + a n	@dhaker+a.n	tier3-sys	
O0438	dhakerel		n	S	little one bereft, dear one bereft		dhaker 'one bereft' + -el (singulative, 'little')	*dhakeir-	dhaker+el	ULD+fade (247) + e l	@dhaker+e.l	tier3-sys	
O0439	dhakeryth		n	S	bereavement		dhaker 'one bereft' + -Oth (abstract)	*dhakeir-	dhaker+Oth	ULD+fade (247) + O th	@dhaker+O.th	tier3-sys	
O0440	dhenn	dhennos	n	S	a shadow; a ghost; a phantom	a shadow	*dheʔn- 'a shadow' (reserve, ancestor §3.3): Hal dhennos > dhenn	*dheʔn-	*dheʔn-	ORL+cup (148)	@dhenn	reserve	ghost, phantom, shadow
O0441	dhennel		n	S	a small shadow; a single shadow		dhenn 'a shadow' + -el (singulative, 'little')	*dheʔn-	dhenn+el	ORL+cup (148) + e l	@dhenn+e.l	tier3-sys	
O0442	dhennen		adj	S	of shadows; shadow-like		dhenn 'a shadow' + -en ('of, belonging to')	*dheʔn-	dhenn+en	ORL+cup (148) + e n	@dhenn+e.n	tier3-sys	
O0443	dhenth	dhenthis	n,v	S	a feather; a wing; fly; soar	a feather; a wing	*dhenth- 'a feather' (reserve, ancestor §3.3): Hal dhenthis > dhenth	*dhenth-	*dhenth-		letters: dh.e.n.th	reserve	fly, soar
O0444	dhenthen		adj	S	winged		dhenth 'a feather' + -en ('of, belonging to')	*dhenth-	dhenth+en		letters: dh.e.n.th.e.n	tier3	winged
O0445	dhentherd		n	S	one who flies		dhenth 'a feather' + -Ard (agent)	*dhenth-	dhenth+Ard		letters: dh.e.n.th.A.r.d	tier3-sys	
O0446	dhenthet		adj	S	flown (the participle); feathered ('provided with X': -At on a noun)		dhenth 'a feather' + -At (participle)	*dhenth-	dhenth+At		letters: dh.e.n.th.A.t	tier3-sys	
O0447	dhenthyl		n	S	flying; the act of flying		dhenth 'a feather' + -Ol (verbal noun)	*dhenth-	dhenth+Ol		letters: dh.e.n.th.O.l	tier3-sys	
O0448	dhess	dhessos	n	S	the first light, dawn	the first light, dawn	*dheʔs- 'the first light, dawn' (reserve, ancestor §3.3): Hal dhessos > dhess	*dheʔs-	*dheʔs-		letters: dh.e.s.s	reserve	dawn
O0449	dhessen		adj	S	of dawn		dhess 'the first light, dawn' + -en ('of, belonging to')	*dheʔs-	dhess+en		letters: dh.e.s.s.e.n	tier3-sys	
O0450	dhessharm		n	B	the dawn-call		dhess 'the first light, dawn' + S carm 'a call, a cry' (compound: the head softened, §3.10)	*dheʔs-, *karm-	dhess^carm		letters: dh.e.s.s.h.a.r.m	tier3	
O0451	dhidh	dhīdhos	n	S	smoke	smoke	*dhiʔdh- 'smoke' (reserve, ancestor §3.3): Hal dhīdhos > dhidh	*dhiʔdh-	*dhiʔdh-	VORR+zig (158)	@dhidh	reserve	smoke
O0452	dhidhen		adj	S	smoky		dhidh 'smoke' + -en ('of, belonging to')	*dhiʔdh-	dhidh+en	VORR+zig (158) + e n	@dhidh+e.n	tier3-sys	
O0453	dhidhet		adj	S	smoked, smoke-blackened ('provided with X': -At on a noun)		dhidh 'smoke' + -At (participle)	*dhiʔdh-	dhidh+At	VORR+zig (158) + A t	@dhidh+A.t	tier3-sys	
O0454	dhidhow		n	B	a smoke-hole, a chimney		dhidh 'smoke' + -ow (place)	*dhiʔdh-	dhidh+ow	VORR+zig (158) + o w	@dhidh+o.w	tier3-sys	
O0455	dhom	dhomos	num	B	seven	seven	*ðom- 'seven': *dhom-o-s > Hal dhomos > dhom (H2)	*ðom-	*dhom-o-s		%dh	canon	seven
O0456	dhomast		num	B	seventh (the ordinal)		dhom 'seven' + -Ast (ordinal)	*ðom-	dhom+Ast		letters: dh.o.m.A.s.t	tier3-sys	
O0457	dhomnoth		num	B	seventeen		dhom 'seven' + S noth 'ten' (compound: the head softened, §3.10) (the teens: unit + ten, as hosnoth, sullnoth)	*ðom-, *noθ-	dhom^noth		%ndh	tier3-sys	
O0458	dhysal	dhiusalis	n	B	shingle, the stony beach	shingle, the stony beach	*dheusal- 'shingle, the stony beach' (reserve, ancestor §3.3): Hal dhiusalis > dhysal	*dheusal-	*dheusal-	WADH+star (313)	@dhysal	reserve	shingle
O0459	dhysaldholm		n	B	a beach-stone, a shingle-stone		dhysal 'shingle, the stony beach' + S tolm 'a stone' (compound: the head softened, §3.10)	*dheusal-, *tol-	dhysal^tolm	WADH+star (313) · TOLM (1)	@dhysal@tolm	tier3	
O0460	dhysalel		n	S	a small shingle; a single shingle		dhysal 'shingle, the stony beach' + -el (singulative, 'little')	*dheusal-	dhysal+el	WADH+star (313) + e l	@dhysal+e.l	tier3-sys	
O0461	dhysalen		adj	S	of shingles; shingle-like		dhysal 'shingle, the stony beach' + -en ('of, belonging to')	*dheusal-	dhysal+en	WADH+star (313) + e n	@dhysal+e.n	tier3-sys	
O0462	dhyvull	dhiuvullos	v	B	laugh	laugh	*dheuwull- 'laugh' (reserve, ancestor §3.3): Hal dhiuvullos > dhyvull	*dheuwull-	*dheuwull-	MOLT+three (116)	@dhyvull	reserve	laugh
O0463	dhyvullard		n	B	one who laughs		dhyvull 'laugh' + -Ard (agent)	*dheuwull-	dhyvull+Ard	MOLT+three (116) + A r d	@dhyvull+A.r.d	tier3-sys	
O0464	dhyvullat		adj	B	laughed (the participle)		dhyvull 'laugh' + -At (participle)	*dheuwull-	dhyvull+At	MOLT+three (116) + A t	@dhyvull+A.t	tier3-sys	
O0465	dhyvullol		n	B	laughing; the act of laughing		dhyvull 'laugh' + -Ol (verbal noun)	*dheuwull-	dhyvull+Ol	MOLT+three (116) + O l	@dhyvull+O.l	tier3-sys	
O0466	dind	dindis	adj	S	thick	thick	*dind- 'thick' (reserve, ancestor §3.3): Hal dindis > dind	*dind-	*dind-		letters: d.i.n.d	reserve	
O0467	dindel		adj	S	thickish		dind 'thick' + -el (singulative, 'little')	*dind-	dind+el		letters: d.i.n.d.e.l	tier3-sys	
O0468	dindyth		n	S	thickness; the quality of being thick		dind 'thick' + -Oth (abstract)	*dind-	dind+Oth		letters: d.i.n.d.O.th	tier3-sys	
O0469	disker	diskeris	n	S	a window, an eye in a wall	a window, an eye in a wall	*disker- 'a window, an eye in a wall' (reserve, ancestor §3.3): Hal diskeris > disker	*disker-	*disker-	HALD+star (37)	@disker	reserve	window
O0470	diskeran		n	B	a row of windows		disker 'a window, an eye in a wall' + -an (collective, 'the folk of')	*disker-	disker+an	HALD+star (37) + a n	@disker+a.n	tier3-sys	
O0471	diskerel		n	S	a small window; a single window		disker 'a window, an eye in a wall' + -el (singulative, 'little')	*disker-	disker+el	HALD+star (37) + e l	@disker+e.l	tier3-sys	
O0472	diskeren		adj	S	of windows; window-like		disker 'a window, an eye in a wall' + -en ('of, belonging to')	*disker-	disker+en	HALD+star (37) + e n	@disker+e.n	tier3-sys	
O0473	diskeret		adj	S	windowed ('provided with X': -At on a noun)		disker 'a window, an eye in a wall' + -At (participle)	*disker-	disker+At	HALD+star (37) + A t	@disker+A.t	tier3-sys	
O0474	domm	dommos	adj,n	B	black; dark; the dark	black	*domm- 'black': *domm-o-s > Hal dommos > domm (H2)	*domm-	*domm-o-s	TOLM+fade (13)	@domm	canon	black, dark
O0475	dommel		adj	S	blackish, darkish		domm 'black' + -el (singulative, 'little')	*domm-	domm+el	TOLM+fade (13) + e l	@domm+e.l	tier3	blackish
O0476	dommen		adj	S	of darks; dark-like		domm 'black' + -en ('of, belonging to')	*domm-	domm+en	TOLM+fade (13) + e n	@domm+e.n	tier3-sys	
O0477	dommoth		n	B	blackness; the quality of being black		domm 'black' + -Oth (abstract)	*domm-	domm+Oth	TOLM+fade (13) + O th	@domm+O.th	tier3-sys	
O0478	dommwrint		n,name	S	Blackthorn (the wall's name for a grain of the fleet: 'black-thorn'); Blackthorn ('black-thorn')		domm 'black' + S brint 'a thorn' (compound: the head softened, §3.10)	*domm-, *brint-	domm^brint		d.o.m.m.w.r.i.n.t	tier3	blackthorn, Blackthorn
O0479	doss	dossos	v	B	be (state, place); be (in a place, in a state; there is)	be (state, place)	*doss- 'be': *doss-o-s > Hal dossos > doss (H2)	*doss-	*doss-o-s		left out (a mortar word, D2)	canon	be
O0480	doss cathal um		phr	B	(Y) is sick: 'sickness is upon Y'		a phrase: doss be + cathal sickness + um upon(+S)	*doss-, *kathal-, *um-	phrase		letters: k.a.th.a.l	tier3	
O0481	doss hydull um		phr	B	(Y) is patient: 'patience is upon Y'		a phrase: doss be + hydull patience + um upon(+S)	*doss-, *xeudull-, *um-	phrase	PAR+notch (104)	@hydull	tier3	
O0482	doss hylenn um		phr	B	(Y) is glad: 'gladness is upon Y'		a phrase: doss be + hylenn gladness + um upon(+S)	*doss-, *xeuleinn-, *um-	phrase	MOLT+star (110)	@hylenn	tier3	
O0483	doss kaemul um		phr	B	(Y) is ashamed: 'shame is upon Y'		a phrase: doss be + kaemul shame + um upon(+S)	*doss-, *kaimul-, *um-	phrase		letters: k.a.e.m.u.l	tier3	
O0484	doss lomm um		phr	B	(Y) grieves: 'grief is upon Y'		a phrase: doss be + lomm grief + um upon(+S)	*doss-, *lomm-, *um-	phrase	MOLT+fade (107)	@lomm	tier3	
O0485	doss ludal um		phr	B	(Y) is afraid: 'fear is upon Y'		a phrase: doss be + ludal fear + um upon(+S)	*doss-, *ludal-, *um-	phrase	MOLT+pale (109)	@ludal	tier3	
O0486	doss lunn lo		v,phr	B	may: 'freedom is at Y' (Doss lunn lo Y) for leave; nayess for a maybe; (Y) may, is free to: 'freedom is at Y'		a phrase: doss be + lunn freedom + lo at(+S)	*doss-, *lunn-, *lo-	phrase	LUNN (258)	@lunn	tier3	may
O0487	doss lyrness um		phr	B	(Y) is proud: 'pride is upon Y'		a phrase: doss be + lyrness pride + um upon(+S)	*doss-, *leurneiss-, *um-	phrase		letters: l.y.r.n.e.s.s	tier3	
O0488	doss maver um		v,phr	B	must: 'need is upon Y' (Doss maver um Y), the 'upon' idiom; should: the 'upon' idiom (Doss maver um Y); (Y) must, (Y) needs: 'need is upon Y'		a phrase: doss be + maver wish + um upon(+S)	*doss-, *mafer-, *um-	phrase		letters: m.a.v.e.r	tier3	must, should
O0489	doss mylenn lo		phr	B	(Y) is strong: 'strength is at Y'		a phrase: doss be + mylenn strength + lo at(+S)	*doss-, *meulenn-, *lo-	phrase		letters: m.y.l.e.n.n	tier3	
O0490	doss saemal um		phr	B	(Y) hopes: 'hope is upon Y'		a phrase: doss be + saemal hope + um upon(+S)	*doss-, *saimal-, *um-	phrase	MOLT+bough (111)	@saemal	tier3	
O0491	doss sollan lo		phr	B	(Y) is at peace: 'peace is at Y'		a phrase: doss be + sollan peace + lo at(+S)	*doss-, *sol-, *lo-	phrase	GARL+still (217)	@sollan	tier3	
O0492	doss suress um		phr	B	(Y) has a fever: 'a fever is upon Y'		a phrase: doss be + suress fever + um upon(+S)	*doss-, *swureiss-, *um-	phrase		letters: s.u.r.e.s.s	tier3	
O0493	doss syllorn um		phr	B	(Y) is brave: 'courage is upon Y'		a phrase: doss be + syllorn courage + um upon(+S)	*doss-, *sweullorn-, *um-	phrase	MOLT+wedge (112)	@syllorn	tier3	
O0494	doss tevir um		phr	B	(Y) hates: 'hatred is upon Y'		a phrase: doss be + tevir hatred + um upon(+S)	*doss-, *tafir-, *um-	phrase		letters: t.e.v.i.r	tier3	
O0495	dossa		v	B	am, is, are (state, place), 3DU	am, is, are (state, place), 3DU	the state verb doss (§3.4): 3DU	*doss-	doss+3DU		letters: d.o.s.s.a	canon	
O0496	dossan		v	B	am, is, are (state, place), 1DU	am, is, are (state, place), 1DU	the state verb doss (§3.4): 1DU	*doss-	doss+1DU		letters: d.o.s.s.a.n	canon	
O0497	dossant		v	B	am, is, are (state, place), 3PL	am, is, are (state, place), 3PL	the state verb doss (§3.4): 3PL	*doss-	doss+3PL		letters: d.o.s.s.a.n.t	canon	
O0498	dossar		v	B	am, is, are (state, place), 1PL	am, is, are (state, place), 1PL	the state verb doss (§3.4): 1PL	*doss-	doss+1PL		letters: d.o.s.s.a.r	canon	
O0499	dossith		v	S	am, is, are (state, place), 2SG	am, is, are (state, place), 2SG	the state verb doss (§3.4): 2SG	*doss-	doss+2SG		letters: d.o.s.s.i.th	canon	
O0500	dossom		v	B	am, is, are (state, place), 1SG	am, is, are (state, place), 1SG	the state verb doss (§3.4): 1SG	*doss-	doss+1SG		letters: d.o.s.s.o.m	canon	
O0501	dossos		v	B	am, is, are (state, place), 2PL	am, is, are (state, place), 2PL	the state verb doss (§3.4): 2PL	*doss-	doss+2PL		letters: d.o.s.s.o.s	canon	
O0502	drid	dridos	n	S	hail	hail	*drid- 'hail' (reserve, ancestor §3.3): Hal dridos > drid	*drid-	*drid-		letters: d.r.i.d	reserve	
O0503	drig	drigis	v	S	throw; fling; scatter	throw	*drig- 'throw' (reserve, ancestor §3.3): Hal drigis > drig	*drig-	*drig-	KYL+wedge (281)	@drig	reserve	fling, scatter, throw
O0504	drigerd		n	S	one who throws		drig 'throw' + -Ard (agent)	*drig-	drig+Ard	KYL+wedge (281) + A r d	@drig+A.r.d	tier3-sys	
O0505	driget		adj	S	thrown, flung; scattered (the participle: all three senses of drig)		drig 'throw' + -At (participle)	*drig-	drig+At	KYL+wedge (281) + A t	@drig+A.t	tier3-sys	
O0506	drigyl		n	S	throwing; the act of throwing		drig 'throw' + -Ol (verbal noun)	*drig-	drig+Ol	KYL+wedge (281) + O l	@drig+O.l	tier3-sys	
O0507	drod	drādos	n,v	B	a spark; a flash	a spark	*draʔd- 'a spark' (reserve, ancestor §3.3): Hal drādos > drod	*draʔd-	*draʔd-	VORR+star (157)	@drod	reserve	flash, spark
O0508	drodard		n	B	one who flashes		drod 'a spark' + -Ard (agent)	*draʔd-	drod+Ard	VORR+star (157) + A r d	@drod+A.r.d	tier3-sys	
O0509	drodat		adj	B	flashed (the participle)		drod 'a spark' + -At (participle)	*draʔd-	drod+At	VORR+star (157) + A t	@drod+A.t	tier3-sys	
O0510	drodol		n	B	flashing; the act of flashing		drod 'a spark' + -Ol (verbal noun)	*draʔd-	drod+Ol	VORR+star (157) + O l	@drod+O.l	tier3-sys	
O0511	drunn	drunnos	n,v	B	a mallet, a hammer; a blow, a stroke; knock; mint, strike (a coin)	a mallet, a hammer	*drunn- 'a heavy blow': *drunn-o-s > Hal drunnos > drunn (H2)	*drunn-	*drunn-o-s	GARL+wedge (218)	@drunn	canon	blow, knock, mint, strike
O0512	drunnard		n	B	a smith; one who knocks	a smith	canon formation: drunn + -ard (a smith)		drunn+-ard	GARL+wedge (218) + A r d	@drunn+A.r.d	canon	
O0513	drunnat		n,adj	B	a drum ('a struck thing'); knocked (the participle); (pl. et drunnatath) the drums: the soldiers' word for the thunder-tongue knocking out of the grey (III.1)		drunn 'a mallet, a hammer' + -At (participle)	*drunn-	drunn+At	GARL+wedge (218) + A t	@drunn+A.t	tier3	drum
O0514	drunnol		n	B	knocking; the act of knocking		drunn 'a mallet, a hammer' + -Ol (verbal noun)	*drunn-	drunn+Ol	GARL+wedge (218) + O l	@drunn+O.l	tier3-sys	
O0515	drunnow		n	B	a smithy, a forge	a smithy, a forge	canon formation: drunn + -ow (a smithy)		drunn+-ow	GARL+wedge (218) + o w	@drunn+o.w	canon	forge, smithy
O0516	drunnowan		n	B	the smithy-folk		drunnow 'a smithy, a forge' + -an (collective, 'the folk of')		drunnow+an	GARL+wedge (218) + o w + a n	@drunn+o.w+a.n	tier3-sys	
O0517	duss	dussos	adj	B	hard	hard	*duss- 'hard' (reserve, ancestor §3.3): Hal dussos > duss	*duss-	*duss-	VENN+wedge (272)	@duss	reserve	hard
O0518	dussast		name	B	Ironbark ('hard-skin')		duss 'hard' + S sast 'skin, a hide' (compound: the head softened, §3.10)	*duss-, *saʔst-	duss^sast		d.u.s.s.a.s.t	tier3	
O0519	dussel		adj	S	hardish		duss 'hard' + -el (singulative, 'little')	*duss-	duss+el	VENN+wedge (272) + e l	@duss+e.l	tier3-sys	
O0520	dussoth		n	B	hardness; the quality of being hard		duss 'hard' + -Oth (abstract)	*duss-	duss+Oth	VENN+wedge (272) + O th	@duss+O.th	tier3-sys	
O0521	dusstyvil		n	S	iron ('hard-metal')		duss 'hard' + S styvil 'gold, the metal' (compound: the head softened, §3.10)	*duss-, *stufil-	duss^styvil		letters: d.u.s.s.t.y.v.i.l	tier3	iron
O0522	dussvesk		n	S	oak ('hard-tree')		duss 'hard' + S mesk 'a tree' (compound: the head softened, §3.10)	*duss-, *mosk-	duss^mesk	VENN+wedge (272) · MESK (186)	@duss@mesk	tier3	oak
O0523	dustal	dustalis	adj	B	dim	dim	*dustal- 'dim' (reserve, ancestor §3.3): Hal dustalis > dustal	*dustal-	*dustal-	ORL+still (152)	@dustal	reserve	
O0524	dustalel		adj	S	dimmish, dusky		dustal 'dim' + -el (singulative, 'little')	*dustal-	dustal+el	ORL+still (152) + e l	@dustal+e.l	tier3-sys	
O0525	dustaloth		n	B	dimness; the quality of being dim		dustal 'dim' + -Oth (abstract)	*dustal-	dustal+Oth	ORL+still (152) + O th	@dustal+O.th	tier3-sys	
O0526	dustalow		n	B	a dim place, a shade		dustal 'dim' + -ow (place)	*dustal-	dustal+ow	ORL+still (152) + o w	@dustal+o.w	tier3-sys	
O0527	duver	duvēros	n	S	an adze	an adze	*dufeir- 'an adze' (reserve, ancestor §3.3): Hal duvēros > duver	*dufeir-	*dufeir-		letters: d.u.v.e.r	reserve	adze
O0528	duverel		n	S	a small adze; a single adze		duver 'an adze' + -el (singulative, 'little')	*dufeir-	duver+el		letters: d.u.v.e.r.e.l	tier3-sys	
O0529	duveren		adj	S	of adzes; adze-like		duver 'an adze' + -en ('of, belonging to')	*dufeir-	duver+en		letters: d.u.v.e.r.e.n	tier3-sys	
O0530	dyll	dyllis	adj	S	rich	rich	*duʔl- 'rich' (reserve, ancestor §3.3): Hal dyllis > dyll	*duʔl-	*duʔl-		letters: d.y.l.l	reserve	rich
O0531	dyllan		n	B	the rich		dyll 'rich' + -an (collective, 'the folk of')	*duʔl-	dyll+an		letters: d.y.l.l.a.n	tier3-sys	
O0532	dyllerd		n	S	a rich man		dyll 'rich' + -Ard (agent)	*duʔl-	dyll+Ard		letters: d.y.l.l.A.r.d	tier3-sys	
O0533	dyllyth		n	S	worth; richness; the quality of being rich		dyll 'rich' + -Oth (abstract)	*duʔl-	dyll+Oth		letters: d.y.l.l.O.th	tier3	worth
O0534	dynd	dyndis	n	S	a week, a turn of days	a week, a turn of days	*duʔnd- 'a week, a turn of days' (reserve, ancestor §3.3): Hal dyndis > dynd	*duʔnd-	*duʔnd-		letters: d.y.n.d	reserve	week
O0535	dyss	dyssis	adj	S	strange	strange	*duʔs- 'strange' (reserve, ancestor §3.3): Hal dyssis > dyss	*duʔs-	*duʔs-		letters: d.y.s.s	reserve	strange
O0536	dyssel		adj	S	odd, a little strange		dyss 'strange' + -el (singulative, 'little')	*duʔs-	dyss+el		letters: d.y.s.s.e.l	tier3-sys	
O0537	dysserd		n	S	an odd one, a stranger in his ways		dyss 'strange' + -Ard (agent)	*duʔs-	dyss+Ard		letters: d.y.s.s.A.r.d	tier3-sys	
O0538	dyssyth		n	S	strangeness; the quality of being strange		dyss 'strange' + -Oth (abstract)	*duʔs-	dyss+Oth		letters: d.y.s.s.O.th	tier3-sys	
O0539	Eirlenth		loan	S	Eirlenth, the Long Winter		a Mystaeri word, borrowed by sound (orrowen_v2 §6.14 D7: loan words and Mystaeri names are spelled by sound, the knock as a wedge inside the word)	(Seilrhass)	loan		e.i.r.l.e.n.th	tier3	Eirlenth
O0540	el	elis	v	S	is (the copula); is · was · is not · was not (the copula); be (the copula)	is (the copula); is · was · is not · was not (the copula)	*el- / egw- 'be such': *el-i-s > Hal elis > el (H2)	*el-	*el-i-s		left out (a mortar word, D2)	canon	be
O0541	ell	ello	conj,adv	S	or; else; otherwise	or	*ell- 'or, else': *ell-o > Hal ello > ell (H2)	*ell-	*ell-o		left out (a mortar word, D2)	canon	else, or, otherwise
O0542	ell nath		conj	B	nor		a phrase: ell or + nath NEG(+N)	*ell-, *na-	phrase		!	tier3	nor
O0543	elth	elthis	n	S	a star	a star	*eʔlth- 'a star' (reserve, ancestor §3.3): Hal elthis > elth	*eʔlth-	*eʔlth-	ORL+three (145)	@elth	reserve	star
O0544	elthan		n	B	a constellation		elth 'a star' + -an (collective, 'the folk of')	*eʔlth-	elth+an	ORL+three (145) + a n	@elth+a.n	tier3-sys	
O0545	elthel		n	S	a small star; a single star		elth 'a star' + -el (singulative, 'little')	*eʔlth-	elth+el	ORL+three (145) + e l	@elth+e.l	tier3-sys	
O0546	elthen		adj	S	of stars; star-like		elth 'a star' + -en ('of, belonging to')	*eʔlth-	elth+en	ORL+three (145) + e n	@elth+e.n	tier3-sys	
O0547	elthwaegyth		n	S	starlight		elth 'a star' + S baeg 'bright' + -Oth (abstract) (compound: the head softened, §3.10)	*eʔlth-, *baig-	elth^baeg+Oth		letters: e.l.th.w.a.e.g.O.th	tier3	
O0548	en	enan	pron	S	I; my (+N); I/my	I; my (+N); I/my	*en- 'I, this one here': *en-an > Hal enan > en (H1,H2)	*en-	*en-an		left out (a mortar word, D2)	canon	i
O0549	es	esan	part	S	future particle (+N); future particle; shall (the future particle); will (the future particle); would (the future particle, in a past frame)	future particle (+N); future particle	*es 'at another time, not now': *es-an > Hal esan > es (H1,H2)	*es	*es-an		left out (a mortar word, D2)	canon	shall, will, would
O0550	esk	eskos	v	S	cover; close, close over; fold, wrap	cover	*eʔsk- 'cover' (reserve, ancestor §3.3): Hal eskos > esk	*eʔsk-	*eʔsk-		letters: e.s.k	reserve	close, fold, wrap
O0551	eskerd		n	S	one who covers		esk 'cover' + -Ard (agent)	*eʔsk-	esk+Ard		letters: e.s.k.A.r.d	tier3-sys	
O0552	esket		n,adj	S	a veil ('a cover'); covered (the participle)		esk 'cover' + -At (participle)	*eʔsk-	esk+At		letters: e.s.k.A.t	tier3	veil
O0553	eskyl		n	S	covering; the act of covering		esk 'cover' + -Ol (verbal noun)	*eʔsk-	esk+Ol		letters: e.s.k.O.l	tier3-sys	
O0554	essa	essā	n	B	a woman	a woman	*ess- 'a woman': *ess-aʔ > Hal essā > essa (O1,H3)	*ess-	*ess-aʔ		letters: e.s.s.a	canon	woman
O0555	essan		n	B	womankind, the women		essa 'a woman' + -an (collective, 'the folk of')	*ess-	essa+an		letters: e.s.s.a.n	tier3-sys	
O0556	essel		n	S	little woman, dear woman		essa 'a woman' + -el (singulative, 'little')	*ess-	essa+el		letters: e.s.s.e.l	tier3-sys	
O0557	Esthaer		loan	S	Esthaer, the Burning		a Mystaeri word, borrowed by sound (orrowen_v2 §6.14 D7: loan words and Mystaeri names are spelled by sound, the knock as a wedge inside the word)	(Seilrhass)	loan		e.s.th.a.e.r	tier3	Esthaer
O0558	et	etas	art	S	the (the article); the (the article; never mutates)	the (the article); the (the article; never mutates)	*et- / itt- 'this very one, the same': *et-as > Hal etas > et (H2)	*et-	*et-as		left out (a mortar word, D2)	canon	the
O0559	et Delv		n,name	S	the Twelve: the True Men	the Twelve: the True Men	canon formation: et + delv (the Twelve)		et+delv		%d	canon	
O0560	et Hosk		n	B	the Title ('the lintel')	the Title ('the lintel')	canon formation: et + hosk (the Title)		et+hosk	TOLM+cope (2)	@hosk	canon	
O0561	et Lodhan		phr,n	B	the Bonded; the Aetherbonded, the Bonded	the Bonded	orrowen_v2 §5.2: 'those of the mortar'			LODH (291) + a n	@lodh+a.n	canon	Aetherbonded
O0562	eth	ethas	conj,adv	S	and; besides, also; too, also	and	*eθ- 'and, also': *eth-as > Hal ethas > eth (H2)	*eθ-	*eth-as		left out (a mortar word, D2)	canon	and, besides, too
O0563	Eth re dhess nahos		phr	B	And no one answered ('and answered no one')		a phrase: Eth and + re PST(+S) + dhess S·answer + nahos none	*eθ-, *re, *tess-, *hos-	phrase	BROD+turn (201)	@tess letters: n.a.h.o.s	tier3	
O0564	Eth re vysk et odh: Tumar		phr	B	And the hearth said: We remember		a phrase: Eth and + re PST(+S) + vysk S·say + et the + odh hearth + Tumar we.remember	*eθ-, *re, *muʔsk-, *et-, *oð-	phrase	BROD+still (206) · ODH (57)	@mysk @odh letters: t.u.m.a.r	tier3	
O0565	ew	ewas	v	S	was; is · was · is not · was not (the copula)	was; is · was · is not · was not (the copula)	*el- / egw- 'be such': *egw-as > Hal ewas > ew (O4,H2)	*el-	*egw-as		left out (a mortar word, D2)	canon	
O0566	ey	eyas	pron	S	she; her; she/her	she; her; she/her	*ey- 'she': *ey-as > Hal eyas > ey (H2)	*ey-	*ey-as		left out (a mortar word, D2)	canon	she
O0567	farr	hwarros	v	B	sail (v.)	sail (v.)	*xwaʔr- 'sail' (reserve, ancestor §3.3): Hal hwarros > farr	*xwaʔr-	*xwaʔr-	SCETH+wedge (180)	@farr	reserve	sail
O0568	farrard		n	B	a sailor; one who sails		farr 'sail' + -Ard (agent)	*xwaʔr-	farr+Ard	SCETH+wedge (180) + A r d	@farr+A.r.d	tier3	sailor
O0569	farrat		adj	B	sailed (the participle)		farr 'sail' + -At (participle)	*xwaʔr-	farr+At	SCETH+wedge (180) + A t	@farr+A.t	tier3-sys	
O0570	farrol		n	B	a voyage; sailing; the act of sailing		farr 'sail' + -Ol (verbal noun)	*xwaʔr-	farr+Ol	SCETH+wedge (180) + O l	@farr+O.l	tier3	voyage
O0571	Farrol et Aelvaren		name	S	IV.6 The Voyage of the Aelvaren		a phrase: Farrol voyage + et the + Aelvaren Aelvaren	*xwaʔr-, *et-, (Seilrhass)	phrase	SCETH+wedge (180) + O l	@farr+O.l a.e.l.v.a.r.e.n	tier3	
O0572	farrow		n	B	a sea-lane, a sailing-ground		farr 'sail' + -ow (place)	*xwaʔr-	farr+ow	SCETH+wedge (180) + o w	@farr+o.w	tier3-sys	
O0573	fedh	hwedhis	n,adv	S	a time, a season; ever (at any time)	a time, a season	*xwadh- 'a time, a season' (reserve, ancestor §3.3): Hal hwedhis > fedh	*xwadh-	*xwadh-	ORL+course (147)	@fedh	reserve	ever, season, time
O0574	fedhen		adj	S	timely, seasonable		fedh 'a time, a season' + -en ('of, belonging to')	*xwadh-	fedh+en	ORL+course (147) + e n	@fedh+e.n	tier3-sys	
O0575	fedhet		adj	S	seasoned		fedh 'a time, a season' + -At (participle)	*xwadh-	fedh+At	ORL+course (147) + A t	@fedh+A.t	tier3	season
O0576	fedheth		adv	S	sometimes ('times')		fedh 'a time, a season' + -Ath (plural)	*xwadh-	fedh+Ath	ORL+course (147) + A th	@fedh+A.th	tier3	sometimes
O0577	felm	hwelmos	v	S	drown; sink	drown	*xweʔlm- 'drown' (reserve, ancestor §3.3): Hal hwelmos > felm	*xweʔlm-	*xweʔlm-	SCETH+fade (181)	@felm	reserve	drown, sink
O0578	felmerd		n	S	one who drowns		felm 'drown' + -Ard (agent)	*xweʔlm-	felm+Ard	SCETH+fade (181) + A r d	@felm+A.r.d	tier3-sys	
O0579	felmet		adj	S	drowned (the participle)		felm 'drown' + -At (participle)	*xweʔlm-	felm+At	SCETH+fade (181) + A t	@felm+A.t	tier3-sys	
O0580	felmyl		n	S	drowning; the act of drowning		felm 'drown' + -Ol (verbal noun)	*xweʔlm-	felm+Ol	SCETH+fade (181) + O l	@felm+O.l	tier3-sys	
O0581	felv	hwelvis	v	S	swim	swim	*xwaʔlf- 'swim' (reserve, ancestor §3.3): Hal hwelvis > felv	*xwaʔlf-	*xwaʔlf-		letters: f.e.l.v	reserve	
O0582	felverd		n	S	one who swims		felv 'swim' + -Ard (agent)	*xwaʔlf-	felv+Ard		letters: f.e.l.v.A.r.d	tier3-sys	
O0583	felvet		adj	S	swum (the participle)		felv 'swim' + -At (participle)	*xwaʔlf-	felv+At		letters: f.e.l.v.A.t	tier3-sys	
O0584	felvow		n	B	a bathing-pool		felv 'swim' + -ow (place)	*xwaʔlf-	felv+ow		letters: f.e.l.v.o.w	tier3-sys	
O0585	felvyl		n	S	swimming; the act of swimming		felv 'swim' + -Ol (verbal noun)	*xwaʔlf-	felv+Ol		letters: f.e.l.v.O.l	tier3-sys	
O0586	femm	hwemmos	v	S	touch	touch	*xweʔm- 'touch' (reserve, ancestor §3.3): Hal hwemmos > femm	*xweʔm-	*xweʔm-	GARL+drop (222)	@femm	reserve	touch
O0587	femmerd		n	S	one who touches		femm 'touch' + -Ard (agent)	*xweʔm-	femm+Ard	GARL+drop (222) + A r d	@femm+A.r.d	tier3-sys	
O0588	femmet		adj	S	touched (the participle)		femm 'touch' + -At (participle)	*xweʔm-	femm+At	GARL+drop (222) + A t	@femm+A.t	tier3-sys	
O0589	femmyl		n	S	touching; the act of touching		femm 'touch' + -Ol (verbal noun)	*xweʔm-	femm+Ol	GARL+drop (222) + O l	@femm+O.l	tier3-sys	
O0590	fenn	hwennos	v	S	follow	follow	*xwenn- 'follow' (reserve, ancestor §3.3): Hal hwennos > fenn	*xwenn-	*xwenn-	TRENN+lone (50)	@fenn	reserve	follow
O0591	fennerd		n	S	one who follows		fenn 'follow' + -Ard (agent)	*xwenn-	fenn+Ard	TRENN+lone (50) + A r d	@fenn+A.r.d	tier3-sys	
O0592	fennet		adj	S	next (followed); followed (the participle)		fenn 'follow' + -At (participle)	*xwenn-	fenn+At	TRENN+lone (50) + A t	@fenn+A.t	tier3	next
O0593	fennyl		n	S	following; the act of following		fenn 'follow' + -Ol (verbal noun)	*xwenn-	fenn+Ol	TRENN+lone (50) + O l	@fenn+O.l	tier3-sys	
O0594	ferr	hwerros	v	S	bow, bend low; flinch; lean; nod; slope; tip	bow, bend low	*xweirr- 'bow, bend low' (reserve, ancestor §3.3): Hal hwerros > ferr	*xweirr-	*xweirr-	LUMM+turn (256)	@ferr	reserve	bend, bow, flinch, lean, nod, slope, tip
O0595	ferrerd		n	S	one who bows or bends low		ferr 'bow, bend low' + -Ard (agent)	*xweirr-	ferr+Ard	LUMM+turn (256) + A r d	@ferr+A.r.d	tier3-sys	
O0596	ferret		adj	S	crooked, bent; bowed, bent low (the participle)		ferr 'bow, bend low' + -At (participle)	*xweirr-	ferr+At	LUMM+turn (256) + A t	@ferr+A.t	tier3	crooked
O0597	ferryl		n	S	bowing; bending low; the act of bowing		ferr 'bow, bend low' + -Ol (verbal noun)	*xweirr-	ferr+Ol	LUMM+turn (256) + O l	@ferr+O.l	tier3-sys	
O0598	feth	hwethos	n	S	moss	moss	*xweth- 'moss' (reserve, ancestor §3.3): Hal hwethos > feth	*xweth-	*xweth-	MESK+still (194)	@feth	reserve	moss
O0599	fethen		adj	S	mossy		feth 'moss' + -en ('of, belonging to')	*xweth-	feth+en	MESK+still (194) + e n	@feth+e.n	tier3-sys	
O0600	fethet		adj	S	mossed, moss-grown ('provided with X': -At on a noun)		feth 'moss' + -At (participle)	*xweth-	feth+At	MESK+still (194) + A t	@feth+A.t	tier3-sys	
O0601	fethow		n	B	a mossy place, a moss		feth 'moss' + -ow (place)	*xweth-	feth+ow	MESK+still (194) + o w	@feth+o.w	tier3-sys	
O0602	fidh	hwidhos	n	S	foam	foam	*xwidh- 'foam' (reserve, ancestor §3.3): Hal hwidhos > fidh	*xwidh-	*xwidh-		letters: f.i.dh	reserve	
O0603	filv	hwilvos	n	S	a dream	a dream	*xwiʔlf- 'a dream' (reserve, ancestor §3.3): Hal hwilvos > filv	*xwiʔlf-	*xwiʔlf-	TUM+fade (127)	@filv	reserve	
O0604	fimm	hwimmis	v	S	drink	drink	*xwiʔm- 'drink' (reserve, ancestor §3.3): Hal hwimmis > fimm	*xwiʔm-	*xwiʔm-	WADH+cup (314)	@fimm	reserve	drink
O0605	fimmerd		n	S	one who drinks		fimm 'drink' + -Ard (agent)	*xwiʔm-	fimm+Ard	WADH+cup (314) + A r d	@fimm+A.r.d	tier3-sys	
O0606	fimmet		adj	S	drunk (the participle)		fimm 'drink' + -At (participle)	*xwiʔm-	fimm+At	WADH+cup (314) + A t	@fimm+A.t	tier3-sys	
O0607	fimmow		n	B	a drinking-place, a watering-place		fimm 'drink' + -ow (place)	*xwiʔm-	fimm+ow	WADH+cup (314) + o w	@fimm+o.w	tier3-sys	
O0608	fimmyl		n	S	drinking; the act of drinking		fimm 'drink' + -Ol (verbal noun)	*xwiʔm-	fimm+Ol	WADH+cup (314) + O l	@fimm+O.l	tier3-sys	
O0609	firr	hwirris	v	S	lie down; lie (down)	lie down	*xwiʔr- 'lie down' (reserve, ancestor §3.3): Hal hwirris > firr	*xwiʔr-	*xwiʔr-		letters: f.i.r.r	reserve	lie
O0610	firrerd		n	S	one who lies down		firr 'lie down' + -Ard (agent)	*xwiʔr-	firr+Ard		letters: f.i.r.r.A.r.d	tier3-sys	
O0611	firret		adj	S	lain down (the participle)		firr 'lie down' + -At (participle)	*xwiʔr-	firr+At		letters: f.i.r.r.A.t	tier3-sys	
O0612	firrow		n	B	a lying-place, a lair		firr 'lie down' + -ow (place)	*xwiʔr-	firr+ow		letters: f.i.r.r.o.w	tier3-sys	
O0613	firryl		n	S	lying down; the act of lying down		firr 'lie down' + -Ol (verbal noun)	*xwiʔr-	firr+Ol		letters: f.i.r.r.O.l	tier3-sys	
O0614	flenn	hwlennā	n	S	a leaf of a book or of slate; a sheet; a page	a leaf of a book or of slate; a sheet	*xwle- 'a thin sheet': *xwlen-naʔ > Hal hwlennā > flenn (O1,O4,H2,H4)	*xwle-	*xwlen-naʔ	TRENN+three (48)	@flenn	canon	leaf, page, sheet
O0615	flenn hosast		n	B	a foreword (the first leaf)		a phrase: flenn leaf.of.a.book.or.of.slate + hosast first	*xwle-	phrase	TRENN+three (48) · FORE (328)	@flenn @hosast	tier3	foreword
O0616	Flenn Seren		name	S	Of This Book (Seren's foreword: 'the leaf of Seren')		a phrase: Flenn leaf.of.a.book.or.of.slate + Seren Seren	*xwle-, *reŋ-, *swe-	phrase	TRENN+three (48)	@flenn s.e.r.e.n	tier3	
O0617	flennath		n	B	the Book; a book	the Book	canon formation: flenn + -ath (the Book: broad, as an old ā-stem (see tevath))		flenn+-ath	TRENN+three (48) + a th	@flenn+a.th	canon	book
O0618	Flennath Dholm Treskat		name	B	the Book of the Riven Stone		a phrase: Flennath Book + Dholm S·stone + Treskat riven	*tol-	phrase	TRENN+three (48) + a th · TOLM (1) · CRESK+gap (74) + a t	@flenn+a.th @tolm @tresk+a.t	tier3	
O0619	Flennath et Cumm		name	B	Book Three: the Book of the Havens		a phrase: Flennath Book + et the + Cumm haven	*et-, *kumm-	phrase	TRENN+three (48) + a th · HALD+still (25)	@flenn+a.th @cumm	tier3	
O0620	Flennath et Galdard		name	B	Book Two: the Book of the Builders		a phrase: Flennath Book + et the + Galdard builder	*et-, *gal-	phrase	TRENN+three (48) + a th · HALD+course (24) + A r d	@flenn+a.th @gald+A.r.d	tier3	
O0621	Flennath et Grest		name	S	Book Four: the Book of the Wound		a phrase: Flennath Book + et the + Grest harm	*et-, *grest-	phrase	TRENN+three (48) + a th · CRESK+drop (75)	@flenn+a.th @grest	tier3	
O0622	Flennath et Hald		name	B	Book One: the Book of the Wall		a phrase: Flennath Book + et the + Hald wall	*et-, *xal-	phrase	TRENN+three (48) + a th · HALD (21)	@flenn+a.th @hald	tier3	
O0623	Flennath et Hyll		name	S	Book Five: the Book of the Tides		a phrase: Flennath Book + et the + Hyll tide	*et-, *hull-	phrase	TRENN+three (48) + a th · WADH+turn (303)	@flenn+a.th @hyll	tier3	
O0624	Flennath et Mesk Lurrel		name	S	Book Six: the Book of the Green Wood		a phrase: Flennath Book + et the + Mesk tree + Lurrel green	*et-, *mosk-	phrase	TRENN+three (48) + a th · MESK (186) · MESK+three (187) + e l	@flenn+a.th @mesk @lurr+e.l	tier3	
O0625	Flennath Hethyleth		name	S	the Book of Knowings (kethyleth softened as possessor)		a phrase: Flennath Book + Hethyleth spring-VN-PL	*heth-	phrase	TRENN+three (48) + a th · ORL+bough (150)	@flenn+a.th @heth+O.l.A.th	tier3	
O0626	flennel		n	S	a tablet ('a small leaf')		flenn 'a leaf of a book or of slate' + -el (singulative, 'little')	*xwle-	flenn+el	TRENN+three (48) + e l	@flenn+e.l	tier3	tablet
O0627	flennen		adj	S	of leaf of a book or of slates; leaf of a book or of slate-like		flenn 'a leaf of a book or of slate' + -en ('of, belonging to')	*xwle-	flenn+en	TRENN+three (48) + e n	@flenn+e.n	tier3-sys	
O0628	flennerd		n	S	a bookman, a keeper of leaves ('the one of the leaf of a book or of slate')		flenn 'a leaf of a book or of slate' + -Ard (agent)	*xwle-	flenn+Ard	TRENN+three (48) + A r d	@flenn+A.r.d	tier3-sys	
O0629	flennluth		n	B	leaf-ink, the scribe's ink		flenn 'a leaf of a book or of slate' + S luth 'ink' (compound: the head softened, §3.10)	*xwle-, *luθ-	flenn^luth	TRENN+three (48) · TRENN+fade (47)	@flenn@luth	tier3	
O0630	flennow		n	B	a library, a place of leaves		flenn 'a leaf of a book or of slate' + -ow (place)	*xwle-	flenn+ow	TRENN+three (48) + o w	@flenn+o.w	tier3-sys	
O0631	fodh	hwādhos	n	B	a wave; a swell	a wave	*xwaʔdh- 'a wave' (reserve, ancestor §3.3): Hal hwādhos > fodh	*xwaʔdh-	*xwaʔdh-	WADH+zig (311)	@fodh	reserve	swell, wave
O0632	fodhan		n	B	the breakers, a run of waves		fodh 'a wave' + -an (collective, 'the folk of')	*xwaʔdh-	fodh+an	WADH+zig (311) + a n	@fodh+a.n	tier3-sys	
O0633	fodhel		n	S	a ripple ('a small wave'); a small wave; a single wave		fodh 'a wave' + -el (singulative, 'little')	*xwaʔdh-	fodh+el	WADH+zig (311) + e l	@fodh+e.l	tier3	ripple
O0634	fodhen		adj	S	of waves; wave-like		fodh 'a wave' + -en ('of, belonging to')	*xwaʔdh-	fodh+en	WADH+zig (311) + e n	@fodh+e.n	tier3-sys	
O0635	fodhfidh		n	S	spume, wave-foam		fodh 'a wave' + S fidh 'foam' (compound: the head softened, §3.10)	*xwaʔdh-, *xwidh-	fodh^fidh		letters: f.o.dh.f.i.dh	tier3	
O0636	fodhow		n	B	a surf-beach, where the waves break		fodh 'a wave' + -ow (place)	*xwaʔdh-	fodh+ow	WADH+zig (311) + o w	@fodh+o.w	tier3-sys	
O0637	fodhrellor		n	B	the wave-sign		fodh 'a wave' + S rellor 'a sign, a signal' (compound: the head softened, §3.10)	*xwaʔdh-, *reillor-	fodh^rellor	WADH+zig (311) · BROD+notch (209)	@fodh@rellor	tier3	wave-sign
O0638	frenn	hwrennos	n	S	frost, rime	frost, rime	*xwre- 'rime, frost': *xwren-n-o-s > Hal hwrennos > frenn (O4,H2,H4)	*xwre-	*xwren-n-o-s	WADH+pale (307)	@frenn	canon	frost
O0639	frennen		adj	S	frosty		frenn 'frost, rime' + -en ('of, belonging to')	*xwre-	frenn+en	WADH+pale (307) + e n	@frenn+e.n	tier3-sys	
O0640	frennet		adj	S	rimed, frosted ('provided with X': -At on a noun)		frenn 'frost, rime' + -At (participle)	*xwre-	frenn+At	WADH+pale (307) + A t	@frenn+A.t	tier3-sys	
O0641	frennorl		n	B	a frost-day		frenn 'frost, rime' + S orl 'a day' (compound: the head softened, §3.10)	*xwre-, *orl-	frenn^orl	WADH+pale (307) · ORL (136)	@frenn@orl	tier3	
O0642	frennow		n	B	a frost-land, a rime-field		frenn 'frost, rime' + -ow (place)	*xwre-	frenn+ow	WADH+pale (307) + o w	@frenn+o.w	tier3-sys	
O0643	Frennvar		name	B	Rimewatch ('frost-guard'); Rimewatch (frost-guard)	Rimewatch ('frost-guard')	canon formation: frenn + par (Rimewatch (p > v))		frenn+par		f.r.e.n.n.v.a.r	canon	Rimewatch
O0644	fymm	hwymmos	v	S	sow seed	sow seed	*xwuimm- 'sow seed' (reserve, ancestor §3.3): Hal hwymmos > fymm	*xwuimm-	*xwuimm-		letters: f.y.m.m	reserve	
O0645	fymmerd		n	S	one who sows seed		fymm 'sow seed' + -Ard (agent)	*xwuimm-	fymm+Ard		letters: f.y.m.m.A.r.d	tier3-sys	
O0646	fymmet		n,adj	S	seed ('a sown thing'); sown seed (the participle)		fymm 'sow seed' + -At (participle)	*xwuimm-	fymm+At		letters: f.y.m.m.A.t	tier3	seed
O0647	fymmet dhenthen		n	S	the winged seed		a phrase: fymmet seed + dhenthen winged	*xwuimm-, *dhenth-	phrase		letters: f.y.m.m.A.t letters: dh.e.n.th.e.n	tier3	
O0648	fymmow		n	B	a sown field		fymm 'sow seed' + -ow (place)	*xwuimm-	fymm+ow		letters: f.y.m.m.o.w	tier3-sys	
O0649	fymmyl		n	S	sowing seed; the act of sowing seed		fymm 'sow seed' + -Ol (verbal noun)	*xwuimm-	fymm+Ol		letters: f.y.m.m.O.l	tier3-sys	
O0650	gaed	gēdis	n	S	dry land	dry land	*geʔd- 'dry land' (reserve, ancestor §3.3): Hal gēdis > gaed	*geʔd-	*geʔd-	LODH+lone (295)	@gaed	reserve	land
O0651	gaedan		n	B	the landsfolk		gaed 'dry land' + -an (collective, 'the folk of')	*geʔd-	gaed+an	LODH+lone (295) + a n	@gaed+a.n	tier3-sys	
O0652	gaeden		adj	S	of dry land		gaed 'dry land' + -en ('of, belonging to')	*geʔd-	gaed+en	LODH+lone (295) + e n	@gaed+e.n	tier3-sys	
O0653	gal	galos	v	B	(old) was: the suppletive past of doss, re yal-	(old) was: the suppletive past of doss, re yal-	*gal- 'set up, raise': *gal-o-s > Hal galos > gal (H2)	*gal-	*gal-o-s		letters: g.a.l	canon	
O0654	galat		pron,n	B	anything (a thing); something, a thing; a thing ('what stands made')		gal 'was' + -At (participle)	*gal-	gal+At		letters: g.a.l.A.t	tier3	anything, something, thing
O0655	gald	galdos	v	B	(v.) build, raise a work; do, make	(v.) build, raise a work	*gal- 'set up, raise': *gal-d-o-s > Hal galdos > gald (H2)	*gal-	*gal-d-o-s	HALD+course (24)	@gald	canon	build, do, make, raise
O0656	galdard		n	B	a builder; one who builds or raises a work		gald 'build, raise a work' + -Ard (agent)	*gal-	gald+Ard	HALD+course (24) + A r d	@gald+A.r.d	tier3	builder
O0657	galdat		n,adj	B	a building, a work; a deed, a thing done; built, raised a work (the participle); done, made (the participle of gald in its senses 'do, make'); of a rite: done, performed		gald 'build, raise a work' + -At (participle) [wf8: the sense 'done, made (the participle of gald in its senses 'do, make'); of a rite' added by unit S02]	*gal-	gald+At	HALD+course (24) + A t	@gald+A.t	tier3	building, deed, work, done, performed
O0658	galdol		n	B	building; raising a work; the act of building		gald 'build, raise a work' + -Ol (verbal noun)	*gal-	gald+Ol	HALD+course (24) + O l	@gald+O.l	tier3-sys	
O0659	galdow		n	B	a building-site, a works		gald 'build, raise a work' + -ow (place)	*gal-	gald+ow	HALD+course (24) + o w	@gald+o.w	tier3-sys	
O0660	gand	gandos	adj	B	sharp	sharp	*gaʔnd- 'sharp' (reserve, ancestor §3.3): Hal gandos > gand	*gaʔnd-	*gaʔnd-		letters: g.a.n.d	reserve	sharp
O0661	gandoth		n	B	precision (sharpness); sharpness; the quality of being sharp		gand 'sharp' + -Oth (abstract)	*gaʔnd-	gand+Oth		letters: g.a.n.d.O.th	tier3	precision
O0662	gann	gannos	n	B	a post, an upright; a doorpost; a piling; a pillar (of the wood); a pole; a trunk	a post, an upright	*gann- 'a post, an upright': *gann-o-s > Hal gannos > gann (H2)	*gann-	*gann-o-s	GANNA+lone (285)	@gann	canon	doorpost, piling, pillar, pole, post, trunk
O0663	gann domm		adj	B	dark-trunked		a phrase: gann post + domm black	*gann-, *domm-	phrase	GANNA+lone (285) · TOLM+fade (13)	@gann @domm	tier3	dark-trunked
O0664	ganna	gannā	n	B	a gate ('the two posts'); a gate; a gateway; a pair (a pair is a gate)	a gate ('the two posts'); a gate	*gann- 'a post, an upright': *gann-aʔ > Hal gannā > ganna (O1,H3)	*gann-	*gann-aʔ	GANNA (284)	@ganna	canon	gate, gateway, pair
O0665	ganna ulvenn		n	S	the inner gate	the inner gate	canon (orrowen_v2): ganna gate + ulvenn inner	*gann-	phrase	GANNA (284) · VENN+cup (271)	@ganna @ulvenn	canon	
O0666	gannadholm		n	B	a gatestone		ganna 'a gate' + S tolm 'a stone' (compound: the head softened, §3.10)	*gann-, *tol-	ganna^tolm	GANNA (284) · TOLM (1)	@ganna@tolm	tier3	
O0667	gannahosk		n	B	a gate-lintel		ganna 'a gate' + S hosk 'a lintel' (compound: the head softened, §3.10)	*gann-, *hosk-	ganna^hosk	GANNA (284) · TOLM+cope (2)	@ganna@hosk	tier3	
O0668	gannalest		n	S	a gatehouse ('gate-house')		ganna 'a gate' + S lest 'a house' (compound: the head softened, §3.10)	*gann-, *last-	ganna^lest	GANNA (284) · HALD+door (22)	@ganna@lest	tier3	gatehouse
O0669	gannan		n	B	a palisade, a row of posts		gann 'a post, an upright' + -an (collective, 'the folk of')	*gann-	gann+an	GANNA+lone (285) + a n	@gann+a.n	tier3-sys	
O0670	gannat		adj	B	posted, fenced with posts ('provided with X': -At on a noun)		gann 'a post, an upright' + -At (participle)	*gann-	gann+At	GANNA+lone (285) + A t	@gann+A.t	tier3-sys	
O0671	gannath		n	B	posts; a palisade (a plural with a sense of its own)		gann 'a post, an upright' + -Ath (plural)	*gann-	gann+Ath	GANNA+lone (285) + A th	@gann+A.th	tier3-sys	
O0672	gannath domm		n	B	the black pillars (the posts of the wood, black)		a phrase: gannath posts + domm black	*gann-, *domm-	phrase	GANNA+lone (285) + A th · TOLM+fade (13)	@gann+A.th @domm	tier3	
O0673	Gannath Myst		n	S	the Mystholders; the Mystholders (posts of the grey)	the Mystholders	canon formation: gann + -ath + myst (the Mystholders)		gann+-ath+myst	GANNA+lone (285) + A th · WADH+fade (302)	@gann+A.th @myst	canon	Mystholders
O0674	gannavard		n	B	a gatekeeper, a warden of the gate		ganna 'a gate' + S pard 'a warden, a keeper' (compound: the head softened, §3.10)	*gann-, *par-	ganna^pard		letters: g.a.n.n.a.v.a.r.d	tier3	
O0675	gannel		n	S	a small post; a single post		gann 'a post, an upright' + -el (singulative, 'little')	*gann-	gann+el	GANNA+lone (285) + e l	@gann+e.l	tier3-sys	
O0676	gannen		adj	S	of posts; post-like		gann 'a post, an upright' + -en ('of, belonging to')	*gann-	gann+en	GANNA+lone (285) + e n	@gann+e.n	tier3-sys	
O0677	ganur	ganuros	v	B	chase, drive before one	chase, drive before one	*ganur- 'chase, drive before one' (reserve, ancestor §3.3): Hal ganuros > ganur	*ganur-	*ganur-		letters: g.a.n.u.r	reserve	chase
O0678	ganurard		n	B	a hunter; one who chases or drives before one		ganur 'chase, drive before one' + -Ard (agent)	*ganur-	ganur+Ard		letters: g.a.n.u.r.A.r.d	tier3	hunter
O0679	ganurat		adj	B	chased, drived before one (the participle)		ganur 'chase, drive before one' + -At (participle)	*ganur-	ganur+At		letters: g.a.n.u.r.A.t	tier3-sys	
O0680	ganurol		n	B	chasing; driving before one; the act of chasing		ganur 'chase, drive before one' + -Ol (verbal noun)	*ganur-	ganur+Ol		letters: g.a.n.u.r.O.l	tier3-sys	
O0681	garl	garlos	n,v	B	a hand; a hand of writing; a fist; use, handle	a hand; a hand of writing	*garl- 'a hand': *garl-o-s > Hal garlos > garl (H2)	*garl-	*garl-o-s	GARL (213)	@garl	canon	fist, hand, use
O0682	garl brenth		n	S	the coal hand: the Captain's hand, the Title only	the coal hand: the Captain's hand, the Title only	canon (orrowen_v2): garl hand + brenth coal	*garl-, *branθ-	phrase	GARL (213) · VORR+still (155)	@garl @brenth	canon	
O0683	Garl Dhrenn		name	S	the course-hand ('the hand of the course'): the script	the course-hand ('the hand of the course'): the script	canon (orrowen_v2): Garl hand + Dhrenn S·course.of.stones	*garl-, *trenn-	phrase	GARL (213) · TRENN (39)	@garl @trenn	canon	
O0684	Garl Flenn		name	S	the leaf-hand: the scribes' running hand, the one the Book is written in	the leaf-hand: the scribes' running hand, the one the Book is written in	canon (orrowen_v2): Garl hand + Flenn leaf.of.a.book.or.of.slate	*garl-, *xwle-	phrase	GARL (213) · TRENN+three (48)	@garl @flenn	canon	
O0685	Garl Hal		name	B	the bedrock hand: the first builders' hand; the bedrock hand, the first builders' hand	the bedrock hand: the first builders' hand	canon (orrowen_v2): Garl hand + Hal bedrock	*garl-, *xal-	phrase	GARL (213) · TOLM+course (12)	@garl @hal	canon	
O0686	garlan		n	B	a crew of hands		garl 'a hand' + -an (collective, 'the folk of')	*garl-	garl+an	GARL (213) + a n	@garl+a.n	tier3-sys	
O0687	garlard		n	B	one who uses or handles		garl 'a hand' + -Ard (agent)	*garl-	garl+Ard	GARL (213) + A r d	@garl+A.r.d	tier3-sys	
O0688	garlat		adj	B	used, handled (the participle)		garl 'a hand' + -At (participle)	*garl-	garl+At	GARL (213) + A t	@garl+A.t	tier3-sys	
O0689	garlel		n	S	a tool ('a small hand')		garl 'a hand' + -el (singulative, 'little')	*garl-	garl+el	GARL (213) + e l	@garl+e.l	tier3	tool
O0690	garlol		n	B	using; handling; the act of using		garl 'a hand' + -Ol (verbal noun)	*garl-	garl+Ol	GARL (213) + O l	@garl+O.l	tier3-sys	
O0691	garlremull		n	B	a palm ('hand-hollow')		garl 'a hand' + S demull 'a low place, a hollow' (compound: the head softened, §3.10)	*garl-, *demull-	garl^demull	GARL (213) · LODH+cup (299)	@garl@demull	tier3	palm
O0692	Garvel	garvelos	name	S	Garvel, 'little smith' (garf- 'forge', a Hal word lost from the living tongue)	Garvel, 'little smith' (garf- 'forge', a Hal word lost from the living tongue)	*garf-el-o-s > Hal garvelos > garvel (O4,H2)		*garf-el-o-s		g.a.r.v.e.l	canon	Garvel
O0693	gask	gaskos	adj,n	B	broken; rubble (broken stone)	broken	*gaʔsk- 'broken' (reserve, ancestor §3.3): Hal gaskos > gask	*gaʔsk-	*gaʔsk-	CRESK+still (88)	@gask	reserve	rubble
O0694	gasken		adj	S	of rubbles; rubble-like		gask 'broken' + -en ('of, belonging to')	*gaʔsk-	gask+en	CRESK+still (88) + e n	@gask+e.n	tier3-sys	
O0695	gaskoth		n	B	brokenness; the quality of being broken		gask 'broken' + -Oth (abstract)	*gaʔsk-	gask+Oth	CRESK+still (88) + O th	@gask+O.th	tier3-sys	
O0696	gebb	gebbis	n	S	a door	a door	*gebb- 'a leaf that swings': *gebb-i-s > Hal gebbis > gebb (H2)	*gebb-	*gebb-i-s	HALD+gap (23)	@gebb	canon	door
O0697	Gebb et Pard		name	B	IV.3 The Warden's Door		a phrase: Gebb door + et the + Pard warden	*gebb-, *et-, *par-	phrase	HALD+gap (23)	@gebb letters: p.a.r.d	tier3	
O0698	gebbel		n	S	a small door; a single door		gebb 'a door' + -el (singulative, 'little')	*gebb-	gebb+el	HALD+gap (23) + e l	@gebb+e.l	tier3-sys	
O0699	gebben		adj	S	of doors; door-like		gebb 'a door' + -en ('of, belonging to')	*gebb-	gebb+en	HALD+gap (23) + e n	@gebb+e.n	tier3-sys	
O0700	gebberd		n	S	a doorkeeper, a porter ('the one of the door')		gebb 'a door' + -Ard (agent)	*gebb-	gebb+Ard	HALD+gap (23) + A r d	@gebb+A.r.d	tier3-sys	
O0701	gebbet		adj	S	doored ('provided with X': -At on a noun)		gebb 'a door' + -At (participle)	*gebb-	gebb+At	HALD+gap (23) + A t	@gebb+A.t	tier3-sys	
O0702	gebbow		n	B	a porch, a doorway		gebb 'a door' + -ow (place)	*gebb-	gebb+ow	HALD+gap (23) + o w	@gebb+o.w	tier3-sys	
O0703	gebbvard		n	B	a doorward		gebb 'a door' + S pard 'a warden, a keeper' (compound: the head softened, §3.10)	*gebb-, *par-	gebb^pard		letters: g.e.b.b.v.a.r.d	tier3	
O0704	gebbyann		n	B	a doorpost, a jamb		gebb 'a door' + S gann 'a post, an upright' (compound: the head softened, §3.10)	*gebb-, *gann-	gebb^gann	HALD+gap (23) · GANNA+lone (285)	@gebb@gann	tier3	
O0705	gedh	gedhis	n	S	a father	a father	*gað- 'a father': *gadh-i-s > Hal gedhis > gedh (O3,H2)	*gað-	*gadh-i-s	ULD+course (238)	@gedh	canon	father
O0706	gedhan		n	B	the fathers		gedh 'a father' + -an (collective, 'the folk of')	*gað-	gedh+an	ULD+course (238) + a n	@gedh+a.n	tier3-sys	
O0707	gedhel		n	S	little father, dear father		gedh 'a father' + -el (singulative, 'little')	*gað-	gedh+el	ULD+course (238) + e l	@gedh+e.l	tier3-sys	
O0708	gedhlest		n	S	a father's house		gedh 'a father' + S lest 'a house' (compound: the head softened, §3.10)	*gað-, *last-	gedh^lest	ULD+course (238) · HALD+door (22)	@gedh@lest	tier3	
O0709	gedhyth		n	S	fatherhood		gedh 'a father' + -Oth (abstract)	*gað-	gedh+Oth	ULD+course (238) + O th	@gedh+O.th	tier3-sys	
O0710	gell	gellis	adj,adv	S	good; fine, good; well	good	*gell- 'fitting, good': *gell-i-s > Hal gellis > gell (H2)	*gell-	*gell-i-s	VENN+still (267)	@gell	canon	fine, good, well
O0711	gellan		n	B	the good		gell 'good' + -an (collective, 'the folk of')	*gell-	gell+an	VENN+still (267) + a n	@gell+a.n	tier3-sys	
O0712	gellerd		n	S	a good man		gell 'good' + -Ard (agent)	*gell-	gell+Ard	VENN+still (267) + A r d	@gell+A.r.d	tier3-sys	
O0713	gellyth		n	S	goodness; the quality of being good		gell 'good' + -Oth (abstract)	*gell-	gell+Oth	VENN+still (267) + O th	@gell+O.th	tier3-sys	
O0714	gemm	gemmis	num	S	four	four	*gemm- 'four': *gemm-i-s > Hal gemmis > gemm (H2)	*gemm-	*gemm-i-s		%g	canon	four
O0715	gemm murr		num	B	eighty (four twenties)		the numbers count in twenties (§5.11): eighty (four twenties)		phrase		%gm	tier3-sys	
O0716	gemm murr eth noth		num	B	ninety		the numbers count in twenties (§5.11): ninety		phrase		%gmn	tier3-sys	
O0717	gemmest		num	S	fourth; fourth (the ordinal)		gemm 'four' + -Ast (ordinal)	*gemm-	gemm+Ast		letters: g.e.m.m.A.s.t	tier3	fourth
O0718	gemmnoth		num	B	fourteen		gemm 'four' + S noth 'ten' (compound: the head softened, §3.10) (the teens: unit + ten, as hosnoth, sullnoth)	*gemm-, *noθ-	gemm^noth		%ng	tier3-sys	
O0719	gemmyorn		n	B	a square ('four-corner')		gemm 'four' + S gorn 'a corner, a quoin' (compound: the head softened, §3.10)	*gemm-, *gorn-	gemm^gorn		letters: g.e.m.m.y.o.r.n	tier3	square
O0720	gend	gendos	n	S	a shoot from a stump; a branch, a bough; brush, undergrowth	a shoot from a stump	*geʔnd- 'a shoot from a stump' (reserve, ancestor §3.3): Hal gendos > gend	*geʔnd-	*geʔnd-	MESK+bough (191)	@gend	reserve	branch, brush, shoot
O0721	gendan		n	B	a coppice, the new growth		gend 'a shoot from a stump' + -an (collective, 'the folk of')	*geʔnd-	gend+an	MESK+bough (191) + a n	@gend+a.n	tier3-sys	
O0722	gendel		n	S	a seedling ('a small shoot'); a small shoot from a stump; a single shoot from a stump		gend 'a shoot from a stump' + -el (singulative, 'little')	*geʔnd-	gend+el	MESK+bough (191) + e l	@gend+e.l	tier3	seedling
O0723	genden		adj	S	of shoot from a stumps; shoot from a stump-like		gend 'a shoot from a stump' + -en ('of, belonging to')	*geʔnd-	gend+en	MESK+bough (191) + e n	@gend+e.n	tier3-sys	
O0724	gendow		n	B	a coppice, a place of young shoots		gend 'a shoot from a stump' + -ow (place)	*geʔnd-	gend+ow	MESK+bough (191) + o w	@gend+o.w	tier3-sys	
O0725	gendsceth		n	S	a green hull (of the young wood)		gend 'a shoot from a stump' + S sceth 'a ship, a hull' (compound: the head softened, §3.10)	*geʔnd-, *skeθ-	gend^sceth	MESK+bough (191) · SCETH (173)	@gend@sceth	tier3	
O0726	gennar	gennaros	adj,n	B	foolish; a fool	foolish; a fool	*gennar- 'foolish' (reserve, ancestor §3.3): Hal gennaros > gennar	*gennar-	*gennar-		letters: g.e.n.n.a.r	reserve	fool
O0727	gennaran		n	B	the fools		gennar 'foolish' + -an (collective, 'the folk of')	*gennar-	gennar+an		letters: g.e.n.n.a.r.a.n	tier3-sys	
O0728	gennaroth		n	B	foolishness; the quality of being foolish; folly		gennar 'foolish' + -Oth (abstract)	*gennar-	gennar+Oth		letters: g.e.n.n.a.r.O.th	tier3-sys	
O0729	genth	genthos	n	S	a table; a shelf	a table	*geinth- 'a table' (reserve, ancestor §3.3): Hal genthos > genth	*geinth-	*geinth-		letters: g.e.n.th	reserve	shelf, table
O0730	genthel		n	S	a small table; a single table		genth 'a table' + -el (singulative, 'little')	*geinth-	genth+el		letters: g.e.n.th.e.l	tier3-sys	
O0731	genthen		adj	S	of tables; table-like		genth 'a table' + -en ('of, belonging to')	*geinth-	genth+en		letters: g.e.n.th.e.n	tier3-sys	
O0732	genthow		n	B	a refectory, a place of tables		genth 'a table' + -ow (place)	*geinth-	genth+ow		letters: g.e.n.th.o.w	tier3-sys	
O0733	gerd	gerdis	n	S	the knee; a knee	the knee	*gard- 'the knee' (reserve, ancestor §3.3): Hal gerdis > gerd	*gard-	*gard-		letters: g.e.r.d	reserve	knee
O0734	gerdel		n	S	a small knee; a single knee		gerd 'the knee' + -el (singulative, 'little')	*gard-	gerd+el		letters: g.e.r.d.e.l	tier3-sys	
O0735	gerden		adj	S	of knees; knee-like		gerd 'the knee' + -en ('of, belonging to')	*gard-	gerd+en		letters: g.e.r.d.e.n	tier3-sys	
O0736	gern	gernis	v	S	wake, be awake	wake, be awake	*gern- 'wake, be awake' (reserve, ancestor §3.3): Hal gernis > gern	*gern-	*gern-		letters: g.e.r.n	reserve	wake
O0737	gernerd		n	S	one who wakes or bes awake		gern 'wake, be awake' + -Ard (agent)	*gern-	gern+Ard		letters: g.e.r.n.A.r.d	tier3-sys	
O0738	gernet		adj	S	woken, bed awake (the participle)		gern 'wake, be awake' + -At (participle)	*gern-	gern+At		letters: g.e.r.n.A.t	tier3-sys	
O0739	gernyl		n	S	waking; being awake; the act of waking		gern 'wake, be awake' + -Ol (verbal noun)	*gern-	gern+Ol		letters: g.e.r.n.O.l	tier3-sys	
O0740	gesk	geskos	adj	S	strong	strong	*gesk- 'strong' (reserve, ancestor §3.3): Hal geskos > gesk	*gesk-	*gesk-	PAR+star (103)	@gesk	reserve	
O0741	geskel		adj	S	sturdy		gesk 'strong' + -el (singulative, 'little')	*gesk-	gesk+el	PAR+star (103) + e l	@gesk+e.l	tier3-sys	
O0742	geskerd		n	S	a strong man		gesk 'strong' + -Ard (agent)	*gesk-	gesk+Ard	PAR+star (103) + A r d	@gesk+A.r.d	tier3-sys	
O0743	geskyth		n	S	strongness; the quality of being strong		gesk 'strong' + -Oth (abstract)	*gesk-	gesk+Oth	PAR+star (103) + O th	@gesk+O.th	tier3-sys	
O0744	gess	gessis	adj	S	sure	sure	*geʔs- 'sure' (reserve, ancestor §3.3): Hal gessis > gess	*geʔs-	*geʔs-	VENN+star (273)	@gess	reserve	
O0745	gessyth		n	S	sureness; the quality of being sure		gess 'sure' + -Oth (abstract)	*geʔs-	gess+Oth	VENN+star (273) + O th	@gess+O.th	tier3-sys	
O0746	gever	geveros	n	S	a pennant	a pennant	*gefer- 'a pennant' (reserve, ancestor §3.3): Hal geveros > gever	*gefer-	*gefer-		letters: g.e.v.e.r	reserve	pennant
O0747	geverel		n	S	a small pennant; a single pennant		gever 'a pennant' + -el (singulative, 'little')	*gefer-	gever+el		letters: g.e.v.e.r.e.l	tier3-sys	
O0748	geveren		adj	S	of pennants; pennant-like		gever 'a pennant' + -en ('of, belonging to')	*gefer-	gever+en		letters: g.e.v.e.r.e.n	tier3-sys	
O0749	gevererd		n	S	a pennant-bearer ('the one of the pennant')		gever 'a pennant' + -Ard (agent)	*gefer-	gever+Ard		letters: g.e.v.e.r.A.r.d	tier3-sys	
O0750	gint	gintis	n	S	a cliff	a cliff	*gint- 'a cliff' (reserve, ancestor §3.3): Hal gintis > gint	*gint-	*gint-	BRUNN+cut (323)	@gint	reserve	
O0751	gintan		n	B	a range of cliffs		gint 'a cliff' + -an (collective, 'the folk of')	*gint-	gint+an	BRUNN+cut (323) + a n	@gint+a.n	tier3-sys	
O0752	gintel		n	S	a small cliff; a single cliff		gint 'a cliff' + -el (singulative, 'little')	*gint-	gint+el	BRUNN+cut (323) + e l	@gint+e.l	tier3-sys	
O0753	ginten		adj	S	of clifves; cliff-like		gint 'a cliff' + -en ('of, belonging to')	*gint-	gint+en	BRUNN+cut (323) + e n	@gint+e.n	tier3-sys	
O0754	gintow		n	B	a cliff-land		gint 'a cliff' + -ow (place)	*gint-	gint+ow	BRUNN+cut (323) + o w	@gint+o.w	tier3-sys	
O0755	gomm	gommos	n	B	a horn	a horn	*gomm- 'a horn': *gomm-o-s > Hal gommos > gomm (H2)	*gomm-	*gomm-o-s	BROD+star (205)	@gomm	canon	horn
O0756	gomman		n	B	a sounding of horns		gomm 'a horn' + -an (collective, 'the folk of')	*gomm-	gomm+an	BROD+star (205) + a n	@gomm+a.n	tier3-sys	
O0757	gommard		n	B	a hornblower ('the one of the horn')		gomm 'a horn' + -Ard (agent)	*gomm-	gomm+Ard	BROD+star (205) + A r d	@gomm+A.r.d	tier3-sys	
O0758	gommel		n	S	a small horn; a single horn		gomm 'a horn' + -el (singulative, 'little')	*gomm-	gomm+el	BROD+star (205) + e l	@gomm+e.l	tier3-sys	
O0759	gommen		adj	S	of horns; horn-like		gomm 'a horn' + -en ('of, belonging to')	*gomm-	gomm+en	BROD+star (205) + e n	@gomm+e.n	tier3-sys	
O0760	gommharm		n	B	a horn-call (the Captain's calls are three)		gomm 'a horn' + S carm 'a call, a cry' (compound: the head softened, §3.10)	*gomm-, *karm-	gomm^carm	BROD+star (205) · BROD+wedge (199)	@gomm@carm	tier3	
O0761	gor	gora	det	B	every, all (+S); every, all; all, every; any; each	every, all (+S); every, all	*gor- 'all, each one': *gor-a > Hal gora > gor (H2)	*gor-	*gor-a		left out (a mortar word, D2)	canon	all, any, each, every
O0762	gor fedh		adv	S	always (every time)		a phrase: gor every(+S) + fedh time	*gor-, *xwadh-	phrase	ORL+course (147)	@fedh	tier3	always
O0763	gor hos		adv	B	apiece, each one		a phrase: gor every(+S) + hos one	*gor-, *hos-	phrase		%h	tier3	apiece
O0764	gor uld		pron	B	everyone		a phrase: gor every(+S) + uld man	*gor-, *uld-	phrase	ULD (237)	@uld	tier3	everyone
O0765	gor yalat		pron	B	everything (gor + S galat)		a phrase: gor every(+S) + yalat S·anything	*gor-, *gal-	phrase		letters: g.a.l.A.t	tier3	everything
O0766	gordal	gordalos	n	B	yesterday	yesterday	*gordal- 'yesterday' (reserve, ancestor §3.3): Hal gordalos > gordal	*gordal-	*gordal-		letters: g.o.r.d.a.l	reserve	
O0767	gorn	gornos	n	B	a corner, a quoin	a corner, a quoin	*gorn- 'a turn of a wall, a corner': *gorn-o-s > Hal gornos > gorn (H2)	*gorn-	*gorn-o-s	TOLM+turn (6)	@gorn	canon	corner
O0768	gornard		n	B	a quoin-setter ('the one of the corner')		gorn 'a corner, a quoin' + -Ard (agent)	*gorn-	gorn+Ard	TOLM+turn (6) + A r d	@gorn+A.r.d	tier3-sys	
O0769	gorndholm		n	B	a cornerstone	a cornerstone	canon formation: gorn + tolm (compound: second element softened (t > dh))		gorn+tolm	TOLM+turn (6) · TOLM (1)	@gorn@tolm	canon	cornerstone
O0770	gornel		n	S	a small corner; a single corner		gorn 'a corner, a quoin' + -el (singulative, 'little')	*gorn-	gorn+el	TOLM+turn (6) + e l	@gorn+e.l	tier3-sys	
O0771	gornen		adj	S	of corners; corner-like		gorn 'a corner, a quoin' + -en ('of, belonging to')	*gorn-	gorn+en	TOLM+turn (6) + e n	@gorn+e.n	tier3-sys	
O0772	gornow		n	B	a nook, a corner-place		gorn 'a corner, a quoin' + -ow (place)	*gorn-	gorn+ow	TOLM+turn (6) + o w	@gorn+o.w	tier3-sys	
O0773	gorr	gorros	v	B	(v.) fight	(v.) fight	*gorr- 'fight': *gorr-o-s > Hal gorros > gorr (H2)	*gorr-	*gorr-o-s	CRESK+wedge (76)	@gorr	canon	fight
O0774	gorrard		n	B	one who fights		gorr 'fight' + -Ard (agent)	*gorr-	gorr+Ard	CRESK+wedge (76) + A r d	@gorr+A.r.d	tier3-sys	
O0775	gorrat		adj	B	fought (the participle)		gorr 'fight' + -At (participle)	*gorr-	gorr+At	CRESK+wedge (76) + A t	@gorr+A.t	tier3-sys	
O0776	gorrol		n	B	war ('fighting'); fighting; the act of fighting		gorr 'fight' + -Ol (verbal noun)	*gorr-	gorr+Ol	CRESK+wedge (76) + O l	@gorr+O.l	tier3	war
O0777	gorrow		n	B	a fighting-ground, a lists		gorr 'fight' + -ow (place)	*gorr-	gorr+ow	CRESK+wedge (76) + o w	@gorr+o.w	tier3-sys	
O0778	gorrsceth		n	S	a warship ('fight-ship')		gorr 'fight' + S sceth 'a ship, a hull' (compound: the head softened, §3.10)	*gorr-, *skeθ-	gorr^sceth	CRESK+wedge (76) · SCETH (173)	@gorr@sceth	tier3	warship
O0779	gost	gostos	v	B	fell a tree; fell (a tree)	fell a tree	*goʔst- 'fell a tree' (reserve, ancestor §3.3): Hal gostos > gost	*goʔst-	*goʔst-	MESK+fade (189)	@gost	reserve	fell
O0780	gostard		n	B	an axeman, a feller of trees; one who fells a tree		gost 'fell a tree' + -Ard (agent)	*goʔst-	gost+Ard	MESK+fade (189) + A r d	@gost+A.r.d	tier3	axeman
O0781	gostat		adj	B	felled a tree (the participle)		gost 'fell a tree' + -At (participle)	*goʔst-	gost+At	MESK+fade (189) + A t	@gost+A.t	tier3-sys	
O0782	gostol		n	B	a felling; felling a tree; the act of felling a tree		gost 'fell a tree' + -Ol (verbal noun)	*goʔst-	gost+Ol	MESK+fade (189) + O l	@gost+O.l	tier3	felling
O0783	Gostol et Gannath Domm		name	B	IV.1 Of the Felling of the Black Pillars		a phrase: Gostol felling + et the + Gannath posts + Domm black	*goʔst-, *et-, *gann-, *domm-	phrase	MESK+fade (189) + O l · GANNA+lone (285) + A th · TOLM+fade (13)	@gost+O.l @gann+A.th @domm	tier3	
O0784	govul	govulos	n	B	powder	powder	*goful- 'powder' (reserve, ancestor §3.3): Hal govulos > govul	*goful-	*goful-		letters: g.o.v.u.l	reserve	
O0785	greller	grelleros	n	S	a lamp	a lamp	*greller- 'a lamp' (reserve, ancestor §3.3): Hal grelleros > greller	*greller-	*greller-	ODH+star (61)	@greller	reserve	lamp
O0786	grelleran		n	B	a string of lamps		greller 'a lamp' + -an (collective, 'the folk of')	*greller-	greller+an	ODH+star (61) + a n	@greller+a.n	tier3-sys	
O0787	grellerel		n	S	a small lamp; a single lamp		greller 'a lamp' + -el (singulative, 'little')	*greller-	greller+el	ODH+star (61) + e l	@greller+e.l	tier3-sys	
O0788	grelleren		adj	S	of lamps; lamp-like		greller 'a lamp' + -en ('of, belonging to')	*greller-	greller+en	ODH+star (61) + e n	@greller+e.n	tier3-sys	
O0789	grellererd		n	S	a lamplighter ('the one of the lamp')		greller 'a lamp' + -Ard (agent)	*greller-	greller+Ard	ODH+star (61) + A r d	@greller+A.r.d	tier3-sys	
O0790	grellerow		n	B	a lamp-room		greller 'a lamp' + -ow (place)	*greller-	greller+ow	ODH+star (61) + o w	@greller+o.w	tier3-sys	
O0791	grem	gremis	n	S	winter	winter	*grem- 'the hard season': *grem-i-s > Hal gremis > grem (H2)	*grem-	*grem-i-s	ORL+pale (140)	@grem	canon	winter
O0792	gremen		adj	S	wintry		grem 'winter' + -en ('of, belonging to')	*grem-	grem+en	ORL+pale (140) + e n	@grem+e.n	tier3-sys	
O0793	gremorl		n	B	a winter's day		grem 'winter' + S orl 'a day' (compound: the head softened, §3.10)	*grem-, *orl-	grem^orl	ORL+pale (140) · ORL (136)	@grem@orl	tier3	
O0794	grest	grestos	n,v	S	harm, hurt; a wrong	harm, hurt	*grest- 'a burning smart, a hurt': *grest-o-s > Hal grestos > grest (H2)	*grest-	*grest-o-s	CRESK+drop (75)	@grest	canon	harm, hurt, wrong
O0795	Grest um hos, grest um vana		phr	B	harm to one is harm to both: the old masters' saying, and the meaning of the Aelthar; harm to one is harm to both (the saying both peoples share)	harm to one is harm to both: the old masters' saying, and the meaning of the Aelthar	canon (orrowen_v2): Grest harm + um upon(+S) + hos one + grest harm + um upon(+S) + vana S·both	*grest-, *um-, *hos-, *pa-	phrase	CRESK+drop (75) · CRESK+drop (75)	@grest %h , @grest letters: p.a.n.a	canon	
O0796	gresterd		n	S	one who hurts		grest 'harm, hurt' + -Ard (agent)	*grest-	grest+Ard	CRESK+drop (75) + A r d	@grest+A.r.d	tier3-sys	
O0797	grestet		n,adj	S	a wound; wounded; hurt (the participle)		grest 'harm, hurt' + -At (participle)	*grest-	grest+At	CRESK+drop (75) + A t	@grest+A.t	tier3	wound, wounded
O0798	grestyl		n	S	hurting; the act of hurting		grest 'harm, hurt' + -Ol (verbal noun)	*grest-	grest+Ol	CRESK+drop (75) + O l	@grest+O.l	tier3-sys	
O0799	grik	gricos	v	S	catch; pick (up); seize; take	catch	*grik- 'catch' (reserve, ancestor §3.3): Hal gricos > grik	*grik-	*grik-	KYL+cup (282)	@grik	reserve	catch, pick, seize, take
O0800	grikerd		n	S	one who catches		grik 'catch' + -Ard (agent)	*grik-	grik+Ard	KYL+cup (282) + A r d	@grik+A.r.d	tier3-sys	
O0801	griket		adj	S	caught (the participle)		grik 'catch' + -At (participle)	*grik-	grik+At	KYL+cup (282) + A t	@grik+A.t	tier3-sys	
O0802	grikyl		n	S	catching; the act of catching		grik 'catch' + -Ol (verbal noun)	*grik-	grik+Ol	KYL+cup (282) + O l	@grik+O.l	tier3-sys	
O0803	grull	grullos	n	B	sand	sand	*grull- 'grit': *grull-o-s > Hal grullos > grull (H2)	*grull-	*grull-o-s	WADH+three (309)	@grull	canon	sand
O0804	grullen		adj	S	sandy		grull 'sand' + -en ('of, belonging to')	*grull-	grull+en	WADH+three (309) + e n	@grull+e.n	tier3-sys	
O0805	grullow		n	B	the sands, a sandy shore		grull 'sand' + -ow (place)	*grull-	grull+ow	WADH+three (309) + o w	@grull+o.w	tier3-sys	
O0806	Grullsorth		name	B	Sandreach ('sand-ridge'); Sandreach (sand-ridge)	Sandreach ('sand-ridge')	canon formation: grull + sorth (Sandreach)		grull+sorth		g.r.u.l.l.s.o.r.th	canon	Sandreach
O0807	grumar	grumaros	n	B	the high dwelling, heaven	the high dwelling, heaven	*grumar- 'the high dwelling, heaven' (reserve, ancestor §3.3): Hal grumaros > grumar	*grumar-	*grumar-	LUMM+rim (255)	@grumar	reserve	
O0808	grumaren		adj	S	heavenly		grumar 'the high dwelling, heaven' + -en ('of, belonging to')	*grumar-	grumar+en	LUMM+rim (255) + e n	@grumar+e.n	tier3-sys	
O0809	gund	gundos	n	B	a hole, a cave	a hole, a cave	*guʔnd- 'a hole, a cave' (reserve, ancestor §3.3): Hal gundos > gund	*guʔnd-	*guʔnd-		letters: g.u.n.d	reserve	
O0810	gundel		n	S	a small hole; a single hole		gund 'a hole, a cave' + -el (singulative, 'little')	*guʔnd-	gund+el		letters: g.u.n.d.e.l	tier3-sys	
O0811	gunden		adj	S	of holes; hole-like		gund 'a hole, a cave' + -en ('of, belonging to')	*guʔnd-	gund+en		letters: g.u.n.d.e.n	tier3-sys	
O0812	gunn	gunnos	adj,n	B	deep; (n.) the deep	deep; (n.) the deep	*gunn- 'deep': *gunn-o-s > Hal gunnos > gunn (H2)	*gunn-	*gunn-o-s	LODH+fade (294)	@gunn	canon	deep
O0813	Gunn ul vimm		name	S	the Deep-Beneath		a phrase: Gunn deep + ul in(+N) + vimm low	*gunn-, *ul-, *fiʔm-	phrase	LODH+fade (294) · BRUNN+still (326)	@gunn @vimm	tier3	deep-beneath
O0814	gunnel		adj	S	deepish		gunn 'deep' + -el (singulative, 'little')	*gunn-	gunn+el	LODH+fade (294) + e l	@gunn+e.l	tier3-sys	
O0815	gunnen		adj	S	of deeps; deep-like		gunn 'deep' + -en ('of, belonging to')	*gunn-	gunn+en	LODH+fade (294) + e n	@gunn+e.n	tier3-sys	
O0816	gunnoth		n	B	deepness; the quality of being deep		gunn 'deep' + -Oth (abstract)	*gunn-	gunn+Oth	LODH+fade (294) + O th	@gunn+O.th	tier3-sys	
O0817	gunnow		n	B	a deep place, the depths		gunn 'deep' + -ow (place)	*gunn-	gunn+ow	LODH+fade (294) + o w	@gunn+o.w	tier3-sys	
O0818	gunnsulter		n	S	a torpedo-boat ('deep-boat')		gunn 'deep' + S sulter 'a small boat' (compound: the head softened, §3.10)	*gunn-, *sulter-	gunn^sulter	LODH+fade (294) · SCETH+lone (176)	@gunn@sulter	tier3	torpedo-boats
O0819	gylorn	giulornos	n	B	a market	a market	*geulorn- 'a market' (reserve, ancestor §3.3): Hal giulornos > gylorn	*geulorn-	*geulorn-		letters: g.y.l.o.r.n	reserve	market
O0820	gylornan		n	B	the market-folk		gylorn 'a market' + -an (collective, 'the folk of')	*geulorn-	gylorn+an		letters: g.y.l.o.r.n.a.n	tier3-sys	
O0821	gylornard		n	B	a market-man, a hawker ('the one of the market')		gylorn 'a market' + -Ard (agent)	*geulorn-	gylorn+Ard		letters: g.y.l.o.r.n.A.r.d	tier3-sys	
O0822	gylornel		n	S	a small market; a single market		gylorn 'a market' + -el (singulative, 'little')	*geulorn-	gylorn+el		letters: g.y.l.o.r.n.e.l	tier3-sys	
O0823	gylornen		adj	S	of markets; market-like		gylorn 'a market' + -en ('of, belonging to')	*geulorn-	gylorn+en		letters: g.y.l.o.r.n.e.n	tier3-sys	
O0824	gylornow		n	B	a market-square		gylorn 'a market' + -ow (place)	*geulorn-	gylorn+ow		letters: g.y.l.o.r.n.o.w	tier3-sys	
O0825	gynt	giuntos	n	S	a crag	a crag	*geunt- 'a crag' (reserve, ancestor §3.3): Hal giuntos > gynt	*geunt-	*geunt-	BRUNN+lone (322)	@gynt	reserve	crag
O0826	gyntan		n	B	the crags		gynt 'a crag' + -an (collective, 'the folk of')	*geunt-	gynt+an	BRUNN+lone (322) + a n	@gynt+a.n	tier3-sys	
O0827	gyntel		n	S	a small crag; a single crag		gynt 'a crag' + -el (singulative, 'little')	*geunt-	gynt+el	BRUNN+lone (322) + e l	@gynt+e.l	tier3-sys	
O0828	gynten		adj	S	of crags; crag-like		gynt 'a crag' + -en ('of, belonging to')	*geunt-	gynt+en	BRUNN+lone (322) + e n	@gynt+e.n	tier3-sys	
O0829	gyntow		n	B	a crag-land		gynt 'a crag' + -ow (place)	*geunt-	gynt+ow	BRUNN+lone (322) + o w	@gynt+o.w	tier3-sys	
O0830	gyst	gystis	v	S	climb	climb	*gust- 'climb' (reserve, ancestor §3.3): Hal gystis > gyst	*gust-	*gust-	KYL+lone (283)	@gyst	reserve	climb
O0831	gysterd		n	S	one who climbs		gyst 'climb' + -Ard (agent)	*gust-	gyst+Ard	KYL+lone (283) + A r d	@gyst+A.r.d	tier3-sys	
O0832	gystet		adj	S	climbed (the participle)		gyst 'climb' + -At (participle)	*gust-	gyst+At	KYL+lone (283) + A t	@gyst+A.t	tier3-sys	
O0833	gystow		n	B	a climbing-place, a scaling-point		gyst 'climb' + -ow (place)	*gust-	gyst+ow	KYL+lone (283) + o w	@gyst+o.w	tier3-sys	
O0834	gystyl		n	S	climbing; the act of climbing		gyst 'climb' + -Ol (verbal noun)	*gust-	gyst+Ol	KYL+lone (283) + O l	@gyst+O.l	tier3-sys	
O0835	haemer	hēmēros	n,v	S	a raft; to float; hang, float; ride (on the water)	a raft; to float	*heimeir- 'a raft' (reserve, ancestor §3.3): Hal hēmēros > haemer	*heimeir-	*heimeir-	SCETH+still (185)	@haemer	reserve	float, hang, ride
O0836	haemererd		n	S	one who floats		haemer 'a raft' + -Ard (agent)	*heimeir-	haemer+Ard	SCETH+still (185) + A r d	@haemer+A.r.d	tier3-sys	
O0837	haemeret		adj	S	floated (the participle)		haemer 'a raft' + -At (participle)	*heimeir-	haemer+At	SCETH+still (185) + A t	@haemer+A.t	tier3-sys	
O0838	haemerow		n	B	a raft-landing		haemer 'a raft' + -ow (place)	*heimeir-	haemer+ow	SCETH+still (185) + o w	@haemer+o.w	tier3-sys	
O0839	haemeryl		n	S	floating; the act of floating		haemer 'a raft' + -Ol (verbal noun)	*heimeir-	haemer+Ol	SCETH+still (185) + O l	@haemer+O.l	tier3-sys	
O0840	haeril	xērilos	v	S	forgive, let a wrong go	forgive, let a wrong go	*xeiril- 'forgive, let a wrong go' (reserve, ancestor §3.3): Hal xērilos > haeril	*xeiril-	*xeiril-	MOLT+course (114)	@haeril	reserve	forgive
O0841	haerilerd		n	S	one who forgives or lets a wrong go		haeril 'forgive, let a wrong go' + -Ard (agent)	*xeiril-	haeril+Ard	MOLT+course (114) + A r d	@haeril+A.r.d	tier3-sys	
O0842	haerilet		adj	S	forgiven, let a wrong go (the participle)		haeril 'forgive, let a wrong go' + -At (participle)	*xeiril-	haeril+At	MOLT+course (114) + A t	@haeril+A.t	tier3-sys	
O0843	haerilyl		n	S	forgiving; letting a wrong go; the act of forgiving		haeril 'forgive, let a wrong go' + -Ol (verbal noun)	*xeiril-	haeril+Ol	MOLT+course (114) + O l	@haeril+O.l	tier3-sys	
O0844	haethil	hēthilos	n	S	a truce, a peace made; terms (of peace)	a truce, a peace made	*haithil- 'a truce, a peace made' (reserve, ancestor §3.3): Hal hēthilos > haethil	*haithil-	*haithil-	LUNN+still (263)	@haethil	reserve	term
O0845	hagess	hagessis	n	S	a pike, a long spear	a pike, a long spear	*hageiss- 'a pike, a long spear' (reserve, ancestor §3.3): Hal hagessis > hagess	*hageiss-	*hageiss-	CRESK+bough (90)	@hagess	reserve	pike
O0846	hagessan		n	B	a hedge of pikes		hagess 'a pike, a long spear' + -an (collective, 'the folk of')	*hageiss-	hagess+an	CRESK+bough (90) + a n	@hagess+a.n	tier3-sys	
O0847	hagessel		n	S	a small pike; a single pike		hagess 'a pike, a long spear' + -el (singulative, 'little')	*hageiss-	hagess+el	CRESK+bough (90) + e l	@hagess+e.l	tier3-sys	
O0848	hagessen		adj	S	of pikes; pike-like		hagess 'a pike, a long spear' + -en ('of, belonging to')	*hageiss-	hagess+en	CRESK+bough (90) + e n	@hagess+e.n	tier3-sys	
O0849	hagesserd		n	S	a pikeman ('the one of the pike')		hagess 'a pike, a long spear' + -Ard (agent)	*hageiss-	hagess+Ard	CRESK+bough (90) + A r d	@hagess+A.r.d	tier3-sys	
O0850	hagessow		n	B	an armoury of pikes		hagess 'a pike, a long spear' + -ow (place)	*hageiss-	hagess+ow	CRESK+bough (90) + o w	@hagess+o.w	tier3-sys	
O0851	hal	xalos	n	B	bedrock, the living rock of the ridge	bedrock, the living rock of the ridge	*xal- 'the living rock, what lies under everything': *xal-o-s > Hal xalos > hal (H2,H4)	*xal-	*xal-o-s	TOLM+course (12)	@hal	canon	rock
O0852	hald	xaldos	n	B	a wall ('rock made to stand'); a wall; a barrier	a wall ('rock made to stand'); a wall	*xal- 'the living rock, what lies under everything': *xal-d-o-s > Hal xaldos > hald (H2,H4)	*xal-	*xal-d-o-s	HALD (21)	@hald	canon	barrier, wall
O0853	hald homar		n	B	a buttress-wall (a wall of buttress)		a phrase: hald wall + homar buttress	*xal-, *xomar-	phrase	HALD (21)	@hald letters: h.o.m.a.r	tier3	
O0854	hald odh		n	B	the hearth-wall (the wall of the hearth)		a phrase: hald wall + odh hearth	*xal-, *oð-	phrase	HALD (21) · ODH (57)	@hald @odh	tier3	hearth-wall
O0855	hald vathurat		n	B	a breached wall		a phrase: hald wall + vathurat breach-PTCP	*xal-, *fathur-	phrase	HALD (21) · HALD+fork (27)	@hald @vathur+A.t	tier3	
O0856	haldat		adj	B	walled ('provided with X': -At on a noun)		hald 'a wall' + -At (participle)	*xal-	hald+At	HALD (21) + A t	@hald+A.t	tier3-sys	
O0857	halddholm		n	B	a wall-stone		hald 'a wall' + S tolm 'a stone' (compound: the head softened, §3.10)	*xal-, *tol-	hald^tolm	HALD (21) · TOLM (1)	@hald@tolm	tier3	
O0858	haldel		n	S	a small wall; a single wall		hald 'a wall' + -el (singulative, 'little')	*xal-	hald+el	HALD (21) + e l	@hald+e.l	tier3-sys	
O0859	halden		adj	S	of walls; wall-like		hald 'a wall' + -en ('of, belonging to')	*xal-	hald+en	HALD (21) + e n	@hald+e.n	tier3-sys	
O0860	haldlern		n	S	a wall-face		hald 'a wall' + S lern 'the face' (compound: the head softened, §3.10)	*xal-, *leirn-	hald^lern	HALD (21) · VESK+rim (230)	@hald@lern	tier3	
O0861	haldorrol		n	B	the wall-walk		hald 'a wall' + S orrol 'a going' (compound: the head softened, §3.10)	*xal-, *orr-	hald^orrol		letters: h.a.l.d.o.r.r.o.l	tier3	wall-walk
O0862	haldvar		n	B	a wall-watch		hald 'a wall' + S par 'guard, protect' (compound: the head softened, §3.10)	*xal-, *par-	hald^par	HALD (21) · PAR (92)	@hald@par	tier3	
O0863	haldwisk		n	S	the head of a wall, its top course		hald 'a wall' + S bisk 'the head' (compound: the head softened, §3.10)	*xal-, *bisk-	hald^bisk	HALD (21) · VESK+cope (236)	@hald@bisk	tier3	
O0864	haldyorn		n	B	a wall-corner, an angle of the wall		hald 'a wall' + S gorn 'a corner, a quoin' (compound: the head softened, §3.10)	*xal-, *gorn-	hald^gorn	HALD (21) · TOLM+turn (6)	@hald@gorn	tier3	
O0865	Hale	xalea	name	S	Hale	Hale	*xaleʔa > Hal xalea > hale (O1,H2,H4); a name: names are names (no sense given)		*xaleʔa		h.a.l.e	canon	Hale
O0866	halen		adj	S	of the bedrock, rock-born		hal 'bedrock, the living rock of the ridge' + -en ('of, belonging to')	*xal-	hal+en	TOLM+course (12) + e n	@hal+e.n	tier3-sys	
O0867	halflenn		n	S	slate	slate	canon formation: hal + flenn (compound 'rock-leaf')		hal+flenn	TOLM+course (12) · TRENN+three (48)	@hal@flenn	canon	slate
O0868	halhald		n	B	a wall of living rock		hal 'bedrock, the living rock of the ridge' + S hald 'a wall' (compound: the head softened, §3.10)	*xal-	hal^hald	TOLM+course (12) · HALD (21)	@hal@hald	tier3	
O0869	Halvard	xalpardos	name	B	Halvard, 'bedrock-warden' (a name)	Halvard, 'bedrock-warden' (a name)	*par- 'bear up, hold up': *xal+par-d-o-s > Hal xalpardos > halvard (H2,H4,H5)	*par-	*xal+par-d-o-s		h.a.l.v.a.r.d	canon	Halvard
O0870	Halvard Tolmvard		name	B	Halvard Stone-Warden	Halvard Stone-Warden	canon (orrowen_v2): Halvard Halvard + Tolmvard Tolmvard	*par-	phrase		h.a.l.v.a.r.d t.o.l.m.v.a.r.d	canon	
O0871	Halyna		name	B	Halyna: the pair-name of Halvard and Rhyna, the Bonded of the Keep; Halyna, the pair-name of Halvard and Rhyna	Halyna: the pair-name of Halvard and Rhyna, the Bonded of the Keep	canon formation: hal + rhyna + -a (pair-name: Hal- + softened Rhyn- (rh > h, lost after a consonant) + the lintel -a)		hal+rhyna+-a		=h.a.l.y.n.a	canon	Halyna
O0872	haral	haralis	n,v	B	an order; to bid; a command; a law; order, bid	an order; to bid	*haral- 'an order' (reserve, ancestor §3.3): Hal haralis > haral	*haral-	*haral-	TRENN+notch (55)	@haral	reserve	command, law, order
O0873	haralard		n	B	one who commands		haral 'an order' + -Ard (agent)	*haral-	haral+Ard	TRENN+notch (55) + A r d	@haral+A.r.d	tier3-sys	
O0874	haralat		adj	B	commanded (the participle)		haral 'an order' + -At (participle)	*haral-	haral+At	TRENN+notch (55) + A t	@haral+A.t	tier3-sys	
O0875	haralol		n	B	commanding; the act of commanding		haral 'an order' + -Ol (verbal noun)	*haral-	haral+Ol	TRENN+notch (55) + O l	@haral+O.l	tier3-sys	
O0876	Harl	xarlos	name	B	Harl	Harl	*xarl-o-s > Hal xarlos > harl (H2,H4); a name: names are names (no sense given)		*xarl-o-s		h.a.r.l	canon	Harl
O0877	hask	haskos	v	B	(v.) run	(v.) run	*hask- 'run': *hask-o-s > Hal haskos > hask (H2)	*hask-	*hask-o-s	TRENN+wedge (42)	@hask	canon	run
O0878	haskard		n	B	a runner; one who runs	a runner	canon formation: hask + -ard (a runner)		hask+-ard	TRENN+wedge (42) + A r d	@hask+A.r.d	canon	runner
O0879	haskat		adj	B	run (the participle)		hask 'run' + -At (participle)	*hask-	hask+At	TRENN+wedge (42) + A t	@hask+A.t	tier3-sys	
O0880	hasker	xaskeris	n	S	a needle	a needle	*xasker- 'a needle' (reserve, ancestor §3.3): Hal xaskeris > hasker	*xasker-	*xasker-		letters: h.a.s.k.e.r	reserve	
O0881	haskerel		n	S	a small needle; a single needle		hasker 'a needle' + -el (singulative, 'little')	*xasker-	hasker+el		letters: h.a.s.k.e.r.e.l	tier3-sys	
O0882	haskeren		adj	S	of needles; needle-like		hasker 'a needle' + -en ('of, belonging to')	*xasker-	hasker+en		letters: h.a.s.k.e.r.e.n	tier3-sys	
O0883	haskol		n	B	running; the act of running		hask 'run' + -Ol (verbal noun)	*hask-	hask+Ol	TRENN+wedge (42) + O l	@hask+O.l	tier3-sys	
O0884	hass	hassos	n	B	a son	a son	*haʔss- 'a son' (reserve, ancestor §3.3): Hal hassos > hass	*haʔss-	*haʔss-	ULD+lone (243)	@hass	reserve	son
O0885	hassan		n	B	the sons (of a house)		hass 'a son' + -an (collective, 'the folk of')	*haʔss-	hass+an	ULD+lone (243) + a n	@hass+a.n	tier3-sys	
O0886	hassel		n	S	little son, dear son		hass 'a son' + -el (singulative, 'little')	*haʔss-	hass+el	ULD+lone (243) + e l	@hass+e.l	tier3-sys	
O0887	hast	xastos	v	B	push; plunge; shove	push	*xast- 'push' (reserve, ancestor §3.3): Hal xastos > hast	*xast-	*xast-		letters: h.a.s.t	reserve	plunge, push, shove
O0888	hastard		n	B	one who pushes		hast 'push' + -Ard (agent)	*xast-	hast+Ard		letters: h.a.s.t.A.r.d	tier3-sys	
O0889	hastat		adj	B	pushed (the participle)		hast 'push' + -At (participle)	*xast-	hast+At		letters: h.a.s.t.A.t	tier3-sys	
O0890	hastol		n	B	pushing; the act of pushing		hast 'push' + -Ol (verbal noun)	*xast-	hast+Ol		letters: h.a.s.t.O.l	tier3-sys	
O0891	havul	xavulos	n	B	a pack, a bundle; a burden, a load; a cargo	a pack, a bundle	*xaful- 'a pack, a bundle' (reserve, ancestor §3.3): Hal xavulos > havul	*xaful-	*xaful-	PAR+cup (100)	@havul	reserve	bundle, burden, cargo, pack
O0892	havulat		adj	B	laden		havul 'a pack, a bundle' + -At (participle)	*xaful-	havul+At	PAR+cup (100) + A t	@havul+A.t	tier3	laden
O0893	havulel		n	S	a small pack; a single pack		havul 'a pack, a bundle' + -el (singulative, 'little')	*xaful-	havul+el	PAR+cup (100) + e l	@havul+e.l	tier3-sys	
O0894	havulen		adj	S	of packs; pack-like		havul 'a pack, a bundle' + -en ('of, belonging to')	*xaful-	havul+en	PAR+cup (100) + e n	@havul+e.n	tier3-sys	
O0895	havulow		n	B	a storehouse		havul 'a pack, a bundle' + -ow (place)	*xaful-	havul+ow	PAR+cup (100) + o w	@havul+o.w	tier3-sys	
O0896	hebb	hebbis	v	S	give	give	*habb- 'hold out, give': *habb-i-s > Hal hebbis > hebb (O3,H2)	*habb-	*habb-i-s	GARL+course (215)	@hebb	canon	give
O0897	Hebb et tolm lom		phr	B	Give me the stone ('give the stone at me')		a phrase: Hebb give + et the + tolm stone + lom at-1SG	*habb-, *et-, *tol-, *lo-	phrase	GARL+course (215) · TOLM (1)	@hebb @tolm	tier3	
O0898	hebberd		n	S	one who gives		hebb 'give' + -Ard (agent)	*habb-	hebb+Ard	GARL+course (215) + A r d	@hebb+A.r.d	tier3-sys	
O0899	hebbet		n,adj	S	a gift ('a given thing'); a present; given (the participle)		hebb 'give' + -At (participle)	*habb-	hebb+At	GARL+course (215) + A t	@hebb+A.t	tier3	gift, present
O0900	Hebbet sa re yal kethet hos clem		name	S	IV.4 The Gift Held an Hour		a phrase: Hebbet gift + sa REL(+S) + re PST(+S) + yal S·be.PST + kethet held + hos one + clem hour	*habb-, *sa, *re, *gal-, *keθ-, *hos-, *klem-	phrase	GARL+course (215) + A t · GARL+cup (214) + A t · ORL+notch (138)	@hebb+A.t @keth+A.t %h @clem	tier3	
O0901	hebbyl		n	S	giving; the act of giving		hebb 'give' + -Ol (verbal noun)	*habb-	hebb+Ol	GARL+course (215) + O l	@hebb+O.l	tier3-sys	
O0902	hedh	hedhis	n	S	the last light, dusk, evening; the eve	the last light, dusk, evening	*hadh- 'the last light, dusk, evening' (reserve, ancestor §3.3): Hal hedhis > hedh	*hadh-	*hadh-	ODH+rim (71)	@hedh	reserve	dusk, eve
O0903	hedhen		adj	S	of evening		hedh 'the last light, dusk, evening' + -en ('of, belonging to')	*hadh-	hedh+en	ODH+rim (71) + e n	@hedh+e.n	tier3-sys	
O0904	hedhvell		n	S	an evensong		hedh 'the last light, dusk, evening' + S vell 'a song' (compound: the head softened, §3.10)	*hadh-, *fell-	hedh^vell	ODH+rim (71) · TRENN+zig (46)	@hedh@vell	tier3	
O0905	hellenn	hellennos	n	S	a flask	a flask	*heilleinn- 'a flask' (reserve, ancestor §3.3): Hal hellennos > hellenn	*heilleinn-	*heilleinn-		letters: h.e.l.l.e.n.n	reserve	flask
O0906	hellennel		n	S	a small flask; a single flask		hellenn 'a flask' + -el (singulative, 'little')	*heilleinn-	hellenn+el		letters: h.e.l.l.e.n.n.e.l	tier3-sys	
O0907	hellennen		adj	S	of flasks; flask-like		hellenn 'a flask' + -en ('of, belonging to')	*heilleinn-	hellenn+en		letters: h.e.l.l.e.n.n.e.n	tier3-sys	
O0908	hellur	xelluris	n	B	a hall	a hall	*xeillur- 'a hall' (reserve, ancestor §3.3): Hal xelluris > hellur	*xeillur-	*xeillur-	HALD+cope (32)	@hellur	reserve	hall
O0909	hellur Stonwrytan		n	B	a guild-hall		a phrase: hellur hall + Stonwrytan guild	*xeillur-	phrase	HALD+cope (32) · TOLM+still (11) · TOLM+cut (8) + a n	@hellur @ston@ryt+a.n	tier3	guild-halls
O0910	hellurard		n	B	a hall-keeper ('the one of the hall')		hellur 'a hall' + -Ard (agent)	*xeillur-	hellur+Ard	HALD+cope (32) + A r d	@hellur+A.r.d	tier3-sys	
O0911	hellurel		n	S	a small hall; a single hall		hellur 'a hall' + -el (singulative, 'little')	*xeillur-	hellur+el	HALD+cope (32) + e l	@hellur+e.l	tier3-sys	
O0912	helluren		adj	S	of halls; hall-like		hellur 'a hall' + -en ('of, belonging to')	*xeillur-	hellur+en	HALD+cope (32) + e n	@hellur+e.n	tier3-sys	
O0913	hellurvard		n	B	a hall-warden, a steward		hellur 'a hall' + S pard 'a warden, a keeper' (compound: the head softened, §3.10)	*xeillur-, *par-	hellur^pard		letters: h.e.l.l.u.r.v.a.r.d	tier3	
O0914	helv	helvis	n	S	the sky, the upper air; the air; weather	the sky, the upper air	*half- 'the upper air': *half-i-s > Hal helvis > helv (O3,O4,H2)	*half-	*half-i-s	ORL+cope (141)	@helv	canon	air, sky, weather
O0915	helven		adj	S	of the sky, airy		helv 'the sky, the upper air' + -en ('of, belonging to')	*half-	helv+en	ORL+cope (141) + e n	@helv+e.n	tier3-sys	
O0916	helvhoss		n	B	wind ('sky-breath')		helv 'the sky, the upper air' + S hoss 'breath' (compound: the head softened, §3.10)	*half-, *hoss-	helv^hoss	ORL+cope (141) · MOLT+zig (106)	@helv@hoss	tier3	wind
O0917	helvhoss nerdess		n	S	a storm-wind		a phrase: helvhoss wind + nerdess storm.at.sea	*half-, *hoss-, *nerdeiss-	phrase	ORL+cope (141) · MOLT+zig (106) · WADH+fork (312)	@helv@hoss @nerdess	tier3	storm-wind
O0918	helvnynth		n	S	rain ('sky-water')		helv 'the sky, the upper air' + S nynth 'a spring, a well' (compound: the head softened, §3.10)	*half-, *naunth-	helv^nynth		letters: h.e.l.v.n.y.n.th	tier3	rain
O0919	hemm	hemmos	adj,n	S	old; Elder; ancient; an elder	old; Elder	*hemm- 'old, of many years': *hemm-o-s > Hal hemmos > hemm (H2)	*hemm-	*hemm-o-s	ULD+notch (240)	@hemm	canon	ancient, elder, old
O0920	hemma	hemmā	n	B	Elderess	Elderess	*hemm- 'old, of many years': *hemm-aʔ > Hal hemmā > hemma (O1,H3)	*hemm-	*hemm-aʔ		letters: h.e.m.m.a	canon	Elderess
O0921	hemman		n	B	the elders, the old		hemm 'old' + -an (collective, 'the folk of')	*hemm-	hemm+an	ULD+notch (240) + a n	@hemm+a.n	tier3-sys	
O0922	hemmel		n,adj	S	a relic ('a small old one'); oldish, elderly		hemm 'old' + -el (singulative, 'little')	*hemm-	hemm+el	ULD+notch (240) + e l	@hemm+e.l	tier3	relic
O0923	hemmen		adj	S	of elders; elder-like		hemm 'old' + -en ('of, belonging to')	*hemm-	hemm+en	ULD+notch (240) + e n	@hemm+e.n	tier3-sys	
O0924	hemmyth		n	S	oldness; the quality of being old; old age; eldership		hemm 'old' + -Oth (abstract)	*hemm-	hemm+Oth	ULD+notch (240) + O th	@hemm+O.th	tier3-sys	
O0925	heness	xenessos	n	S	a captive	a captive	*xeness- 'a captive' (reserve, ancestor §3.3): Hal xenessos > heness	*xeness-	*xeness-	CRESK+cup (89)	@heness	reserve	
O0926	henessan		n	B	the captives		heness 'a captive' + -an (collective, 'the folk of')	*xeness-	heness+an	CRESK+cup (89) + a n	@heness+a.n	tier3-sys	
O0927	henessel		n	S	little captive, dear captive		heness 'a captive' + -el (singulative, 'little')	*xeness-	heness+el	CRESK+cup (89) + e l	@heness+e.l	tier3-sys	
O0928	henessyth		n	S	captivity		heness 'a captive' + -Oth (abstract)	*xeness-	heness+Oth	CRESK+cup (89) + O th	@heness+O.th	tier3-sys	
O0929	henn	hennis	n	S	a daughter	a daughter	*heʔnn- 'a daughter' (reserve, ancestor §3.3): Hal hennis > henn	*heʔnn-	*heʔnn-		letters: h.e.n.n	reserve	
O0930	hennan		n	B	the daughters (of a house)		henn 'a daughter' + -an (collective, 'the folk of')	*heʔnn-	henn+an		letters: h.e.n.n.a.n	tier3-sys	
O0931	hennel		n	S	little daughter, dear daughter		henn 'a daughter' + -el (singulative, 'little')	*heʔnn-	henn+el		letters: h.e.n.n.e.l	tier3-sys	
O0932	henth	henthos	n	S	a cloud	a cloud	*heʔnth- 'a cloud' (reserve, ancestor §3.3): Hal henthos > henth	*heʔnth-	*heʔnth-	BRUNN+zig (327)	@henth	reserve	cloud
O0933	henthan		n	B	a bank of cloud		henth 'a cloud' + -an (collective, 'the folk of')	*heʔnth-	henth+an	BRUNN+zig (327) + a n	@henth+a.n	tier3-sys	
O0934	henthel		n	S	a small cloud; a single cloud		henth 'a cloud' + -el (singulative, 'little')	*heʔnth-	henth+el	BRUNN+zig (327) + e l	@henth+e.l	tier3-sys	
O0935	henthen		adj	S	of clouds; cloud-like		henth 'a cloud' + -en ('of, belonging to')	*heʔnth-	henth+en	BRUNN+zig (327) + e n	@henth+e.n	tier3-sys	
O0936	henthet		adj	S	clouded, overcast ('provided with X': -At on a noun)		henth 'a cloud' + -At (participle)	*heʔnth-	henth+At	BRUNN+zig (327) + A t	@henth+A.t	tier3-sys	
O0937	Hesk	heskos	name	S	Hesk	Hesk	*hesk-o-s > Hal heskos > hesk (H2); a name: names are names (no sense given)		*hesk-o-s		h.e.s.k	canon	Hesk
O0938	heskal	heskalis	n	B	a bridge, a span	a bridge, a span	*heiskal- 'a bridge, a span' (reserve, ancestor §3.3): Hal heskalis > heskal	*heiskal-	*heiskal-	GANNA+course (288)	@heskal	reserve	bridge, span
O0939	heskalard		n	B	a bridge-keeper ('the one of the bridge')		heskal 'a bridge, a span' + -Ard (agent)	*heiskal-	heskal+Ard	GANNA+course (288) + A r d	@heskal+A.r.d	tier3-sys	
O0940	heskalel		n	S	a small bridge; a single bridge		heskal 'a bridge, a span' + -el (singulative, 'little')	*heiskal-	heskal+el	GANNA+course (288) + e l	@heskal+e.l	tier3-sys	
O0941	heskalen		adj	S	of bridges; bridge-like		heskal 'a bridge, a span' + -en ('of, belonging to')	*heiskal-	heskal+en	GANNA+course (288) + e n	@heskal+e.n	tier3-sys	
O0942	heskalow		n	B	a bridgehead		heskal 'a bridge, a span' + -ow (place)	*heiskal-	heskal+ow	GANNA+course (288) + o w	@heskal+o.w	tier3-sys	
O0943	heskalstomorn		n	B	a bridge-beam		heskal 'a bridge, a span' + S stomorn 'a beam' (compound: the head softened, §3.10)	*heiskal-, *stomorn-	heskal^stomorn		letters: h.e.s.k.a.l.s.t.o.m.o.r.n	tier3	bridge-beams
O0944	heskalvard		n	B	a bridge-warden		heskal 'a bridge, a span' + S pard 'a warden, a keeper' (compound: the head softened, §3.10)	*heiskal-, *par-	heskal^pard		letters: h.e.s.k.a.l.v.a.r.d	tier3	
O0945	hesp	hespis	n	S	a sword; a weapon	a sword	*hesp- 'a long blade': *hesp-i-s > Hal hespis > hesp (H2)	*hesp-	*hesp-i-s	CRESK+cut (81)	@hesp	canon	sword, weapon
O0946	hespan		n	B	a band of swords		hesp 'a sword' + -an (collective, 'the folk of')	*hesp-	hesp+an	CRESK+cut (81) + a n	@hesp+a.n	tier3-sys	
O0947	hespel		n	S	a small sword; a single sword		hesp 'a sword' + -el (singulative, 'little')	*hesp-	hesp+el	CRESK+cut (81) + e l	@hesp+e.l	tier3-sys	
O0948	hespen		adj	S	of swords; sword-like		hesp 'a sword' + -en ('of, belonging to')	*hesp-	hesp+en	CRESK+cut (81) + e n	@hesp+e.n	tier3-sys	
O0949	hesperd		n	S	a soldier	a soldier	canon formation: hesp + -ard ('sword-one')		hesp+-ard	CRESK+cut (81) + A r d	@hesp+A.r.d	canon	soldier
O0950	hespet		adj	S	sworded, armed ('provided with X': -At on a noun)		hesp 'a sword' + -At (participle)	*hesp-	hesp+At	CRESK+cut (81) + A t	@hesp+A.t	tier3-sys	
O0951	hespeth		n	S	arms, weapons (swords); arms, weapons ('swords') (a plural with a sense of its own)		hesp 'a sword' + -Ath (plural)	*hesp-	hesp+Ath	CRESK+cut (81) + A th	@hesp+A.th	tier3	arms
O0952	hespow		n	B	an armoury		hesp 'a sword' + -ow (place)	*hesp-	hesp+ow	CRESK+cut (81) + o w	@hesp+o.w	tier3-sys	
O0953	hespyarl		n	B	a sword-hand		hesp 'a sword' + S garl 'a hand' (compound: the head softened, §3.10)	*hesp-, *garl-	hesp^garl	CRESK+cut (81) · GARL (213)	@hesp@garl	tier3	
O0954	hess	hessis	v	S	(v.) stop; neutralize (the clerk's word: 'stop')	(v.) stop	*hess- 'halt, stay': *hess-i-s > Hal hessis > hess (H2)	*hess-	*hess-i-s	TOVV+cope (165)	@hess	canon	neutralize, stop
O0955	hessdholm		n	B	a boundary stone ('stop-stone')		hess 'stop' + S tolm 'a stone' (compound: the head softened, §3.10)	*hess-, *tol-	hess^tolm	TOVV+cope (165) · TOLM (1)	@hess@tolm	tier3	
O0956	hessel		n	S	a comma ('a small stop')		hess 'stop' + -el (singulative, 'little')	*hess-	hess+el	TOVV+cope (165) + e l	@hess+e.l	tier3	comma
O0957	hesserd		n	S	one who stops		hess 'stop' + -Ard (agent)	*hess-	hess+Ard	TOVV+cope (165) + A r d	@hess+A.r.d	tier3-sys	
O0958	hesset		adj	S	stopped (the participle)		hess 'stop' + -At (participle)	*hess-	hess+At	TOVV+cope (165) + A t	@hess+A.t	tier3-sys	
O0959	hessow		n	B	a stopping-place, a halt		hess 'stop' + -ow (place)	*hess-	hess+ow	TOVV+cope (165) + o w	@hess+o.w	tier3-sys	
O0960	hessyl		n	S	stopping; the act of stopping		hess 'stop' + -Ol (verbal noun)	*hess-	hess+Ol	TOVV+cope (165) + O l	@hess+O.l	tier3-sys	
O0961	hessyth		n	S	restraint		hess 'stop' + -Oth (abstract)	*hess-	hess+Oth	TOVV+cope (165) + O th	@hess+O.th	tier3	restraint
O0962	heth	hethis	n	S	spring, the lengthening	spring, the lengthening	*heth- 'spring, the lengthening' (reserve, ancestor §3.3): Hal hethis > heth	*heth-	*heth-	ORL+bough (150)	@heth	reserve	spring
O0963	hethen		adj	S	of spring		heth 'spring, the lengthening' + -en ('of, belonging to')	*heth-	heth+en	ORL+bough (150) + e n	@heth+e.n	tier3-sys	
O0964	higil	higilos	n	S	one who knows the water, a ship-master	one who knows the water, a ship-master	*higil- 'one who knows the water, a ship-master' (reserve, ancestor §3.3): Hal higilos > higil	*higil-	*higil-		letters: h.i.g.i.l	reserve	ship-masters, ship-master
O0965	higilan		n	B	the ship-masters		higil 'one who knows the water, a ship-master' + -an (collective, 'the folk of')	*higil-	higil+an		letters: h.i.g.i.l.a.n	tier3-sys	
O0966	higilel		n	S	little one who knows the water, dear one who knows the water		higil 'one who knows the water, a ship-master' + -el (singulative, 'little')	*higil-	higil+el		letters: h.i.g.i.l.e.l	tier3-sys	
O0967	hinnar	hinnaros	n	B	a walled town; a city; a town	a walled town	*xinnar- 'a walled town' (reserve, ancestor §3.3): Hal hinnaros > hinnar	*xinnar-	*xinnar-	HALD+three (31)	@hinnar	reserve	city, town
O0968	hinnaran		n	B	the townsfolk		hinnar 'a walled town' + -an (collective, 'the folk of')	*xinnar-	hinnar+an	HALD+three (31) + a n	@hinnar+a.n	tier3-sys	
O0969	hinnarel		n	S	a small walled town; a single walled town		hinnar 'a walled town' + -el (singulative, 'little')	*xinnar-	hinnar+el	HALD+three (31) + e l	@hinnar+e.l	tier3-sys	
O0970	hinnaren		adj	S	of walled towns; walled town-like		hinnar 'a walled town' + -en ('of, belonging to')	*xinnar-	hinnar+en	HALD+three (31) + e n	@hinnar+e.n	tier3-sys	
O0971	hinnarow		n	B	a townland		hinnar 'a walled town' + -ow (place)	*xinnar-	hinnar+ow	HALD+three (31) + o w	@hinnar+o.w	tier3-sys	
O0972	hinnarvard		n	B	a town-warden		hinnar 'a walled town' + S pard 'a warden, a keeper' (compound: the head softened, §3.10)	*xinnar-, *par-	hinnar^pard		letters: h.i.n.n.a.r.v.a.r.d	tier3	
O0973	hiskenn	hiskennos	n	S	a pass through mountains	a pass through mountains	*hiskeinn- 'a pass through mountains' (reserve, ancestor §3.3): Hal hiskennos > hiskenn	*hiskeinn-	*hiskeinn-	BRUNN+gap (321)	@hiskenn	reserve	pass
O0974	hiskennel		n	S	a small pass through mountains; a single pass through mountains		hiskenn 'a pass through mountains' + -el (singulative, 'little')	*hiskeinn-	hiskenn+el	BRUNN+gap (321) + e l	@hiskenn+e.l	tier3-sys	
O0975	hiskennen		adj	S	of pass through mountainses; pass through mountains-like		hiskenn 'a pass through mountains' + -en ('of, belonging to')	*hiskeinn-	hiskenn+en	BRUNN+gap (321) + e n	@hiskenn+e.n	tier3-sys	
O0976	hiskennvard		n	B	a pass-warden		hiskenn 'a pass through mountains' + S pard 'a warden, a keeper' (compound: the head softened, §3.10)	*hiskeinn-, *par-	hiskenn^pard		letters: h.i.s.k.e.n.n.v.a.r.d	tier3	
O0977	ho	hoa	part	B	question particle (+S); question particle; whether	question particle (+S); question particle	*ho- 'is it?': *ho-a > Hal hoa > ho (H2)	*ho-	*ho-a		left out (a mortar word, D2)	canon	whether
O0978	hollar	xollaros	v	B	flee	flee	*xollar- 'flee' (reserve, ancestor §3.3): Hal xollaros > hollar	*xollar-	*xollar-	LUNN+course (261)	@hollar	reserve	flee
O0979	hollarard		n	B	one who flees		hollar 'flee' + -Ard (agent)	*xollar-	hollar+Ard	LUNN+course (261) + A r d	@hollar+A.r.d	tier3-sys	
O0980	hollarat		adj	B	fled (the participle)		hollar 'flee' + -At (participle)	*xollar-	hollar+At	LUNN+course (261) + A t	@hollar+A.t	tier3-sys	
O0981	hollarol		n	B	a retreat; a rout; fleeing; the act of fleeing		hollar 'flee' + -Ol (verbal noun)	*xollar-	hollar+Ol	LUNN+course (261) + O l	@hollar+O.l	tier3	retreat, rout
O0982	hollarol sell		n	S	the long retreat		a phrase: hollarol retreat + sell long	*xollar-, *sell-	phrase	LUNN+course (261) + O l · VENN+course (268)	@hollar+O.l @sell	tier3	
O0983	hollarow		n	B	a refuge		hollar 'flee' + -ow (place)	*xollar-	hollar+ow	LUNN+course (261) + o w	@hollar+o.w	tier3-sys	
O0984	homar	xomaris	n	B	a buttress, a propping wall	a buttress, a propping wall	*xomar- 'a buttress, a propping wall' (reserve, ancestor §3.3): Hal xomaris > homar	*xomar-	*xomar-		letters: h.o.m.a.r	reserve	buttress
O0985	homarel		n	S	a small buttress; a single buttress		homar 'a buttress, a propping wall' + -el (singulative, 'little')	*xomar-	homar+el		letters: h.o.m.a.r.e.l	tier3-sys	
O0986	homaren		adj	S	of buttresses; buttress-like		homar 'a buttress, a propping wall' + -en ('of, belonging to')	*xomar-	homar+en		letters: h.o.m.a.r.e.n	tier3-sys	
O0987	hos	hosos	num,pron	B	one; anyone, anybody (in questions and after not: 'one'); someone ('one')	one	*hos- 'one': *hos-o-s > Hal hosos > hos (H2)	*hos-	*hos-o-s		%h	canon	anyone, one, someone
O0988	hos fedh		adv	S	once (one time)		a phrase: hos one + fedh time	*hos-, *xwadh-	phrase	ORL+course (147)	%h @fedh	tier3	once
O0989	hosast		num,n	B	first	first	canon formation: hos + -ast (ordinal)		hos+-ast	FORE (328)	@hosast	canon	first
O0990	hosel		adj,adv	S	alone, only, single ('one, a small one'); just, only; lone; simply, only; singly		hos 'one' + -el (singulative, 'little')	*hos-	hos+el		letters: h.o.s.e.l	tier3	alone, just, lone, only, simply, single, singly
O0991	hosen		prep,adj	S	as, like, the same as; equal		hos 'one' + -en ('of, belonging to')	*hos-	hos+en		letters: h.o.s.e.n	tier3	as, equal, like, same
O0992	hosen sy		det	S	such (like this)		a phrase: hosen as + sy this	*hos-, *siu	phrase		letters: h.o.s.e.n	tier3	such
O0993	hosen vodh		adv	B	how ('like what')		a phrase: hosen as + vodh what	*hos-, *ka-, wo- + -ð-	phrase		letters: h.o.s.e.n	tier3	how
O0994	hosk	hoskos	n,v	B	a lintel; a capstone; (v.) lay the lintel, seal; (of a word-sign) a crown: the small mark set over a head; a bar (a stone laid across); cap; a title; wed (seal)	a lintel; a capstone; (v.) lay the lintel, seal; (of a word-sign) a crown: the small mark set over a head	*hosk- 'a stone laid across': *hosk-o-s > Hal hoskos > hosk (H2)	*hosk-	*hosk-o-s	TOLM+cope (2)	@hosk	canon	bar, cap, capstone, lintel, seal, title, wed
O0995	hosk hald		n	B	a parapet (the capstone of the wall)		a phrase: hosk lintel + hald wall	*hosk-, *xal-	phrase	TOLM+cope (2) · HALD (21)	@hosk @hald	tier3	parapet
O0996	Hosk Lunn		n,name	B	the Title of Liberty; the Title of Liberty (the lintel of freedom)	the Title of Liberty	canon formation: hosk + lunn (the Title of Liberty)		hosk+lunn	TOLM+cope (2) · LUNN (258)	@hosk @lunn	canon	
O0997	hoskard		n	B	one who lays the lintel or seals; a capstone-layer, the sealer of a work ('the one of the lintel')		hosk 'a lintel' + -Ard (agent)	*hosk-	hosk+Ard	TOLM+cope (2) + A r d	@hosk+A.r.d	tier3-sys	
O0998	hoskat		adj	B	laid the lintel, sealed (the participle)		hosk 'a lintel' + -At (participle)	*hosk-	hosk+At	TOLM+cope (2) + A t	@hosk+A.t	tier3-sys	
O0999	hoskdholm		n	B	a capping stone, a coping		hosk 'a lintel' + S tolm 'a stone' (compound: the head softened, §3.10)	*hosk-, *tol-	hosk^tolm	TOLM+cope (2) · TOLM (1)	@hosk@tolm	tier3	
O1000	hoskol		n	B	the sealing (the wedding); a sealing; a wedding; laying the lintel; sealing; the act of laying the lintel	the sealing (the wedding)	canon formation: hosk + -ol (the sealing)		hosk+-ol	TOLM+cope (2) + O l	@hosk+O.l	canon	sealing, wedding
O1001	hoskryt		n	S	a lintel-inscription, the vow cut in a lintel		hosk 'a lintel' + S ryt 'a cut vow, an oath' (compound: the head softened, §3.10)	*hosk-, *wrut-	hosk^ryt	TOLM+cope (2) · TOLM+cut (8)	@hosk@ryt	tier3	
O1002	hoskvoll		n	B	a pair-name	a pair-name	canon formation: hosk + voll (compound, softened)		hosk+voll	TOLM+cope (2) · BROD+lone (202)	@hosk@voll	canon	
O1003	hosnoth		num	B	eleven ('one-ten')	eleven ('one-ten')	canon formation: hos + noth (eleven)		hos+noth		%nh	canon	
O1004	hoss	hossos	n,v	B	breath; breathe; live; outlive, live on	breath	*hoss- 'breath going out': *hoss-o-s > Hal hossos > hoss (H2)	*hoss-	*hoss-o-s	MOLT+zig (106)	@hoss	canon	breath, breathe, live, outlive
O1005	Hoss et Mesk		name	S	II.2 Of the Breath of the Wood		a phrase: Hoss breath + et the + Mesk tree	*hoss-, *et-, *mosk-	phrase	MOLT+zig (106) · MESK (186)	@hoss @mesk	tier3	
O1006	Hoss Sell et Crenn		name	S	I.3 The Captain's Long Breath (the long breath of the Captain)		a phrase: Hoss breath + Sell long + et the + Crenn captain	*hoss-, *sell-, *et-, *krenn-	phrase	MOLT+zig (106) · VENN+course (268) · PAR+cope (93)	@hoss @sell @crenn	tier3	
O1007	hossard		n	B	one who breathes		hoss 'breath' + -Ard (agent)	*hoss-	hoss+Ard	MOLT+zig (106) + A r d	@hoss+A.r.d	tier3-sys	
O1008	hossat		adj	B	breathed (the participle)		hoss 'breath' + -At (participle)	*hoss-	hoss+At	MOLT+zig (106) + A t	@hoss+A.t	tier3-sys	
O1009	hossen		adj	S	alive, living ('of breath'); breathing, of breath		hoss 'breath' + -en ('of, belonging to')	*hoss-	hoss+en	MOLT+zig (106) + e n	@hoss+e.n	tier3	alive
O1010	hossenyth		n	S	life, liveliness		hossen 'alive, living' + -Oth (abstract)	*hoss-	hossen+Oth	MOLT+zig (106) + e n + O th	@hoss+e.n+O.th	tier3-sys	
O1011	hossol		n	B	a life ('breathing'); a lifetime; breathing; the act of breathing		hoss 'breath' + -Ol (verbal noun)	*hoss-	hoss+Ol	MOLT+zig (106) + O l	@hoss+O.l	tier3	life, lifetime
O1012	hossow		n	B	a throat ('the breath-place')		hoss 'breath' + -ow (place)	*hoss-	hoss+ow	MOLT+zig (106) + o w	@hoss+o.w	tier3	throat
O1013	hulter	xultēros	n	S	a staff, a rod; a stick	a staff, a rod	*xulteir- 'a staff, a rod' (reserve, ancestor §3.3): Hal xultēros > hulter	*xulteir-	*xulteir-		letters: h.u.l.t.e.r	reserve	rod, staff, stick
O1014	hulterel		n	S	a small staff; a single staff		hulter 'a staff, a rod' + -el (singulative, 'little')	*xulteir-	hulter+el		letters: h.u.l.t.e.r.e.l	tier3-sys	
O1015	hulteren		adj	S	of stafves; staff-like		hulter 'a staff, a rod' + -en ('of, belonging to')	*xulteir-	hulter+en		letters: h.u.l.t.e.r.e.n	tier3-sys	
O1016	humm	hummos	n	B	a husband, the man of a hearth	a husband, the man of a hearth	*huʔmm- 'a husband, the man of a hearth' (reserve, ancestor §3.3): Hal hummos > humm	*huʔmm-	*huʔmm-		letters: h.u.m.m	reserve	husband
O1017	humman		n	B	the husbands		humm 'a husband, the man of a hearth' + -an (collective, 'the folk of')	*huʔmm-	humm+an		letters: h.u.m.m.a.n	tier3-sys	
O1018	hummel		n	S	little husband, dear husband		humm 'a husband, the man of a hearth' + -el (singulative, 'little')	*huʔmm-	humm+el		letters: h.u.m.m.e.l	tier3-sys	
O1019	hummoth		n	B	husbandhood, the bond of the husband		humm 'a husband, the man of a hearth' + -Oth (abstract)	*huʔmm-	humm+Oth		letters: h.u.m.m.O.th	tier3-sys	
O1020	hunn	hunnos	v	B	hear	hear	*hunn- 'hear': *hunn-o-s > Hal hunnos > hunn (H2)	*hunn-	*hunn-o-s	BROD+cup (204)	@hunn	canon	hear
O1021	hunnard		n	B	one who hears		hunn 'hear' + -Ard (agent)	*hunn-	hunn+Ard	BROD+cup (204) + A r d	@hunn+A.r.d	tier3-sys	
O1022	hunnat		n,adj	B	a sound ('a heard thing'); heard (the participle)		hunn 'hear' + -At (participle)	*hunn-	hunn+At	BROD+cup (204) + A t	@hunn+A.t	tier3	sound
O1023	hunner	xunnēris	v	S	skip, leap; jump	skip, leap	*xunneir- 'skip, leap' (reserve, ancestor §3.3): Hal xunnēris > hunner	*xunneir-	*xunneir-		letters: h.u.n.n.e.r	reserve	jump, leap, skip
O1024	hunnererd		n	S	one who skips or leaps		hunner 'skip, leap' + -Ard (agent)	*xunneir-	hunner+Ard		letters: h.u.n.n.e.r.A.r.d	tier3-sys	
O1025	hunneret		adj	S	skipped, leapt (the participle)		hunner 'skip, leap' + -At (participle)	*xunneir-	hunner+At		letters: h.u.n.n.e.r.A.t	tier3-sys	
O1026	hunneryl		n	S	skipping; leaping; the act of skipping		hunner 'skip, leap' + -Ol (verbal noun)	*xunneir-	hunner+Ol		letters: h.u.n.n.e.r.O.l	tier3-sys	
O1027	hunnol		n	B	hearing; the act of hearing		hunn 'hear' + -Ol (verbal noun)	*hunn-	hunn+Ol	BROD+cup (204) + O l	@hunn+O.l	tier3-sys	
O1028	hurr	hurros	v	B	(v.) kill; slay	(v.) kill	*hurr- 'strike down': *hurr-o-s > Hal hurros > hurr (H2)	*hurr-	*hurr-o-s	CRESK+fade (77)	@hurr	canon	kill, slay
O1029	hurrard		n	B	one who kills		hurr 'kill' + -Ard (agent)	*hurr-	hurr+Ard	CRESK+fade (77) + A r d	@hurr+A.r.d	tier3-sys	
O1030	hurrat		adj	B	killed (the participle)		hurr 'kill' + -At (participle)	*hurr-	hurr+At	CRESK+fade (77) + A t	@hurr+A.t	tier3-sys	
O1031	hurrol		n	B	a killing; killing; the act of killing		hurr 'kill' + -Ol (verbal noun)	*hurr-	hurr+Ol	CRESK+fade (77) + O l	@hurr+O.l	tier3	killing
O1032	hurrow		n	B	a killing-ground		hurr 'kill' + -ow (place)	*hurr-	hurr+ow	CRESK+fade (77) + o w	@hurr+o.w	tier3-sys	
O1033	hy	hya	prep	S	from, out of (+S); from, out of; off, away from; than ('from': greater from X)	from, out of (+S); from, out of	*xui 'out of, from': *xui-a > Hal hya > hy (O2,O4,H2)	*xui	*xui-a		left out (a mortar word, D2)	canon	from, off, out, than
O1034	hy amm		conj	B	since (from when)		a phrase: hy from(+S) + amm when	*xui, *aŋ-	phrase		left out (mortar words only)	tier3	since
O1035	hy ull		adv	B	afterward, then, from that; so, therefore (from that); then, after that		a phrase: hy from(+S) + ull that	*xui, *ull-	phrase		left out (mortar words only)	tier3	afterward, so, then
O1036	hy ullen		adv	S	apart (from the other)		a phrase: hy from(+S) + ullen S·of.rivers	*xui, *xrull-	phrase	WADH+course (304) + e n	@rhull+e.n	tier3	apart
O1037	hy vodh		conj,adv	B	because, for ('from what'); for, because; why ('from what')		a phrase: hy from(+S) + vodh what	*xui, *ka-, wo- + -ð-	phrase		left out (mortar words only)	tier3	because, for, why
O1038	hydull	hiudullos	n,v	B	patience; to endure; bear, endure; endurance	patience; to endure	*xeudull- 'patience' (reserve, ancestor §3.3): Hal hiudullos > hydull	*xeudull-	*xeudull-	PAR+notch (104)	@hydull	reserve	bear, endurance, patience
O1039	hydullard		n	B	one who bears or endures		hydull 'patience' + -Ard (agent)	*xeudull-	hydull+Ard	PAR+notch (104) + A r d	@hydull+A.r.d	tier3-sys	
O1040	hydullat		adj	B	borne, endured (the participle)		hydull 'patience' + -At (participle)	*xeudull-	hydull+At	PAR+notch (104) + A t	@hydull+A.t	tier3-sys	
O1041	hydullol		n	B	bearing; enduring; the act of bearing		hydull 'patience' + -Ol (verbal noun)	*xeudull-	hydull+Ol	PAR+notch (104) + O l	@hydull+O.l	tier3-sys	
O1042	hydullow		n	B	a place of patience, a waiting-room		hydull 'patience' + -ow (place)	*xeudull-	hydull+ow	PAR+notch (104) + o w	@hydull+o.w	tier3-sys	
O1043	hylenn	hiulennos	n	S	gladness, joy	gladness, joy	*xeuleinn- 'gladness, joy' (reserve, ancestor §3.3): Hal hiulennos > hylenn	*xeuleinn-	*xeuleinn-	MOLT+star (110)	@hylenn	reserve	
O1044	hyll	hyllis	n	S	a tide	a tide	*hull- 'a swelling of water': *hull-i-s > Hal hyllis > hyll (O3,H2)	*hull-	*hull-i-s	WADH+turn (303)	@hyll	canon	tide
O1045	Hyll Dasken		name	S	the Last Tide		a phrase: Hyll tide + Dasken final	*hull-, *dask-	phrase	WADH+turn (303) · TRENN+cope (44) + e n	@hyll @dask+e.n	tier3	
O1046	Hyll Dhumol		name	B	the Tide of Remembering		a phrase: Hyll tide + Dhumol S·remembering	*hull-, *tum-	phrase	WADH+turn (303) · TUM (120) + O l	@hyll @tum+O.l	tier3	
O1047	Hyll Lodhat		name	B	the Joined Tide		a phrase: Hyll tide + Lodhat bonded	*hull-	phrase	WADH+turn (303) · LODH (291) + A t	@hyll @lodh+A.t	tier3	
O1048	Hyll Pawast		name	B	the Second Tide		a phrase: Hyll tide + Pawast second	*hull-	phrase	WADH+turn (303)	@hyll letters: p.a.w.A.s.t	tier3	
O1049	Hyll Pynt		name	S	the Hasty Tide		a phrase: Hyll tide + Pynt quick	*hull-, *punt-	phrase	WADH+turn (303)	@hyll letters: p.y.n.t	tier3	
O1050	Hyll sa re rystull nycul		name	B	the Tide that Learned Deceit		a phrase: Hyll tide + sa REL(+S) + re PST(+S) + rystull learn + nycul lie	*hull-, *sa, *re, *reustull-, *neukul-	phrase	WADH+turn (303) · TUM+course (125) · CRESK+zig (83)	@hyll @rystull @nycul	tier3	
O1051	hylldhrenn		n	S	the tide-line		hyll 'a tide' + S trenn 'a course of stones' (compound: the head softened, §3.10)	*hull-, *trenn-	hyll^trenn	WADH+turn (303) · TRENN (39)	@hyll@trenn	tier3	tide-line
O1052	hyllel		n	S	a small tide; a single tide		hyll 'a tide' + -el (singulative, 'little')	*hull-	hyll+el	WADH+turn (303) + e l	@hyll+e.l	tier3-sys	
O1053	hyllen		adj	S	of tides; tide-like		hyll 'a tide' + -en ('of, belonging to')	*hull-	hyll+en	WADH+turn (303) + e n	@hyll+e.n	tier3-sys	
O1054	Hylleth sa re nydh et Hald		name	B	V.5 The Tides, as the Wall Counted Them		a phrase: Hylleth tide-PL + sa REL(+S) + re PST(+S) + nydh count + et the + Hald wall	*hull-, *sa, *re, *nuð-, *et-, *xal-	phrase	WADH+turn (303) · GARL+notch (220) · HALD (21)	@hyll+A.th @nydh @hald	tier3	
O1055	hyllow		n	B	a tidal flat		hyll 'a tide' + -ow (place)	*hull-	hyll+ow	WADH+turn (303) + o w	@hyll+o.w	tier3-sys	
O1056	hynal	hiunalis	v	B	sell	sell	*heunal- 'sell' (reserve, ancestor §3.3): Hal hiunalis > hynal	*heunal-	*heunal-		letters: h.y.n.a.l	reserve	sell
O1057	hynalard		n	B	one who sells		hynal 'sell' + -Ard (agent)	*heunal-	hynal+Ard		letters: h.y.n.a.l.A.r.d	tier3-sys	
O1058	hynalat		adj	B	sold (the participle)		hynal 'sell' + -At (participle)	*heunal-	hynal+At		letters: h.y.n.a.l.A.t	tier3-sys	
O1059	hynalol		n	B	selling; the act of selling		hynal 'sell' + -Ol (verbal noun)	*heunal-	hynal+Ol		letters: h.y.n.a.l.O.l	tier3-sys	
O1060	hynalow		n	B	a selling-place, a stall		hynal 'sell' + -ow (place)	*heunal-	hynal+ow		letters: h.y.n.a.l.o.w	tier3-sys	
O1061	hyo		adv	B	out ('out of it', the preposition with its ending); outside				phrase		letters: h.y.o	tier3	out, outside
O1062	hyom		prep	B	from me		hy 'from' + the 1SG ending (§3.6, conjugated prepositions: 'the other prepositions follow the same pattern')	*xui	hy+1SG		letters: h.y.o.m	tier3-sys	
O1063	hyona		prep	B	from us two		hy 'from' + the 1DU ending (§3.6, conjugated prepositions: 'the other prepositions follow the same pattern')	*xui	hy+1DU		letters: h.y.o.n.a	tier3-sys	
O1064	hyont		prep	B	from them		hy 'from' + the 3PL ending (§3.6, conjugated prepositions: 'the other prepositions follow the same pattern')	*xui	hy+3PL		letters: h.y.o.n.t	tier3-sys	
O1065	hyonta		prep	B	from them two		hy 'from' + the 3DU ending (§3.6, conjugated prepositions: 'the other prepositions follow the same pattern')	*xui	hy+3DU		letters: h.y.o.n.t.a	tier3-sys	
O1066	hyor		prep	B	from us		hy 'from' + the 1PL ending (§3.6, conjugated prepositions: 'the other prepositions follow the same pattern')	*xui	hy+1PL		letters: h.y.o.r	tier3-sys	
O1067	hyos		prep	B	from you (many)		hy 'from' + the 2PL ending (§3.6, conjugated prepositions: 'the other prepositions follow the same pattern')	*xui	hy+2PL		letters: h.y.o.s	tier3-sys	
O1068	hyoth		prep	B	from you (one)		hy 'from' + the 2SG ending (§3.6, conjugated prepositions: 'the other prepositions follow the same pattern')	*xui	hy+2SG		letters: h.y.o.th	tier3-sys	
O1069	hyoy		prep	S	from her		hy 'from' + the 3SG.F ending (§3.6, conjugated prepositions: 'the other prepositions follow the same pattern')	*xui	hy+3SG.F		letters: h.y.o.y	tier3-sys	
O1070	hyrril	hiurrilos	v	S	understand, grasp	understand, grasp	*xeurril- 'understand, grasp' (reserve, ancestor §3.3): Hal hiurrilos > hyrril	*xeurril-	*xeurril-	TUM+turn (123)	@hyrril	reserve	understand
O1071	hyrrilerd		n	S	one who understands or grasps		hyrril 'understand, grasp' + -Ard (agent)	*xeurril-	hyrril+Ard	TUM+turn (123) + A r d	@hyrril+A.r.d	tier3-sys	
O1072	hyrrilet		adj	S	understood, grasped (the participle)		hyrril 'understand, grasp' + -At (participle)	*xeurril-	hyrril+At	TUM+turn (123) + A t	@hyrril+A.t	tier3-sys	
O1073	hyrrilyl		n	S	understanding; grasping; the act of understanding		hyrril 'understand, grasp' + -Ol (verbal noun)	*xeurril-	hyrril+Ol	TUM+turn (123) + O l	@hyrril+O.l	tier3-sys	
O1074	hyvenn		adj,adv	S	outer (by analogy with ulvenn, inner); outward		hy 'from, out of' + S venn 'true' (compound: the head softened, §3.10)	*xui, *weinn-	hy^venn		letters: h.y.v.e.n.n	tier3	outer, outward
O1075	hyvenn sost		adj	B	outermost		a phrase: hyvenn outer + sost self	*xui, *weinn-, *swe-	phrase		letters: h.y.v.e.n.n	tier3	outermost
O1076	hyvennyth		n	S	outwardness		hyvenn 'outer' + -Oth (abstract)	*xui, *weinn-	hyvenn+Oth		letters: h.y.v.e.n.n.O.th	tier3-sys	
O1077	hyvul	hiuvulos	adj	B	alone, lonely	alone, lonely	*xeuwul- 'alone, lonely' (reserve, ancestor §3.3): Hal hiuvulos > hyvul	*xeuwul-	*xeuwul-	MOLT+rim (118)	@hyvul	reserve	
O1078	hyvulard		n	B	a loner		hyvul 'alone, lonely' + -Ard (agent)	*xeuwul-	hyvul+Ard	MOLT+rim (118) + A r d	@hyvul+A.r.d	tier3-sys	
O1079	hyvuloth		n	B	aloneness; the quality of being alone		hyvul 'alone, lonely' + -Oth (abstract)	*xeuwul-	hyvul+Oth	MOLT+rim (118) + O th	@hyvul+O.th	tier3-sys	
O1080	Idlan	idlanos	name	B	Idlan (of Idrenna)	Idlan (of Idrenna)	*id-lan-o-s > Hal idlanos > idlan (H2); a name: names are names (no sense given)		*id-lan-o-s		i.d.l.a.n	canon	
O1081	Idrenna		name	B	Idrenna: the pair-name of Idlan and Denna, the Theoliths who taught Halyna; Idrenna, the pair-name of Idlan and Denna	Idrenna: the pair-name of Idlan and Denna, the Theoliths who taught Halyna	canon formation: idlan + denna + -a (pair-name: Id- + softened Denn- (d > r) + -a)		idlan+denna+-a		=i.d.r.e.n.n.a	canon	Idrenna
O1082	inth	inthis	n	S	a lip; a kiss	a lip	*iʔnth- 'a lip' (reserve, ancestor §3.3): Hal inthis > inth	*iʔnth-	*iʔnth-		letters: i.n.th	reserve	kiss, lip
O1083	inthel		n	S	a small lip; a single lip		inth 'a lip' + -el (singulative, 'little')	*iʔnth-	inth+el		letters: i.n.th.e.l	tier3-sys	
O1084	inthen		adj	S	of lips; lip-like		inth 'a lip' + -en ('of, belonging to')	*iʔnth-	inth+en		letters: i.n.th.e.n	tier3-sys	
O1085	kael	kēlos	n,name	S	a tally-notch; Kael (a name); Kael (a name: Kael the Counter); a notch; Kael, 'a tally-notch'	a tally-notch; Kael (a name); Kael (a name: Kael the Counter)	*kail- 'a notch cut to keep a count': *kail-o-s > Hal kēlos > kael (O2,H2,H3)	*kail-	*kail-o-s		k.a.e.l	canon	notch, Kael
O1086	kael elth		n	S	a star-notch (the notch of a star)		a phrase: kael tally-notch + elth star	*kail-, *eʔlth-	phrase	ORL+three (145)	k.a.e.l @elth	tier3	star-notch
O1087	Kael Nydherd		n,name	S	Kael the Counter	Kael the Counter	canon formation: kael + nydherd (Kael the Counter)		kael+nydherd	GARL+notch (220) + A r d	k.a.e.l @nydh+A.r.d	canon	
O1088	kaelir	kēliros	n	S	a ruin, a thing broken down; a wreck	a ruin, a thing broken down	*keilir- 'a ruin, a thing broken down' (reserve, ancestor §3.3): Hal kēliros > kaelir	*keilir-	*keilir-	HALD+fade (28)	@kaelir	reserve	ruin, wreck
O1089	Kaelir sa re vymm dem varn		name	B	V.3 The Wreck That Went Home		a phrase: Kaelir ruin + sa REL(+S) + re PST(+S) + vymm S·return + dem until(+N) + varn home	*keilir-, *sa, *re, *muʔmm-, *dem-, *waʔr-	phrase	HALD+fade (28) · TRENN+cup (51) · ODH+still (58)	@kaelir @mymm @varn	tier3	
O1090	kaelirel		n	S	a small ruin; a single ruin		kaelir 'a ruin, a thing broken down' + -el (singulative, 'little')	*keilir-	kaelir+el	HALD+fade (28) + e l	@kaelir+e.l	tier3-sys	
O1091	kaeliren		adj	S	of ruins; ruin-like		kaelir 'a ruin, a thing broken down' + -en ('of, belonging to')	*keilir-	kaelir+en	HALD+fade (28) + e n	@kaelir+e.n	tier3-sys	
O1092	kaelirvesk		n	S	wreck-wood ('wreck-wood')		kaelir 'a ruin, a thing broken down' + S mesk 'a tree' (compound: the head softened, §3.10)	*keilir-, *mosk-	kaelir^mesk	HALD+fade (28) · MESK (186)	@kaelir@mesk	tier3	wreck-wood
O1093	kaemul	kēmulos	n	B	shame; shame; (in the 'upon' idiom) ashamed: Doss kaemul umom	shame	*kaimul- 'shame' (reserve, ancestor §3.3): Hal kēmulos > kaemul	*kaimul-	*kaimul-		letters: k.a.e.m.u.l	reserve	ashamed, shame
O1094	kaemulen		adj	S	shameful		kaemul 'shame' + -en ('of, belonging to')	*kaimul-	kaemul+en		letters: k.a.e.m.u.l.e.n	tier3-sys	
O1095	kaever	kēveros	v,n	S	think; a thought; guess; mean, intend	think; a thought	*keiwer- 'think' (reserve, ancestor §3.3): Hal kēveros > kaever	*keiwer-	*keiwer-	TUM+zig (122)	@kaever	reserve	guess, mean, think, thought
O1096	kaevererd		n	S	one who thinks		kaever 'think' + -Ard (agent)	*keiwer-	kaever+Ard	TUM+zig (122) + A r d	@kaever+A.r.d	tier3-sys	
O1097	kaeveret		n,adj	S	a meaning (a thing thought); thought (the participle)		kaever 'think' + -At (participle)	*keiwer-	kaever+At	TUM+zig (122) + A t	@kaever+A.t	tier3	meaning
O1098	kaeveryl		n	S	thinking; the act of thinking		kaever 'think' + -Ol (verbal noun)	*keiwer-	kaever+Ol	TUM+zig (122) + O l	@kaever+O.l	tier3-sys	
O1099	kesk	keskis	n	S	an ember	an ember	*keisk- 'an ember' (reserve, ancestor §3.3): Hal keskis > kesk	*keisk-	*keisk-	VORR+cup (163)	@kesk	reserve	
O1100	keskel		n	S	a small ember; a single ember		kesk 'an ember' + -el (singulative, 'little')	*keisk-	kesk+el	VORR+cup (163) + e l	@kesk+e.l	tier3-sys	
O1101	kesken		adj	S	of embers; ember-like		kesk 'an ember' + -en ('of, belonging to')	*keisk-	kesk+en	VORR+cup (163) + e n	@kesk+e.n	tier3-sys	
O1102	kess	kessos	n	S	a current in the sea	a current in the sea	*keʔss- 'a current in the sea' (reserve, ancestor §3.3): Hal kessos > kess	*keʔss-	*keʔss-		letters: k.e.s.s	reserve	current
O1103	kessdhrenn		n	S	the run of a current		kess 'a current in the sea' + S trenn 'a course of stones' (compound: the head softened, §3.10)	*keʔss-, *trenn-	kess^trenn		letters: k.e.s.s.dh.r.e.n.n	tier3	
O1104	kessel		n	S	a small current in the sea; a single current in the sea		kess 'a current in the sea' + -el (singulative, 'little')	*keʔss-	kess+el		letters: k.e.s.s.e.l	tier3-sys	
O1105	kessen		adj	S	of current in the seas; current in the sea-like		kess 'a current in the sea' + -en ('of, belonging to')	*keʔss-	kess+en		letters: k.e.s.s.e.n	tier3-sys	
O1106	kessow		n	B	a race, a place of currents		kess 'a current in the sea' + -ow (place)	*keʔss-	kess+ow		letters: k.e.s.s.o.w	tier3-sys	
O1107	kest	kestis	n	S	a company of soldiers; a garrison	a company of soldiers	*kest- 'a band that goes together': *kest-i-s > Hal kestis > kest (H2)	*kest-	*kest-i-s	CRESK+three (82)	@kest	canon	company, garrison
O1108	kestel		n	S	a private ('one of the company'); a small company of soldiers; a single company of soldiers		kest 'a company of soldiers' + -el (singulative, 'little')	*kest-	kest+el	CRESK+three (82) + e l	@kest+e.l	tier3	private
O1109	kesten		adj	S	of company of soldierses; company of soldiers-like		kest 'a company of soldiers' + -en ('of, belonging to')	*kest-	kest+en	CRESK+three (82) + e n	@kest+e.n	tier3-sys	
O1110	kesterd		n	S	a corporal ('company-one': the leader of a file); a corporal, the leader of a file ('the one of the company of soldiers')		kest 'a company of soldiers' + -Ard (agent)	*kest-	kest+Ard	CRESK+three (82) + A r d	@kest+A.r.d	tier3	corporal
O1111	kestow		n	B	a barracks		kest 'a company of soldiers' + -ow (place)	*kest-	kest+ow	CRESK+three (82) + o w	@kest+o.w	tier3-sys	
O1112	keth	kethis	v	S	(v.) hold, keep; (of the wood) know; know (the wood, by touch)	(v.) hold, keep; (of the wood) know	*keθ- 'hold in the hand, keep': *keth-i-s > Hal kethis > keth (H2)	*keθ-	*keth-i-s	GARL+cup (214)	@keth	canon	hold, keep, know
O1113	Keth, ell lusk		phr	B	'Hold, or loose' (the third call)		a phrase: Keth hold + ell or + lusk loose	*keθ-, *ell-, *lusk-	phrase	GARL+cup (214) · GARL+gap (216)	@keth , @lusk	tier3	
O1114	Ketherd		n	S	the Commander ('the holder'); the Commander; a commander; one who holds or keeps	the Commander ('the holder'); the Commander	canon formation: keth + -ard (the holder: the Commander)		keth+-ard	GARL+cup (214) + A r d	@keth+A.r.d	canon	commander
O1115	kethet		adj	S	held, kept (the participle)		keth 'hold, keep' + -At (participle)	*keθ-	keth+At	GARL+cup (214) + A t	@keth+A.t	tier3-sys	
O1116	kethow	kethū	n	B	a keep, a hold; a castle; a citadel; a fortress; a stronghold	a keep, a hold	*keθ- 'hold in the hand, keep': *keth-uʔ > Hal kethū > kethow (O1,H3)	*keθ-	*keth-uʔ		letters: k.e.th.o.w	canon	castle, citadel, fortress, stronghold
O1117	Kethow Dhresk		n,name	S	Rivenkeep ('the holding-place of the cleft'); Rivenkeep (the holding-place of the cleft)	Rivenkeep ('the holding-place of the cleft')	canon formation: kethow + tresk (Rivenkeep (t > dh))		kethow+tresk	CRESK+gap (74)	letters: k.e.th.o.w @tresk	canon	Rivenkeep, RIVENKEEP
O1118	Kethow sa re yal nadhumat		name	B	II.1 Of the Keep That Was Forgotten		a phrase: Kethow keep + sa REL(+S) + re PST(+S) + yal S·be.PST + nadhumat unremembered	*keθ-, *sa, *re, *gal-, *tum-	phrase	the turned stone + TUM (120) + A t	letters: k.e.th.o.w !@tum+A.t	tier3	
O1119	Kethow Stellath		n,name	B	Carnhold ('the hold of the cairns'); Carnhold (the hold of the cairns)	Carnhold ('the hold of the cairns')	canon formation: kethow + stell + -ath (Carnhold (the spec's broad -ath))		kethow+stell+-ath	TOLM+three (5)	letters: k.e.th.o.w @stell+A.th	canon	Carnhold
O1120	kethowan		n	B	the keep-folk, the garrison		kethow 'a keep, a hold' + -an (collective, 'the folk of')	*keθ-	kethow+an		letters: k.e.th.o.w.a.n	tier3-sys	
O1121	kethowel		n	S	a small keep; a single keep		kethow 'a keep, a hold' + -el (singulative, 'little')	*keθ-	kethow+el		letters: k.e.th.o.w.e.l	tier3-sys	
O1122	kethowen		adj	S	of keeps; keep-like		kethow 'a keep, a hold' + -en ('of, belonging to')	*keθ-	kethow+en		letters: k.e.th.o.w.e.n	tier3-sys	
O1123	kethowvard		n	B	a castellan, the warden of a keep		kethow 'a keep, a hold' + S pard 'a warden, a keeper' (compound: the head softened, §3.10)	*keθ-, *par-	kethow^pard		letters: k.e.th.o.w.v.a.r.d	tier3	
O1124	kethyl		n	S	holding; (of the wood) a knowing; a holding; a keeping; holding; keeping; the act of holding; (et kethyl) the holding: the hour of the siege day when the grey sails come in and the wall must stand	holding; (of the wood) a knowing	canon formation: keth + -ol (holding (slender -yl)) [wf8: the sense '(et kethyl) the holding' added by unit S02]		keth+-ol	GARL+cup (214) + O l	@keth+O.l	canon	holding, keeping, knowing, the holding
O1125	Kethyl et Mesk Lurrel		name	S	VI.1 The Knowing of the Green Wood		a phrase: Kethyl holding + et the + Mesk tree + Lurrel green	*et-, *mosk-	phrase	GARL+cup (214) + O l · MESK (186) · MESK+three (187) + e l	@keth+O.l @mesk @lurr+e.l	tier3	
O1126	kiser	kiseros	n	S	an assault, a rushing-on	an assault, a rushing-on	*kiser- 'an assault, a rushing-on' (reserve, ancestor §3.3): Hal kiseros > kiser	*kiser-	*kiser-	HALD+wedge (29)	@kiser	reserve	assault
O1127	kyl	kylis	v	S	(v.) change; curl, turn; hook, turn back; swerve	(v.) change	*kul- 'leave off': *kul-i-s > Hal kylis > kyl (O3,H2)	*kul-	*kul-i-s	KYL (278)	@kyl	canon	change, curl, hook, swerve, turn
O1128	Kyl tho vedh		phr	S	'Change your shot' (the second call)		a phrase: Kyl change + tho your(+S) + vedh S·shot	*kul-, *θo-, *peð-	phrase	KYL (278) · CRESK+lone (80)	@kyl @pedh	tier3	
O1129	kyl ul		v	B	become (change into)		a phrase: kyl change + ul in(+N)	*kul-, *ul-	phrase	KYL (278)	@kyl	tier3	become
O1130	kylerd		n	S	one who changes		kyl 'change' + -Ard (agent)	*kul-	kyl+Ard	KYL (278) + A r d	@kyl+A.r.d	tier3-sys	
O1131	kylet		adj	S	changed (the participle)		kyl 'change' + -At (participle)	*kul-	kyl+At	KYL (278) + A t	@kyl+A.t	tier3-sys	
O1132	kylyend		name	S	Twistbough ('turn-shoot')		kyl 'change' + S gend 'a shoot from a stump' (compound: the head softened, §3.10)	*kul-, *geʔnd-	kyl^gend		k.y.l.y.e.n.d	tier3	
O1133	kylyl		n	S	a turning; changing; the act of changing; (a name, Et Kylyl) The Turn: the subtitle of Book Six		kyl 'change' + -Ol (verbal noun) [wf8: the sense '(a name, Et Kylyl) The Turn' added by unit S10]	*kul-	kyl+Ol	KYL (278) + O l	@kyl+O.l	tier3	turning, turn
O1134	kylyth		n	S	fickleness		kyl 'change' + -Oth (abstract)	*kul-	kyl+Oth	KYL (278) + O th	@kyl+O.th	tier3	fickleness
O1135	kynt	kyntis	n	S	a beast	a beast	*kaunt- 'a beast' (reserve, ancestor §3.3): Hal kyntis > kynt	*kaunt-	*kaunt-		letters: k.y.n.t	reserve	beast
O1136	kyntan		n	B	the beasts, the herd		kynt 'a beast' + -an (collective, 'the folk of')	*kaunt-	kynt+an		letters: k.y.n.t.a.n	tier3-sys	
O1137	kyntel		n	S	little beast, dear beast		kynt 'a beast' + -el (singulative, 'little')	*kaunt-	kynt+el		letters: k.y.n.t.e.l	tier3-sys	
O1138	kynterd		n	S	a herdsman ('the one of the beast')		kynt 'a beast' + -Ard (agent)	*kaunt-	kynt+Ard		letters: k.y.n.t.A.r.d	tier3-sys	
O1139	kyntow		n	B	a lair, a den of beasts		kynt 'a beast' + -ow (place)	*kaunt-	kynt+ow		letters: k.y.n.t.o.w	tier3-sys	
O1140	kyvil	kiuvilis	n	S	granite, the grained stone	granite, the grained stone	*keuwil- 'granite, the grained stone' (reserve, ancestor §3.3): Hal kiuvilis > kyvil	*keuwil-	*keuwil-		letters: k.y.v.i.l	reserve	granite
O1141	kyvildholm		n	B	a block of granite		kyvil 'granite, the grained stone' + S tolm 'a stone' (compound: the head softened, §3.10)	*keuwil-, *tol-	kyvil^tolm		letters: k.y.v.i.l.dh.o.l.m	tier3	
O1142	kyvilen		adj	S	of granite		kyvil 'granite, the grained stone' + -en ('of, belonging to')	*keuwil-	kyvil+en		letters: k.y.v.i.l.e.n	tier3-sys	
O1143	kyvilow		n	B	a granite-quarry		kyvil 'granite, the grained stone' + -ow (place)	*keuwil-	kyvil+ow		letters: k.y.v.i.l.o.w	tier3-sys	
O1144	kyvilsinth		n	S	granite-bloom (the second oil of the Rite)		kyvil 'granite, the grained stone' + S sinth 'a flower' (compound: the head softened, §3.10)	*keuwil-, *siʔnth-	kyvil^sinth		letters: k.y.v.i.l.s.i.n.th	tier3	granite-bloom
O1145	lalva	lalvā	n	B	a sister	a sister	*laʔlf- 'a sister' (reserve, ancestor §3.3): Hal lalvā > lalva	*laʔlf-	*laʔlf-		letters: l.a.l.v.a	reserve	
O1146	lalvan		n	B	a sisterhood		lalva 'a sister' + -an (collective, 'the folk of')	*laʔlf-	lalva+an		letters: l.a.l.v.a.n	tier3-sys	
O1147	lalvel		n	S	little sister, dear sister		lalva 'a sister' + -el (singulative, 'little')	*laʔlf-	lalva+el		letters: l.a.l.v.e.l	tier3-sys	
O1148	lalvoth		n	B	sisterhood		lalva 'a sister' + -Oth (abstract)	*laʔlf-	lalva+Oth		letters: l.a.l.v.O.th	tier3-sys	
O1149	lamm	lammos	v	B	bury, lay in earth	bury, lay in earth	*laʔmm- 'bury, lay in earth' (reserve, ancestor §3.3): Hal lammos > lamm	*laʔmm-	*laʔmm-	GARL+fade (226)	@lamm	reserve	bury
O1150	lammard		n	B	one who buries or lays in earth		lamm 'bury, lay in earth' + -Ard (agent)	*laʔmm-	lamm+Ard	GARL+fade (226) + A r d	@lamm+A.r.d	tier3-sys	
O1151	lammat		adj	B	buried, laid in earth (the participle)		lamm 'bury, lay in earth' + -At (participle)	*laʔmm-	lamm+At	GARL+fade (226) + A t	@lamm+A.t	tier3-sys	
O1152	lammol		n	B	a burial; burying; laying in earth; the act of burying		lamm 'bury, lay in earth' + -Ol (verbal noun)	*laʔmm-	lamm+Ol	GARL+fade (226) + O l	@lamm+O.l	tier3	burial
O1153	lammow		n	B	a burial-ground		lamm 'bury, lay in earth' + -ow (place)	*laʔmm-	lamm+ow	GARL+fade (226) + o w	@lamm+o.w	tier3-sys	
O1154	Lanner	lanneros	name	S	Lanner	Lanner	*lann-er-o-s > Hal lanneros > lanner (H2); a name: names are names (no sense given)		*lann-er-o-s		l.a.n.n.e.r	canon	Lanner
O1155	Leavaren		loan	S	Leavaren, the Bearer of Branches		a Mystaeri word, borrowed by sound (orrowen_v2 §6.14 D7: loan words and Mystaeri names are spelled by sound, the knock as a wedge inside the word)	(Seilrhass)	loan		l.e.a.v.a.r.e.n	tier3	Leavaren
O1156	ledal	ledalos	n	B	a grave	a grave	*ledal- 'a grave' (reserve, ancestor §3.3): Hal ledalos > ledal	*ledal-	*ledal-	TOLM+drop (15)	@ledal	reserve	grave
O1157	ledalard		n	B	a gravedigger ('the one of the grave')		ledal 'a grave' + -Ard (agent)	*ledal-	ledal+Ard	TOLM+drop (15) + A r d	@ledal+A.r.d	tier3-sys	
O1158	ledaldholm		n	B	a gravestone		ledal 'a grave' + S tolm 'a stone' (compound: the head softened, §3.10)	*ledal-, *tol-	ledal^tolm	TOLM+drop (15) · TOLM (1)	@ledal@tolm	tier3	
O1159	ledalel		n	S	a small grave; a single grave		ledal 'a grave' + -el (singulative, 'little')	*ledal-	ledal+el	TOLM+drop (15) + e l	@ledal+e.l	tier3-sys	
O1160	ledalen		adj	S	of graves; grave-like		ledal 'a grave' + -en ('of, belonging to')	*ledal-	ledal+en	TOLM+drop (15) + e n	@ledal+e.n	tier3-sys	
O1161	ledalow		n	B	a graveyard		ledal 'a grave' + -ow (place)	*ledal-	ledal+ow	TOLM+drop (15) + o w	@ledal+o.w	tier3-sys	
O1162	ledalstell		n	S	a burial-cairn		ledal 'a grave' + S stell 'a cairn' (compound: the head softened, §3.10)	*ledal-, *stell-	ledal^stell	TOLM+drop (15) · TOLM+three (5)	@ledal@stell	tier3	burial-cairns
O1163	ledalvard		n	B	a grave-keeper		ledal 'a grave' + S pard 'a warden, a keeper' (compound: the head softened, §3.10)	*ledal-, *par-	ledal^pard		letters: l.e.d.a.l.v.a.r.d	tier3	
O1164	ledh	ledhis	v	S	feel	feel	*ledh- 'feel' (reserve, ancestor §3.3): Hal ledhis > ledh	*ledh-	*ledh-	MOLT+cup (119)	@ledh	reserve	feel
O1165	ledherd		n	S	one who feels		ledh 'feel' + -Ard (agent)	*ledh-	ledh+Ard	MOLT+cup (119) + A r d	@ledh+A.r.d	tier3-sys	
O1166	ledhet		adj	S	felt (the participle)		ledh 'feel' + -At (participle)	*ledh-	ledh+At	MOLT+cup (119) + A t	@ledh+A.t	tier3-sys	
O1167	ledhyl		n	S	feeling; the act of feeling		ledh 'feel' + -Ol (verbal noun)	*ledh-	ledh+Ol	MOLT+cup (119) + O l	@ledh+O.l	tier3-sys	
O1168	lelv	lelvis	adj	S	light (not heavy)	light (not heavy)	*lalf- 'light' (reserve, ancestor §3.3): Hal lelvis > lelv	*lalf-	*lalf-		letters: l.e.l.v	reserve	light
O1169	lelvel		adj	S	lightish, slight		lelv 'light' + -el (singulative, 'little')	*lalf-	lelv+el		letters: l.e.l.v.e.l	tier3-sys	
O1170	lelvyth		n	S	lightness; the quality of being light		lelv 'light' + -Oth (abstract)	*lalf-	lelv+Oth		letters: l.e.l.v.O.th	tier3-sys	
O1171	lemm	lemmos	v	S	hide	hide	*leʔmm- 'hide' (reserve, ancestor §3.3): Hal lemmos > lemm	*leʔmm-	*leʔmm-	GARL+turn (227)	@lemm	reserve	hide
O1172	lemmerd		n	S	one who hides		lemm 'hide' + -Ard (agent)	*leʔmm-	lemm+Ard	GARL+turn (227) + A r d	@lemm+A.r.d	tier3-sys	
O1173	lemmet		n,adj	S	a secret ('a hidden thing'); hidden (the participle)		lemm 'hide' + -At (participle)	*leʔmm-	lemm+At	GARL+turn (227) + A t	@lemm+A.t	tier3	secret
O1174	lemmyl		n	S	hiding; the act of hiding		lemm 'hide' + -Ol (verbal noun)	*leʔmm-	lemm+Ol	GARL+turn (227) + O l	@lemm+O.l	tier3-sys	
O1175	lenn	lennis	adj,n	S	silver	silver	*lenn- 'pale-bright': *lenn-i-s > Hal lennis > lenn (H2)	*lenn-	*lenn-i-s	TOLM+pale (10)	@lenn	canon	silver
O1176	lennel		adj	S	silvery		lenn 'silver' + -el (singulative, 'little')	*lenn-	lenn+el	TOLM+pale (10) + e l	@lenn+e.l	tier3-sys	
O1177	lennet		adj	S	silvered; (a name) the Silvered: the shore's name for Neivaere, a Throne (the soldiers' Crystal Lich)		lenn 'silver' + -At (participle) [wf8: the sense '(a name) the Silvered' added by units S05, S10]	*lenn-	lenn+At	TOLM+pale (10) + A t	@lenn+A.t	tier3	silvered
O1178	lennsast		name	B	Silverbark ('silver-skin')		lenn 'silver' + S sast 'skin, a hide' (compound: the head softened, §3.10)	*lenn-, *saʔst-	lenn^sast		l.e.n.n.s.a.s.t	tier3	Silverbark
O1179	lennyth		n	S	the quality of being silver		lenn 'silver' + -Oth (abstract)	*lenn-	lenn+Oth	TOLM+pale (10) + O th	@lenn+O.th	tier3-sys	
O1180	lenull	lenullos	v	B	buy, trade for	buy, trade for	*lenull- 'buy, trade for' (reserve, ancestor §3.3): Hal lenullos > lenull	*lenull-	*lenull-		letters: l.e.n.u.l.l	reserve	buy
O1181	lenullard		n	B	one who buys or trades for		lenull 'buy, trade for' + -Ard (agent)	*lenull-	lenull+Ard		letters: l.e.n.u.l.l.A.r.d	tier3-sys	
O1182	lenullat		adj	B	bought, traded for (the participle)		lenull 'buy, trade for' + -At (participle)	*lenull-	lenull+At		letters: l.e.n.u.l.l.A.t	tier3-sys	
O1183	lenullol		n	B	buying; trading for; the act of buying		lenull 'buy, trade for' + -Ol (verbal noun)	*lenull-	lenull+Ol		letters: l.e.n.u.l.l.O.l	tier3-sys	
O1184	lern	lernis	n	S	the face; the bow of a hull (its face); a face; the front; a shape; a side	the face	*leirn- 'the face' (reserve, ancestor §3.3): Hal lernis > lern	*leirn-	*leirn-	VESK+rim (230)	@lern	reserve	bow, face, front, shape, side
O1185	lernel		n	S	a small face; a single face		lern 'the face' + -el (singulative, 'little')	*leirn-	lern+el	VESK+rim (230) + e l	@lern+e.l	tier3-sys	
O1186	lernen		adj	S	of faces; face-like		lern 'the face' + -en ('of, belonging to')	*leirn-	lern+en	VESK+rim (230) + e n	@lern+e.n	tier3-sys	
O1187	lernil	lernilos	n	S	a defeat	a defeat	*larnil- 'a defeat' (reserve, ancestor §3.3): Hal lernilos > lernil	*larnil-	*larnil-	CRESK+cope (84)	@lernil	reserve	defeat
O1188	lernul	lernulos	n	B	oil	oil	*lernul- 'oil' (reserve, ancestor §3.3): Hal lernulos > lernul	*lernul-	*lernul-	LORR+still (135)	@lernul	reserve	oil
O1189	lernulat		adj	B	oiled, anointed with oil ('provided with X': -At on a noun)		lernul 'oil' + -At (participle)	*lernul-	lernul+At	LORR+still (135) + A t	@lernul+A.t	tier3-sys	
O1190	lernulen		adj	S	oily		lernul 'oil' + -en ('of, belonging to')	*lernul-	lernul+en	LORR+still (135) + e n	@lernul+e.n	tier3-sys	
O1191	lesk	leskis	num	S	five	five	*lesk- 'five': *lesk-i-s > Hal leskis > lesk (H2)	*lesk-	*lesk-i-s		%l	canon	five
O1192	lesk bost		num	B	two thousand ('five four-hundreds')		the numbers count in twenties (§5.11): two thousand ('five four-hundreds')		phrase		%lb	tier3-sys	
O1193	lesk murr		n,num	B	a hundred ('five twenties')	a hundred ('five twenties')	canon formation: lesk + murr (a hundred)		lesk+murr		%lm	canon	hundred
O1194	leskest		num	S	fifth; fifth (the ordinal)		lesk 'five' + -Ast (ordinal)	*lesk-	lesk+Ast		letters: l.e.s.k.A.s.t	tier3	fifth
O1195	lesknoth		num	B	fifteen		lesk 'five' + S noth 'ten' (compound: the head softened, §3.10) (the teens: unit + ten, as hosnoth, sullnoth)	*lesk-, *noθ-	lesk^noth		%nl	tier3-sys	
O1196	lest	lestis	n	S	a house	a house	*last- 'a roofed room': *last-i-s > Hal lestis > lest (O3,H2)	*last-	*last-i-s	HALD+door (22)	@lest	canon	house
O1197	lest Vardh		n	B	a temple ('a house of God'); a temple (a house of God)	a temple ('a house of God')	canon (orrowen_v2): lest house + Vardh S·God	*last-, *marð-	phrase	HALD+door (22) · LUMM+cope (251)	@lest @mardh	canon	temple
O1198	lestel		n	S	a hut ('a small house'); a small house; a single house		lest 'a house' + -el (singulative, 'little')	*last-	lest+el	HALD+door (22) + e l	@lest+e.l	tier3	hut
O1199	lesten		adj	S	of houses; house-like		lest 'a house' + -en ('of, belonging to')	*last-	lest+en	HALD+door (22) + e n	@lest+e.n	tier3-sys	
O1200	lestir	lestiros	v,n	S	show the way, guide; a guide	show the way, guide	*lestir- 'show the way, guide' (reserve, ancestor §3.3): Hal lestiros > lestir	*lestir-	*lestir-	TRENN+star (52)	@lestir	reserve	guide, show
O1201	lestirerd		n	S	one who shows the way or guides		lestir 'show the way, guide' + -Ard (agent)	*lestir-	lestir+Ard	TRENN+star (52) + A r d	@lestir+A.r.d	tier3-sys	
O1202	lestiret		adj	S	showed the way, guided (the participle)		lestir 'show the way, guide' + -At (participle)	*lestir-	lestir+At	TRENN+star (52) + A t	@lestir+A.t	tier3-sys	
O1203	lestiryl		n	S	showing the way; guiding; the act of showing the way		lestir 'show the way, guide' + -Ol (verbal noun)	*lestir-	lestir+Ol	TRENN+star (52) + O l	@lestir+O.l	tier3-sys	
O1204	lestyebb		n	S	a house-door		lest 'a house' + S gebb 'a door' (compound: the head softened, §3.10)	*last-, *gebb-	lest^gebb	HALD+door (22) · HALD+gap (23)	@lest@gebb	tier3	
O1205	lilv	lilvos	adj,v	S	soft; rot, go soft	soft	*liʔlf- 'soft' (reserve, ancestor §3.3): Hal lilvos > lilv	*liʔlf-	*liʔlf-		letters: l.i.l.v	reserve	rot, soft
O1206	lilvel		adj	S	softish		lilv 'soft' + -el (singulative, 'little')	*liʔlf-	lilv+el		letters: l.i.l.v.e.l	tier3-sys	
O1207	lilverd		n	S	one who rots or goes soft		lilv 'soft' + -Ard (agent)	*liʔlf-	lilv+Ard		letters: l.i.l.v.A.r.d	tier3-sys	
O1208	lilvet		adj	S	rotted, gone soft (the participle)		lilv 'soft' + -At (participle)	*liʔlf-	lilv+At		letters: l.i.l.v.A.t	tier3-sys	
O1209	lilvvesk		name	S	Willow ('soft-tree')		lilv 'soft' + S mesk 'a tree' (compound: the head softened, §3.10)	*liʔlf-, *mosk-	lilv^mesk		l.i.l.v.v.e.s.k	tier3	
O1210	lilvyl		n	S	rot; rotting; going soft; the act of rotting		lilv 'soft' + -Ol (verbal noun)	*liʔlf-	lilv+Ol		letters: l.i.l.v.O.l	tier3	rot
O1211	lilvyth		n	S	softness; the quality of being soft		lilv 'soft' + -Oth (abstract)	*liʔlf-	lilv+Oth		letters: l.i.l.v.O.th	tier3-sys	
O1212	linth	linthos	n	S	grass; sod, turf	grass	*liʔnth- 'grass' (reserve, ancestor §3.3): Hal linthos > linth	*liʔnth-	*liʔnth-	MESK+course (196)	@linth	reserve	grass, sod
O1213	linthen		adj	S	grassy		linth 'grass' + -en ('of, belonging to')	*liʔnth-	linth+en	MESK+course (196) + e n	@linth+e.n	tier3-sys	
O1214	linthet		adj	S	grassed over ('provided with X': -At on a noun)		linth 'grass' + -At (participle)	*liʔnth-	linth+At	MESK+course (196) + A t	@linth+A.t	tier3-sys	
O1215	linthow		n	B	a meadow, a grassy place		linth 'grass' + -ow (place)	*liʔnth-	linth+ow	MESK+course (196) + o w	@linth+o.w	tier3-sys	
O1216	lo	loa	prep	B	at, by, with (+S); at, by, with (having, being able)	at, by, with (+S); at, by, with (having, being able)	*lo- / li- 'at, by': *lo-a > Hal loa > lo (H2)	*lo-	*lo-a		left out (a mortar word, D2)	canon	at, by, with
O1217	lo dhrenn		prep	S	along, by way of (by the course of); through, by way of		a phrase: lo at(+S) + dhrenn S·course.of.stones	*lo-, *trenn-	phrase	TRENN (39)	@trenn	tier3	along, through
O1218	lo sest		adv,prep	S	aside, to one side (at the shoulder); beside (at the shoulder of)		a phrase: lo at(+S) + sest shoulder	*lo-, *seʔst-	phrase		letters: s.e.s.t	tier3	aside, beside
O1219	lo sy		adv	S	here (at this)		a phrase: lo at(+S) + sy this	*lo-, *siu	phrase		left out (mortar words only)	tier3	here
O1220	lo ull		adv	B	there (at that)		a phrase: lo at(+S) + ull that	*lo-, *ull-	phrase		left out (mortar words only)	tier3	there
O1221	lodh	lodhos	n,v	B	mortar; the mortar line; the bond; the mortar line of a text; a bond; caulk (mortar the seams); join, bind; spacing (the mortar between)	mortar; the mortar line; the bond; the mortar line of a text	*loð- 'set in a wet bed': *lodh-o-s > Hal lodhos > lodh (H2)	*loð-	*lodh-o-s	LODH (291)	@lodh	canon	bond, caulked, join, mortar, spacing
O1222	lodh gunn		n	B	the footing ('the deep mortar'): the second mortar line under every word-sign; the footing (the deep mortar)	the footing ('the deep mortar'): the second mortar line under every word-sign	canon (orrowen_v2): lodh mortar + gunn deep	*loð-, *gunn-	phrase	LODH (291) · LODH+fade (294)	@lodh @gunn	canon	footing
O1223	Lodh Helv		n	S	the Aetherbond; the Aetherbond (the mortar of the sky)	the Aetherbond	canon formation: lodh + helv (construct)		lodh+helv	LODH (291) · ORL+cope (141)	@lodh @helv	canon	Aetherbond
O1224	Lodhan		n	B	the Bonded ('those of the mortar'): et Lodhan	the Bonded ('those of the mortar'): et Lodhan	canon formation: lodh + -an (collective: et Lodhan, the Bonded)		lodh+-an	LODH (291) + a n	@lodh+a.n	canon	
O1225	Lodhan eth Tolmath Vardh		name	B	II.3 Of the Bonded and the Theoliths		a phrase: Lodhan Bonded + eth and + Tolmath stonework + Vardh S·God	*eθ-, *tol-, *marð-	phrase	LODH (291) + a n · TOLM (1) + A th · LUMM+cope (251)	@lodh+a.n @tolm+A.th @mardh	tier3	
O1226	lodhard		n	B	one who caulks; a mortar-man, a mixer ('the one of the mortar line')		lodh 'mortar' + -Ard (agent)	*loð-	lodh+Ard	LODH (291) + A r d	@lodh+A.r.d	tier3-sys	
O1227	lodhat		adj	B	bonded; caulked (the participle)	bonded	canon formation: lodh + -at (participle)		lodh+-at	LODH (291) + A t	@lodh+A.t	canon	bonded
O1228	lodhen		adj	S	of mortar		lodh 'mortar' + -en ('of, belonging to')	*loð-	lodh+en	LODH (291) + e n	@lodh+e.n	tier3-sys	
O1229	lodhol		n	B	caulking; the act of caulking		lodh 'mortar' + -Ol (verbal noun)	*loð-	lodh+Ol	LODH (291) + O l	@lodh+O.l	tier3-sys	
O1230	lodhryt		n	S	a bond-vow (the vow of a bonded pair)		lodh 'mortar' + S ryt 'a cut vow, an oath' (compound: the head softened, §3.10)	*loð-, *wrut-	lodh^ryt	LODH (291) · TOLM+cut (8)	@lodh@ryt	tier3	
O1231	lodhsceth		n	S	a mortar-ship		lodh 'mortar' + S sceth 'a ship, a hull' (compound: the head softened, §3.10)	*loð-, *skeθ-	lodh^sceth	LODH (291) · SCETH (173)	@lodh@sceth	tier3	mortar-ships
O1232	lodhyarl		n	B	a mortar-hand, a mason's labourer		lodh 'mortar' + S garl 'a hand' (compound: the head softened, §3.10)	*loð-, *garl-	lodh^garl	LODH (291) · GARL (213)	@lodh@garl	tier3	
O1233	lodull	lodullis	n	B	a bed	a bed	*lodull- 'a bed' (reserve, ancestor §3.3): Hal lodullis > lodull	*lodull-	*lodull-		letters: l.o.d.u.l.l	reserve	bed
O1234	lodullel		n	S	a small bed; a single bed		lodull 'a bed' + -el (singulative, 'little')	*lodull-	lodull+el		letters: l.o.d.u.l.l.e.l	tier3-sys	
O1235	lodullen		adj	S	of beds; bed-like		lodull 'a bed' + -en ('of, belonging to')	*lodull-	lodull+en		letters: l.o.d.u.l.l.e.n	tier3-sys	
O1236	lodullow		n	B	a sleeping-room, a dormitory		lodull 'a bed' + -ow (place)	*lodull-	lodull+ow		letters: l.o.d.u.l.l.o.w	tier3-sys	
O1237	lom		prep	B	at me (having: Doss X lom, 'I have X')	at me (having: Doss X lom, 'I have X')	lo 'at' + the 1SG ending (§3.6, conjugated prepositions)	*lo-	lo+1SG		letters: l.o.m	canon	
O1238	lomm	lommos	n	B	grief	grief	*lomm- 'the weight of a loss': *lomm-o-s > Hal lommos > lomm (H2)	*lomm-	*lomm-o-s	MOLT+fade (107)	@lomm	canon	grief
O1239	lommen		adj	S	grievous		lomm 'grief' + -en ('of, belonging to')	*lomm-	lomm+en	MOLT+fade (107) + e n	@lomm+e.n	tier3-sys	
O1240	lommol		n	B	mourning		lomm 'grief' + -Ol (verbal noun)	*lomm-	lomm+Ol	MOLT+fade (107) + O l	@lomm+O.l	tier3	mourning
O1241	lona		prep	B	at us two (having: Doss X lona, 'we two have X')	at us two (having: Doss X lona, 'we two have X')	lo 'at' + the 1DU ending (§3.6, conjugated prepositions)	*lo-	lo+1DU		letters: l.o.n.a	canon	
O1242	lonn	lonnos	n	B	kin by blood; a kind, a sort; a kindred	kin by blood	*loʔn- 'kin by blood' (reserve, ancestor §3.3): Hal lonnos > lonn	*loʔn-	*loʔn-	ODH+three (66)	@lonn	reserve	kin, kind, kindred
O1243	lonnel		n	S	a kinsman, a kinswoman (the singulative)		lonn 'kin by blood' + -el (singulative, 'little')	*loʔn-	lonn+el	ODH+three (66) + e l	@lonn+e.l	tier3-sys	
O1244	lonnen		adj	S	of kins; kin-like		lonn 'kin by blood' + -en ('of, belonging to')	*loʔn-	lonn+en	ODH+three (66) + e n	@lonn+e.n	tier3-sys	
O1245	lonnlorr		n	B	kin-blood		lonn 'kin by blood' + S lorr 'blood' (compound: the head softened, §3.10)	*loʔn-, *lorr-	lonn^lorr	ODH+three (66) · LORR (130)	@lonn@lorr	tier3	
O1246	lonnoth		n	B	kinship		lonn 'kin by blood' + -Oth (abstract)	*loʔn-	lonn+Oth	ODH+three (66) + O th	@lonn+O.th	tier3-sys	
O1247	lont		prep	B	at them (having: Doss X lont, 'they have X')	at them (having: Doss X lont, 'they have X')	lo 'at' + the 3PL ending (§3.6, conjugated prepositions)	*lo-	lo+3PL		letters: l.o.n.t	canon	
O1248	lonta		prep	B	at them two (having: Doss X lonta, 'they two have X')	at them two (having: Doss X lonta, 'they two have X')	lo 'at' + the 3DU ending (§3.6, conjugated prepositions)	*lo-	lo+3DU		letters: l.o.n.t.a	canon	
O1249	lor		prep	B	at us (having: Doss X lor, 'we have X')	at us (having: Doss X lor, 'we have X')	lo 'at' + the 1PL ending (§3.6, conjugated prepositions)	*lo-	lo+1PL		letters: l.o.r	canon	
O1250	lorr	lorros	n,adj	B	blood; (adj.) crimson	blood; (adj.) crimson	*lorr- 'red blood': *lorr-o-s > Hal lorros > lorr (H2)	*lorr-	*lorr-o-s	LORR (130)	@lorr	canon	blood, crimson
O1251	lorrat		adj	B	bloodied ('provided with X': -At on a noun)		lorr 'blood' + -At (participle)	*lorr-	lorr+At	LORR (130) + A t	@lorr+A.t	tier3-sys	
O1252	lorrdhrenn		n	S	a vein ('blood-course')		lorr 'blood' + S trenn 'a course of stones' (compound: the head softened, §3.10)	*lorr-, *trenn-	lorr^trenn	LORR (130) · TRENN (39)	@lorr@trenn	tier3	vein
O1253	lorrel		adj	S	reddish, blood-tinged		lorr 'blood' + -el (singulative, 'little')	*lorr-	lorr+el	LORR (130) + e l	@lorr+e.l	tier3-sys	
O1254	lorren		adj	S	bloody, of blood		lorr 'blood' + -en ('of, belonging to')	*lorr-	lorr+en	LORR (130) + e n	@lorr+e.n	tier3-sys	
O1255	lorroth		n	B	crimsonness; the quality of being crimson		lorr 'blood' + -Oth (abstract)	*lorr-	lorr+Oth	LORR (130) + O th	@lorr+O.th	tier3-sys	
O1256	lorrow		n	B	a place of slaughter		lorr 'blood' + -ow (place)	*lorr-	lorr+ow	LORR (130) + o w	@lorr+o.w	tier3-sys	
O1257	los		prep	B	at you (many) (having: Doss X los, 'you have X')	at you (many) (having: Doss X los, 'you have X')	lo 'at' + the 2PL ending (§3.6, conjugated prepositions)	*lo-	lo+2PL		letters: l.o.s	canon	
O1258	losk	loskos	v,adj	B	fill; full	fill; full	*loʔsk- 'fill' (reserve, ancestor §3.3): Hal loskos > losk	*loʔsk-	*loʔsk-		letters: l.o.s.k	reserve	fill, full
O1259	loskard		n	B	one who fills		losk 'fill' + -Ard (agent)	*loʔsk-	losk+Ard		letters: l.o.s.k.A.r.d	tier3-sys	
O1260	loskat		adj	B	enough ('filled'); filled (the participle)		losk 'fill' + -At (participle)	*loʔsk-	losk+At		letters: l.o.s.k.A.t	tier3	enough
O1261	loskol		n	B	filling; the act of filling		losk 'fill' + -Ol (verbal noun)	*loʔsk-	losk+Ol		letters: l.o.s.k.O.l	tier3-sys	
O1262	loskoth		n	B	fullness; the quality of being full		losk 'fill' + -Oth (abstract)	*loʔsk-	losk+Oth		letters: l.o.s.k.O.th	tier3-sys	
O1263	loth		prep	B	at you (one) (having: Doss X loth, 'you have X')	at you (one) (having: Doss X loth, 'you have X')	lo 'at' + the 2SG ending (§3.6, conjugated prepositions)	*lo-	lo+2SG		letters: l.o.th	canon	
O1264	loy		prep	S	at her (having: Doss X loy, 'she has X')	at her (having: Doss X loy, 'she has X')	lo 'at' + the 3SG.F ending (§3.6, conjugated prepositions)	*lo-	lo+3SG.F		letters: l.o.y	canon	
O1265	ludal	ludalos	n,v	B	fear; fear; (in the 'upon' idiom) afraid: Doss ludal umom, 'I am afraid'; frighten; terror	fear	*ludal- 'fear' (reserve, ancestor §3.3): Hal ludalos > ludal	*ludal-	*ludal-	MOLT+pale (109)	@ludal	reserve	afraid, fear, frighten, terror
O1266	ludalard		n	B	one who fears		ludal 'fear' + -Ard (agent)	*ludal-	ludal+Ard	MOLT+pale (109) + A r d	@ludal+A.r.d	tier3-sys	
O1267	ludalat		adj	B	feared (the participle)		ludal 'fear' + -At (participle)	*ludal-	ludal+At	MOLT+pale (109) + A t	@ludal+A.t	tier3-sys	
O1268	ludalen		adj	S	fearful		ludal 'fear' + -en ('of, belonging to')	*ludal-	ludal+en	MOLT+pale (109) + e n	@ludal+e.n	tier3	fearful
O1269	ludalol		n	B	fearing; the act of fearing		ludal 'fear' + -Ol (verbal noun)	*ludal-	ludal+Ol	MOLT+pale (109) + O l	@ludal+O.l	tier3-sys	
O1270	luld	luldos	n	B	a boy; a lad	a boy	*luʔld- 'a boy' (reserve, ancestor §3.3): Hal luldos > luld	*luʔld-	*luʔld-		letters: l.u.l.d	reserve	boy, lad
O1271	luldan		n	B	the boys		luld 'a boy' + -an (collective, 'the folk of')	*luʔld-	luld+an		letters: l.u.l.d.a.n	tier3-sys	
O1272	luldel		n	S	little boy, dear boy		luld 'a boy' + -el (singulative, 'little')	*luʔld-	luld+el		letters: l.u.l.d.e.l	tier3-sys	
O1273	lumm	lummos	v	B	(v.) kneel	(v.) kneel	*lumm- 'bow down': *lumm-o-s > Hal lummos > lumm (H2)	*lumm-	*lumm-o-s	LUMM (250)	@lumm	canon	kneel
O1274	lummard		n	B	one who kneels		lumm 'kneel' + -Ard (agent)	*lumm-	lumm+Ard	LUMM (250) + A r d	@lumm+A.r.d	tier3-sys	
O1275	lummat		adj	B	knelt (the participle)		lumm 'kneel' + -At (participle)	*lumm-	lumm+At	LUMM (250) + A t	@lumm+A.t	tier3-sys	
O1276	lummol		n	B	kneeling; the act of kneeling		lumm 'kneel' + -Ol (verbal noun)	*lumm-	lumm+Ol	LUMM (250) + O l	@lumm+O.l	tier3-sys	
O1277	lummow		n	B	a kneeling-place, a shrine		lumm 'kneel' + -ow (place)	*lumm-	lumm+ow	LUMM (250) + o w	@lumm+o.w	tier3-sys	
O1278	lunn	lunnos	n,v	B	freedom; open, make room; room, space	freedom	*lunn- 'an open space, room to move': *lunn-o-s > Hal lunnos > lunn (H2)	*lunn-	*lunn-o-s	LUNN (258)	@lunn	canon	freedom, open, room
O1279	lunnard		n	B	one who opens or makes room		lunn 'freedom' + -Ard (agent)	*lunn-	lunn+Ard	LUNN (258) + A r d	@lunn+A.r.d	tier3-sys	
O1280	lunnat		adj	B	open, opened; opened, made room (the participle)		lunn 'freedom' + -At (participle)	*lunn-	lunn+At	LUNN (258) + A t	@lunn+A.t	tier3	open
O1281	lunnen		adj	S	free		lunn 'freedom' + -en ('of, belonging to')	*lunn-	lunn+en	LUNN (258) + e n	@lunn+e.n	tier3-sys	
O1282	lunnol		n	B	opening; making room; the act of opening		lunn 'freedom' + -Ol (verbal noun)	*lunn-	lunn+Ol	LUNN (258) + O l	@lunn+O.l	tier3-sys	
O1283	lunt	luntos	n	B	a people, a nation; folk	a people, a nation	*lunt- 'those of one speech': *lunt-o-s > Hal luntos > lunt (H2)	*lunt-	*lunt-o-s	ULD+three (241)	@lunt	canon	folk, nation, people
O1284	luntel		n	S	one of a people, a countryman (the singulative)		lunt 'a people, a nation' + -el (singulative, 'little')	*lunt-	lunt+el	ULD+three (241) + e l	@lunt+e.l	tier3-sys	
O1285	lunten		adj	S	of peoples; people-like		lunt 'a people, a nation' + -en ('of, belonging to')	*lunt-	lunt+en	ULD+three (241) + e n	@lunt+e.n	tier3-sys	
O1286	luntoth		n	B	nationhood		lunt 'a people, a nation' + -Oth (abstract)	*lunt-	lunt+Oth	ULD+three (241) + O th	@lunt+O.th	tier3-sys	
O1287	lurr	lurros	n	B	a forest	a forest	*lurr- 'thick-grown': *lurr-o-s > Hal lurros > lurr (H2)	*lurr-	*lurr-o-s	MESK+three (187)	@lurr	canon	forest
O1288	lurran		n	B	the forest-folk		lurr 'a forest' + -an (collective, 'the folk of')	*lurr-	lurr+an	MESK+three (187) + a n	@lurr+a.n	tier3-sys	
O1289	lurrel		adj	S	green	green	canon formation: lurr + -el (green, 'forest-coloured')		lurr+-el	MESK+three (187) + e l	@lurr+e.l	canon	green
O1290	lurrelyth		n	S	greenness		lurrel 'green' + -Oth (abstract)		lurrel+Oth	MESK+three (187) + e l + O th	@lurr+e.l+O.th	tier3-sys	
O1291	lurren		adj	S	of forests; forest-like		lurr 'a forest' + -en ('of, belonging to')	*lurr-	lurr+en	MESK+three (187) + e n	@lurr+e.n	tier3-sys	
O1292	Lurrvard		name	B	Holtward ('forest-ward'); Holtward (forest-ward)	Holtward ('forest-ward')	canon formation: lurr + pard (Holtward (p > v))		lurr+pard		l.u.r.r.v.a.r.d	canon	Holtward
O1293	lusk	luskos	v	B	(v.) loose, let go, set free; allow, let; leave, let be; loosen; permit; release; send (off), let go; slacken	(v.) loose, let go, set free	*lusk- 'let go': *lusk-o-s > Hal luskos > lusk (H2)	*lusk-	*lusk-o-s	GARL+gap (216)	@lusk	canon	allow, leave, let, loose, loosen, permit, release, send, slacken
O1294	luskard		n	B	a sender; one who looses or lets go		lusk 'loose, let go, set free' + -Ard (agent)	*lusk-	lusk+Ard	GARL+gap (216) + A r d	@lusk+A.r.d	tier3	sender
O1295	luskat		adj,n	B	loosed; adrift, cast off; an envoy ('one sent'); loosed, let go (the participle)		lusk 'loose, let go, set free' + -At (participle)	*lusk-	lusk+At	GARL+gap (216) + A t	@lusk+A.t	tier3	adrift, envoy
O1296	luskol		n	B	loosing; letting go; the act of loosing		lusk 'loose, let go, set free' + -Ol (verbal noun)	*lusk-	lusk+Ol	GARL+gap (216) + O l	@lusk+O.l	tier3-sys	
O1297	luskow		n	B	a place of release		lusk 'loose, let go, set free' + -ow (place)	*lusk-	lusk+ow	GARL+gap (216) + o w	@lusk+o.w	tier3-sys	
O1298	luss	lussos	v	B	row	row	*luʔss- 'row' (reserve, ancestor §3.3): Hal lussos > luss	*luʔss-	*luʔss-		letters: l.u.s.s	reserve	row
O1299	lussard		n	B	one who rows		luss 'row' + -Ard (agent)	*luʔss-	luss+Ard		letters: l.u.s.s.A.r.d	tier3-sys	
O1300	lussat		adj	B	rowed (the participle)		luss 'row' + -At (participle)	*luʔss-	luss+At		letters: l.u.s.s.A.t	tier3-sys	
O1301	lussol		n	B	rowing; the act of rowing		luss 'row' + -Ol (verbal noun)	*luʔss-	luss+Ol		letters: l.u.s.s.O.l	tier3-sys	
O1302	lusul	lusulos	n	B	a step; a pace; a yard (a pace)	a step	*lusul- 'a step' (reserve, ancestor §3.3): Hal lusulos > lusul	*lusul-	*lusul-		letters: l.u.s.u.l	reserve	pace, step, yard
O1303	lusulan		n	B	a flight of steps		lusul 'a step' + -an (collective, 'the folk of')	*lusul-	lusul+an		letters: l.u.s.u.l.a.n	tier3-sys	
O1304	lusulel		n	S	a small step; a single step		lusul 'a step' + -el (singulative, 'little')	*lusul-	lusul+el		letters: l.u.s.u.l.e.l	tier3-sys	
O1305	lusulen		adj	S	of steps; step-like		lusul 'a step' + -en ('of, belonging to')	*lusul-	lusul+en		letters: l.u.s.u.l.e.n	tier3-sys	
O1306	luth	luthos	n,v	B	ink; stain	ink	*luθ- 'a dark wetness': *luth-o-s > Hal luthos > luth (H2)	*luθ-	*luth-o-s	TRENN+fade (47)	@luth	canon	ink, stain
O1307	luthard		n	B	one who stains; an inker, a copyist ('the one of the ink')		luth 'ink' + -Ard (agent)	*luθ-	luth+Ard	TRENN+fade (47) + A r d	@luth+A.r.d	tier3-sys	
O1308	luthat		adj	B	stained (the participle)		luth 'ink' + -At (participle)	*luθ-	luth+At	TRENN+fade (47) + A t	@luth+A.t	tier3-sys	
O1309	luthen		adj	S	inky		luth 'ink' + -en ('of, belonging to')	*luθ-	luth+en	TRENN+fade (47) + e n	@luth+e.n	tier3-sys	
O1310	luthol		n	B	staining; the act of staining		luth 'ink' + -Ol (verbal noun)	*luθ-	luth+Ol	TRENN+fade (47) + O l	@luth+O.l	tier3-sys	
O1311	luthow		n	B	an ink-room, a scriptorium		luth 'ink' + -ow (place)	*luθ-	luth+ow	TRENN+fade (47) + o w	@luth+o.w	tier3-sys	
O1312	luthyarl		n	B	an ink-hand, a scribe's hand		luth 'ink' + S garl 'a hand' (compound: the head softened, §3.10)	*luθ-, *garl-	luth^garl	TRENN+fade (47) · GARL (213)	@luth@garl	tier3	
O1313	lymm	lymmis	v	S	bring; bear, carry	bring	*luʔmm- 'bring' (reserve, ancestor §3.3): Hal lymmis > lymm	*luʔmm-	*luʔmm-	PAR+course (98)	@lymm	reserve	bear, bring, carry
O1314	lymmerd		n	S	a bearer, a carrier; one who brings		lymm 'bring' + -Ard (agent)	*luʔmm-	lymm+Ard	PAR+course (98) + A r d	@lymm+A.r.d	tier3	bearer
O1315	lymmet		adj	S	brought (the participle)		lymm 'bring' + -At (participle)	*luʔmm-	lymm+At	PAR+course (98) + A t	@lymm+A.t	tier3-sys	
O1316	lymmsceth		n	S	a transport ('bring-ship')		lymm 'bring' + S sceth 'a ship, a hull' (compound: the head softened, §3.10)	*luʔmm-, *skeθ-	lymm^sceth	PAR+course (98) · SCETH (173)	@lymm@sceth	tier3	transport
O1317	lymmyl		n	S	bringing; the act of bringing		lymm 'bring' + -Ol (verbal noun)	*luʔmm-	lymm+Ol	PAR+course (98) + O l	@lymm+O.l	tier3-sys	
O1318	lynir	liuniris	v	S	obey, heed an order	obey, heed an order	*leunir- 'obey, heed an order' (reserve, ancestor §3.3): Hal liuniris > lynir	*leunir-	*leunir-		letters: l.y.n.i.r	reserve	obey
O1319	lynirerd		n	S	one who obeys or heeds an order		lynir 'obey, heed an order' + -Ard (agent)	*leunir-	lynir+Ard		letters: l.y.n.i.r.A.r.d	tier3-sys	
O1320	lyniret		adj	S	obeyed, heeded an order (the participle)		lynir 'obey, heed an order' + -At (participle)	*leunir-	lynir+At		letters: l.y.n.i.r.A.t	tier3-sys	
O1321	lyniryl		n	S	obeying; heeding an order; the act of obeying		lynir 'obey, heed an order' + -Ol (verbal noun)	*leunir-	lynir+Ol		letters: l.y.n.i.r.O.l	tier3-sys	
O1322	lynth	lynthis	n	S	a lake, a mere	a lake, a mere	*launth- 'a lake, a mere' (reserve, ancestor §3.3): Hal lynthis > lynth	*launth-	*launth-		letters: l.y.n.th	reserve	mere
O1323	lynthel		n	S	a small lake; a single lake		lynth 'a lake, a mere' + -el (singulative, 'little')	*launth-	lynth+el		letters: l.y.n.th.e.l	tier3-sys	
O1324	lynthen		adj	S	of lakes; lake-like		lynth 'a lake, a mere' + -en ('of, belonging to')	*launth-	lynth+en		letters: l.y.n.th.e.n	tier3-sys	
O1325	lynthorrow		n	B	a lakeshore		lynth 'a lake, a mere' + S Orrow 'the Shore' (compound: the head softened, §3.10)	*launth-, *orr-	lynth^orrow		letters: l.y.n.th.o.r.r.o.w	tier3	
O1326	lynthow		n	B	a lake-land		lynth 'a lake, a mere' + -ow (place)	*launth-	lynth+ow		letters: l.y.n.th.o.w	tier3-sys	
O1327	lyrnenn	liurnennis	v	S	sew	sew	*leurnenn- 'sew' (reserve, ancestor §3.3): Hal liurnennis > lyrnenn	*leurnenn-	*leurnenn-		letters: l.y.r.n.e.n.n	reserve	
O1328	lyrnennerd		n	S	one who sews		lyrnenn 'sew' + -Ard (agent)	*leurnenn-	lyrnenn+Ard		letters: l.y.r.n.e.n.n.A.r.d	tier3-sys	
O1329	lyrnennet		adj	S	sewn (the participle)		lyrnenn 'sew' + -At (participle)	*leurnenn-	lyrnenn+At		letters: l.y.r.n.e.n.n.A.t	tier3-sys	
O1330	lyrnennyl		n	S	sewing; the act of sewing		lyrnenn 'sew' + -Ol (verbal noun)	*leurnenn-	lyrnenn+Ol		letters: l.y.r.n.e.n.n.O.l	tier3-sys	
O1331	lyrness	liurnessos	n	S	pride; a boast; vanity	pride	*leurneiss- 'pride' (reserve, ancestor §3.3): Hal liurnessos > lyrness	*leurneiss-	*leurneiss-		letters: l.y.r.n.e.s.s	reserve	boast, pride, vanity
O1332	lyrnessen		adj	S	prideful		lyrness 'pride' + -en ('of, belonging to')	*leurneiss-	lyrness+en		letters: l.y.r.n.e.s.s.e.n	tier3-sys	
O1333	lyss	lyssis	adj,v	S	small; little; reduce	small	*luss- 'small': *luss-i-s > Hal lyssis > lyss (O3,H2)	*luss-	*luss-i-s	VENN+lone (270)	@lyss	canon	little, reduce, small
O1334	lyssel		adj	S	tiny, very small		lyss 'small' + -el (singulative, 'little')	*luss-	lyss+el	VENN+lone (270) + e l	@lyss+e.l	tier3-sys	
O1335	lysserd		n	S	one who reduces		lyss 'small' + -Ard (agent)	*luss-	lyss+Ard	VENN+lone (270) + A r d	@lyss+A.r.d	tier3-sys	
O1336	lysset		adj	S	reduced (the participle)		lyss 'small' + -At (participle)	*luss-	lyss+At	VENN+lone (270) + A t	@lyss+A.t	tier3-sys	
O1337	lyssyl		n	S	reducing; the act of reducing		lyss 'small' + -Ol (verbal noun)	*luss-	lyss+Ol	VENN+lone (270) + O l	@lyss+O.l	tier3-sys	
O1338	lyssyth		n	S	smallness; the quality of being small		lyss 'small' + -Oth (abstract)	*luss-	lyss+Oth	VENN+lone (270) + O th	@lyss+O.th	tier3-sys	
O1339	mamm	mammos	v	B	lose	lose	*maʔmm- 'lose' (reserve, ancestor §3.3): Hal mammos > mamm	*maʔmm-	*maʔmm-	TUM+gap (129)	@mamm	reserve	lose
O1340	mammard		n	B	one who loses		mamm 'lose' + -Ard (agent)	*maʔmm-	mamm+Ard	TUM+gap (129) + A r d	@mamm+A.r.d	tier3-sys	
O1341	mammat		adj	B	lost (the participle)		mamm 'lose' + -At (participle)	*maʔmm-	mamm+At	TUM+gap (129) + A t	@mamm+A.t	tier3-sys	
O1342	mammol		n	B	a loss; losing; the act of losing		mamm 'lose' + -Ol (verbal noun)	*maʔmm-	mamm+Ol	TUM+gap (129) + O l	@mamm+O.l	tier3	loss
O1343	Mardh	mardhos	name,n	B	God (used of nothing else); God	God (used of nothing else); God	*marð- 'the Maker': *mardh-o-s > Hal mardhos > mardh (H2)	*marð-	*mardh-o-s	LUMM+cope (251)	@mardh	canon	god
O1344	Mardh sost		name	B	God himself		a phrase: Mardh God + sost self	*marð-, *swe-	phrase	LUMM+cope (251)	@mardh	tier3	
O1345	maress	maressos	n	S	cedar	cedar	*mareiss- 'cedar' (reserve, ancestor §3.3): Hal maressos > maress	*mareiss-	*mareiss-		letters: m.a.r.e.s.s	reserve	cedar
O1346	maressen		adj	S	of cedar		maress 'cedar' + -en ('of, belonging to')	*mareiss-	maress+en		letters: m.a.r.e.s.s.e.n	tier3-sys	
O1347	Marl	marlos	name	B	Marl	Marl	*marl-o-s > Hal marlos > marl (H2); a name: names are names (no sense given)		*marl-o-s		m.a.r.l	canon	Marl
O1348	marr	marros	v	B	(v.) shift, move to another place; shake; tremble	(v.) shift, move to another place	*marr- 'shift over': *marr-o-s > Hal marros > marr (H2)	*marr-	*marr-o-s	KYL+course (279)	@marr	canon	move, shake, shift, tremble
O1349	Marr tho dhrun		phr	B	'Shift your ground' (the first call)		a phrase: Marr shift + tho your(+S) + dhrun S·ground	*marr-, *θo-, *trun-	phrase	KYL+course (279) · LODH+still (293)	@marr @trun	tier3	
O1350	marrard		n	B	one who shifts or moves to another place		marr 'shift, move to another place' + -Ard (agent)	*marr-	marr+Ard	KYL+course (279) + A r d	@marr+A.r.d	tier3-sys	
O1351	marrat		adj	B	shifted, moved to another place (the participle)		marr 'shift, move to another place' + -At (participle)	*marr-	marr+At	KYL+course (279) + A t	@marr+A.t	tier3-sys	
O1352	marrol		n	B	shifting; moving to another place; the act of shifting		marr 'shift, move to another place' + -Ol (verbal noun)	*marr-	marr+Ol	KYL+course (279) + O l	@marr+O.l	tier3-sys	
O1353	maver	maveros	v,n	S	wish, want; a need; require	wish, want	*mafer- 'wish, want' (reserve, ancestor §3.3): Hal maveros > maver	*mafer-	*mafer-		letters: m.a.v.e.r	reserve	need, require, want
O1354	mavererd		n	S	one who wishes or wants		maver 'wish, want' + -Ard (agent)	*mafer-	maver+Ard		letters: m.a.v.e.r.A.r.d	tier3-sys	
O1355	maveret		adj	S	wished, wanted (the participle); a prize, a thing coveted ('a thing wanted')		maver 'wish, want' + -At (participle) [wf8: the sense 'a prize, a thing coveted ('a thing wanted')' added by unit S11]	*mafer-	maver+At		letters: m.a.v.e.r.A.t	tier3-sys	prize
O1356	maveryl		n	S	wishing; wanting; the act of wishing		maver 'wish, want' + -Ol (verbal noun)	*mafer-	maver+Ol		letters: m.a.v.e.r.O.l	tier3-sys	
O1357	medh	medhis	v	S	whisper; murmur	whisper	*madh- 'whisper' (reserve, ancestor §3.3): Hal medhis > medh	*madh-	*madh-	BROD+fade (208)	@medh	reserve	murmur, whisper
O1358	medherd		n	S	one who whispers		medh 'whisper' + -Ard (agent)	*madh-	medh+Ard	BROD+fade (208) + A r d	@medh+A.r.d	tier3-sys	
O1359	medhet		adj	S	whispered (the participle)		medh 'whisper' + -At (participle)	*madh-	medh+At	BROD+fade (208) + A t	@medh+A.t	tier3-sys	
O1360	medhyl		n	S	whispering; the act of whispering		medh 'whisper' + -Ol (verbal noun)	*madh-	medh+Ol	BROD+fade (208) + O l	@medh+O.l	tier3-sys	
O1361	mellor	melloros	v	B	come in, arrive; enter; reach	come in, arrive	*maillor- 'come in, arrive' (reserve, ancestor §3.3): Hal melloros > mellor	*maillor-	*maillor-		letters: m.e.l.l.o.r	reserve	enter, reach
O1362	mellorard		n	B	one who comes in or arrives		mellor 'come in, arrive' + -Ard (agent)	*maillor-	mellor+Ard		letters: m.e.l.l.o.r.A.r.d	tier3-sys	
O1363	mellorat		adj	B	come in, arrived (the participle)		mellor 'come in, arrive' + -At (participle)	*maillor-	mellor+At		letters: m.e.l.l.o.r.A.t	tier3-sys	
O1364	mellorol		n	B	coming in; arriving; the act of coming in; reach, range (of guns: as far as their fire comes in)		mellor 'come in, arrive' + -Ol (verbal noun) [wf8: the sense 'reach, range (of guns' added by unit S11]	*maillor-	mellor+Ol		letters: m.e.l.l.o.r.O.l	tier3-sys	reach
O1365	memm	memmis	n	S	a friend, one who stands beside	a friend, one who stands beside	*maʔm- 'a friend, one who stands beside' (reserve, ancestor §3.3): Hal memmis > memm	*maʔm-	*maʔm-	ODH+lone (67)	@memm	reserve	friend
O1366	memman		n	B	a fellowship, one's friends		memm 'a friend, one who stands beside' + -an (collective, 'the folk of')	*maʔm-	memm+an	ODH+lone (67) + a n	@memm+a.n	tier3-sys	
O1367	memmel		n	S	little friend, dear friend		memm 'a friend, one who stands beside' + -el (singulative, 'little')	*maʔm-	memm+el	ODH+lone (67) + e l	@memm+e.l	tier3-sys	
O1368	memmyth		n	S	friendship		memm 'a friend, one who stands beside' + -Oth (abstract)	*maʔm-	memm+Oth	ODH+lone (67) + O th	@memm+O.th	tier3-sys	
O1369	menn	mennis	n	S	the breast	the breast	*mann- 'the breast' (reserve, ancestor §3.3): Hal mennis > menn	*mann-	*mann-		letters: m.e.n.n	reserve	
O1370	mennel		n	S	a small breast; a single breast		menn 'the breast' + -el (singulative, 'little')	*mann-	menn+el		letters: m.e.n.n.e.l	tier3-sys	
O1371	mennen		adj	S	of breasts; breast-like		menn 'the breast' + -en ('of, belonging to')	*mann-	menn+en		letters: m.e.n.n.e.n	tier3-sys	
O1372	mern	mernos	n	S	hair	hair	*meirn- 'hair' (reserve, ancestor §3.3): Hal mernos > mern	*meirn-	*meirn-		letters: m.e.r.n	reserve	
O1373	merr	merros	adj,det	S	few; rare; scarce; some, a few	few	*merr- 'few' (reserve, ancestor §3.3): Hal merros > merr	*merr-	*merr-		letters: m.e.r.r	reserve	few, rare, scarce, some
O1374	merr fedh		adv	S	hardly, scarcely		a phrase: merr few + fedh time	*merr-, *xwadh-	phrase	ORL+course (147)	letters: m.e.r.r @fedh	tier3	hardly
O1375	merr fedheth		adv	S	seldom (few times)		a phrase: merr few + fedheth sometimes	*merr-, *xwadh-	phrase	ORL+course (147) + A th	letters: m.e.r.r @fedh+A.th	tier3	seldom
O1376	mesk	meskis	n	S	a tree; wood; a log; timber	a tree; wood	*mosk- 'a tree and its wood': *mosk-i-s > Hal meskis > mesk (O3,H2)	*mosk-	*mosk-i-s	MESK (186)	@mesk	canon	log, timber, tree, wood
O1377	mesk domm		n	B	the black wood (the timber of the black pillars)		a phrase: mesk tree + domm black	*mosk-, *domm-	phrase	MESK (186) · TOLM+fade (13)	@mesk @domm	tier3	
O1378	mesk hemm sost		n	B	the eldest wood		a phrase: mesk tree + hemm old + sost self	*mosk-, *hemm-, *swe-	phrase	MESK (186) · ULD+notch (240)	@mesk @hemm	tier3	
O1379	mesk lurrel		n	S	the green wood		a phrase: mesk tree + lurrel green	*mosk-	phrase	MESK (186) · MESK+three (187) + e l	@mesk @lurr+e.l	tier3	
O1380	Mesk Myst		n	S	Mystwood; Mystwood (wood of the grey)	Mystwood	canon formation: mesk + myst (Mystwood)		mesk+myst	MESK (186) · WADH+fade (302)	@mesk @myst	canon	Mystwood
O1381	mesk tevel		n	S	the young wood (the Hasty Tide's hulls)		a phrase: mesk tree + tevel young	*mosk-	phrase	MESK (186) · ULD+bough (239) + e l	@mesk @tev+e.l	tier3	
O1382	meskan		n	B	a grove, a stand of trees ('the folk of trees')		mesk 'a tree' + -an (collective, 'the folk of')	*mosk-	mesk+an	MESK (186) + a n	@mesk+a.n	tier3	grove
O1383	meskdhrenn		n	S	the grain of wood ('the wood's course')		mesk 'a tree' + S trenn 'a course of stones' (compound: the head softened, §3.10)	*mosk-, *trenn-	mesk^trenn	MESK (186) · TRENN (39)	@mesk@trenn	tier3	grain
O1384	Meskdhrenn Dholm		name	B	the Stone-Grain		a phrase: Meskdhrenn grain.of.wood + Dholm S·stone	*mosk-, *trenn-, *tol-	phrase	MESK (186) · TRENN (39) · TOLM (1)	@mesk@trenn @tolm	tier3	stone-grain
O1385	meskel		n	S	a treeling (the wall's word for a root-man, 'a small tree'); pl. meskeleth, treelings; a small tree; a single tree		mesk 'a tree' + -el (singulative, 'little') [wf8: split by unit S08; the root-men are uldath veskrivull]	*mosk-	mesk+el	MESK (186) + e l	@mesk+e.l	tier3	treeling
O1386	mesken		adj	S	of trees; tree-like		mesk 'a tree' + -en ('of, belonging to')	*mosk-	mesk+en	MESK (186) + e n	@mesk+e.n	tier3-sys	
O1387	meskerd		n	S	a woodsman, a forester ('the one of the tree')		mesk 'a tree' + -Ard (agent)	*mosk-	mesk+Ard	MESK (186) + A r d	@mesk+A.r.d	tier3-sys	
O1388	meskow		n	B	a wood-lot, a stand of timber		mesk 'a tree' + -ow (place)	*mosk-	mesk+ow	MESK (186) + o w	@mesk+o.w	tier3-sys	
O1389	meskrivull		n	B	a root ('tree-foundation')		mesk 'a tree' + S rivull 'a foundation, the bottom course' (compound: the head softened, §3.10)	*mosk-, *rifull-	mesk^rivull	MESK (186) · HALD+lone (34)	@mesk@rivull	tier3	root
O1390	mesksceth		n	S	a wood-ship, a hull of the grey fleet		mesk 'a tree' + S sceth 'a ship, a hull' (compound: the head softened, §3.10)	*mosk-, *skeθ-	mesk^sceth	MESK (186) · SCETH (173)	@mesk@sceth	tier3	
O1391	meskvard		n	B	a forester, a wood-warden		mesk 'a tree' + S pard 'a warden, a keeper' (compound: the head softened, §3.10)	*mosk-, *par-	mesk^pard		letters: m.e.s.k.v.a.r.d	tier3	
O1392	meskvolt		n	B	heartwood ('wood-heart')		mesk 'a tree' + S molt 'a heart' (compound: the head softened, §3.10)	*mosk-, *molt-	mesk^molt	MESK (186) · MOLT (105)	@mesk@molt	tier3	heartwood
O1393	mest	mestos	adj,v	S	much, many; multiply, grow many	much, many	*mest- 'much, many' (reserve, ancestor §3.3): Hal mestos > mest	*mest-	*mest-	VENN+three (276)	@mest	reserve	many, much, multiply
O1394	mesterd		n	S	one who multiplies or grows many		mest 'much, many' + -Ard (agent)	*mest-	mest+Ard	VENN+three (276) + A r d	@mest+A.r.d	tier3-sys	
O1395	mestet		adj	S	multiplied, grown many (the participle)		mest 'much, many' + -At (participle)	*mest-	mest+At	VENN+three (276) + A t	@mest+A.t	tier3-sys	
O1396	mestyl		n	S	multiplying; growing many; the act of multiplying		mest 'much, many' + -Ol (verbal noun)	*mest-	mest+Ol	VENN+three (276) + O l	@mest+O.l	tier3-sys	
O1397	mestyth		n	S	muchness; the quality of being much		mest 'much, many' + -Oth (abstract)	*mest-	mest+Oth	VENN+three (276) + O th	@mest+O.th	tier3-sys	
O1398	midh	midhis	adj,v	S	clean	clean	*midh- 'clean' (reserve, ancestor §3.3): Hal midhis > midh	*midh-	*midh-		letters: m.i.dh	reserve	clean
O1399	midherd		n	S	one who cleans		midh 'clean' + -Ard (agent)	*midh-	midh+Ard		letters: m.i.dh.A.r.d	tier3-sys	
O1400	midhet		adj	S	cleaned (the participle)		midh 'clean' + -At (participle)	*midh-	midh+At		letters: m.i.dh.A.t	tier3-sys	
O1401	midhyl		n	S	cleaning; the act of cleaning		midh 'clean' + -Ol (verbal noun)	*midh-	midh+Ol		letters: m.i.dh.O.l	tier3-sys	
O1402	midhyth		n	S	cleanness; the quality of being clean		midh 'clean' + -Oth (abstract)	*midh-	midh+Oth		letters: m.i.dh.O.th	tier3-sys	
O1403	mirr	mirros	adj	S	weak	weak	*miʔr- 'weak' (reserve, ancestor §3.3): Hal mirros > mirr	*miʔr-	*miʔr-		letters: m.i.r.r	reserve	
O1404	mirrel		adj	S	weakly, frail		mirr 'weak' + -el (singulative, 'little')	*miʔr-	mirr+el		letters: m.i.r.r.e.l	tier3-sys	
O1405	mirrerd		n	S	a weakling		mirr 'weak' + -Ard (agent)	*miʔr-	mirr+Ard		letters: m.i.r.r.A.r.d	tier3-sys	
O1406	mirryth		n	S	weakness; the quality of being weak		mirr 'weak' + -Oth (abstract)	*miʔr-	mirr+Oth		letters: m.i.r.r.O.th	tier3-sys	
O1407	misk	miskos	n,v	S	the foot; a foot; kick	the foot	*miʔsk- 'the foot' (reserve, ancestor §3.3): Hal miskos > misk	*miʔsk-	*miʔsk-	ULD+still (248)	@misk	reserve	foot, kick
O1408	miskan		n	B	a footing of men, a file		misk 'the foot' + -an (collective, 'the folk of')	*miʔsk-	misk+an	ULD+still (248) + a n	@misk+a.n	tier3-sys	
O1409	miskdholm		n	B	a stepping-stone		misk 'the foot' + S tolm 'a stone' (compound: the head softened, §3.10)	*miʔsk-, *tol-	misk^tolm	ULD+still (248) · TOLM (1)	@misk@tolm	tier3	
O1410	miskerd		n	S	one who kicks		misk 'the foot' + -Ard (agent)	*miʔsk-	misk+Ard	ULD+still (248) + A r d	@misk+A.r.d	tier3-sys	
O1411	misket		adj	S	kicked (the participle); footed ('provided with X': -At on a noun)		misk 'the foot' + -At (participle)	*miʔsk-	misk+At	ULD+still (248) + A t	@misk+A.t	tier3-sys	
O1412	miskryt		n	S	a track ('foot-cut')		misk 'the foot' + S ryt 'a cut vow, an oath' (compound: the head softened, §3.10)	*miʔsk-, *wrut-	misk^ryt	ULD+still (248) · TOLM+cut (8)	@misk@ryt	tier3	track
O1413	miskyl		n	S	kicking; the act of kicking		misk 'the foot' + -Ol (verbal noun)	*miʔsk-	misk+Ol	ULD+still (248) + O l	@misk+O.l	tier3-sys	
O1414	mivenn	mivennos	n	S	a mast	a mast	*mifeinn- 'a mast' (reserve, ancestor §3.3): Hal mivennos > mivenn	*mifeinn-	*mifeinn-	SCETH+rim (177)	@mivenn	reserve	mast
O1415	mivennel		n	S	a small mast; a single mast		mivenn 'a mast' + -el (singulative, 'little')	*mifeinn-	mivenn+el	SCETH+rim (177) + e l	@mivenn+e.l	tier3-sys	
O1416	mivennen		adj	S	of masts; mast-like		mivenn 'a mast' + -en ('of, belonging to')	*mifeinn-	mivenn+en	SCETH+rim (177) + e n	@mivenn+e.n	tier3-sys	
O1417	molt	moltos	n	B	a heart; the middle; a temper	a heart	*molt- 'the breath within': *molt-o-s > Hal moltos > molt (H2)	*molt-	*molt-o-s	MOLT (105)	@molt	canon	heart, middle, temper
O1418	Molt Hyll		name	S	the Tide-Heart (the heart of the tide)		a phrase: Molt heart + Hyll tide	*molt-, *hull-	phrase	MOLT (105) · WADH+turn (303)	@molt @hyll	tier3	tide-heart
O1419	Molt Veskrivull		name	B	the Root-Heart		a phrase: Molt heart + Veskrivull S·root	*molt-, *mosk-, *rifull-	phrase	MOLT (105) · MESK (186) · HALD+lone (34)	@molt @mesk@rivull	tier3	root-heart
O1420	moltel		n	S	a small heart; a single heart		molt 'a heart' + -el (singulative, 'little')	*molt-	molt+el	MOLT (105) + e l	@molt+e.l	tier3-sys	
O1421	molten		adj	S	of hearts; heart-like		molt 'a heart' + -en ('of, belonging to')	*molt-	molt+en	MOLT (105) + e n	@molt+e.n	tier3-sys	
O1422	moltrunn		n	B	a heartbeat ('heart-blow')		molt 'a heart' + S drunn 'a mallet, a hammer' (compound: the head softened, §3.10)	*molt-, *drunn-	molt^drunn	MOLT (105) · GARL+wedge (218)	@molt@drunn	tier3	heartbeat
O1423	moltryt		n	S	a heart-vow, an oath of the heart		molt 'a heart' + S ryt 'a cut vow, an oath' (compound: the head softened, §3.10)	*molt-, *wrut-	molt^ryt	MOLT (105) · TOLM+cut (8)	@molt@ryt	tier3	
O1424	moltvesk		name	S	Heartoak ('heart-tree')		molt 'a heart' + S mesk 'a tree' (compound: the head softened, §3.10)	*molt-, *mosk-	molt^mesk		m.o.l.t.v.e.s.k	tier3	
O1425	mosk	moskos	v	B	begin	begin	*moʔsk- 'begin' (reserve, ancestor §3.3): Hal moskos > mosk	*moʔsk-	*moʔsk-	TRENN+gap (54)	@mosk	reserve	begin
O1426	moskard		n	B	one who begins		mosk 'begin' + -Ard (agent)	*moʔsk-	mosk+Ard	TRENN+gap (54) + A r d	@mosk+A.r.d	tier3-sys	
O1427	moskat		adj	B	begun (the participle)		mosk 'begin' + -At (participle)	*moʔsk-	mosk+At	TRENN+gap (54) + A t	@mosk+A.t	tier3-sys	
O1428	moskol		n	B	a beginning; beginning; the act of beginning		mosk 'begin' + -Ol (verbal noun)	*moʔsk-	mosk+Ol	TRENN+gap (54) + O l	@mosk+O.l	tier3	beginning
O1429	movenn	movennos	n	S	a banner, a sign flown; a standard	a banner, a sign flown	*mofenn- 'a banner, a sign flown' (reserve, ancestor §3.3): Hal movennos > movenn	*mofenn-	*mofenn-		letters: m.o.v.e.n.n	reserve	banner, standard
O1430	movennel		n	S	a small banner; a single banner		movenn 'a banner, a sign flown' + -el (singulative, 'little')	*mofenn-	movenn+el		letters: m.o.v.e.n.n.e.l	tier3-sys	
O1431	movennen		adj	S	of banners; banner-like		movenn 'a banner, a sign flown' + -en ('of, belonging to')	*mofenn-	movenn+en		letters: m.o.v.e.n.n.e.n	tier3-sys	
O1432	movennerd		n	S	a Standard-Bearer ('banner-one'); a standard-bearer ('the one of the banner')		movenn 'a banner, a sign flown' + -Ard (agent)	*mofenn-	movenn+Ard		letters: m.o.v.e.n.n.A.r.d	tier3	standard-bearer
O1433	movennet		adj	S	bannered ('provided with X': -At on a noun)		movenn 'a banner, a sign flown' + -At (participle)	*mofenn-	movenn+At		letters: m.o.v.e.n.n.A.t	tier3-sys	
O1434	movennow		n	B	a standard-post		movenn 'a banner, a sign flown' + -ow (place)	*mofenn-	movenn+ow		letters: m.o.v.e.n.n.o.w	tier3-sys	
O1435	mumm	mummos	n,v	B	the nose; to smell	the nose; to smell	*muʔm- 'the nose' (reserve, ancestor §3.3): Hal mummos > mumm	*muʔm-	*muʔm-		letters: m.u.m.m	reserve	
O1436	murr	murros	num	B	twenty	twenty	*murr- 'a score': *murr-o-s > Hal murros > murr (H2)	*murr-	*murr-o-s		%m	canon	twenty
O1437	murr eth noth		num	B	thirty (twenty and ten)		the numbers count in twenties (§5.11): thirty (twenty and ten)		phrase		%mn	tier3-sys	
O1438	murrast		num	B	twentieth (the ordinal)		murr 'twenty' + -Ast (ordinal)	*murr-	murr+Ast		letters: m.u.r.r.A.s.t	tier3-sys	
O1439	myger	miugeros	n	S	a shaft cut down	a shaft cut down	*meuger- 'a shaft cut down' (reserve, ancestor §3.3): Hal miugeros > myger	*meuger-	*meuger-	LODH+course (298)	@myger	reserve	shaft
O1440	mygerel		n	S	a small shaft cut down; a single shaft cut down		myger 'a shaft cut down' + -el (singulative, 'little')	*meuger-	myger+el	LODH+course (298) + e l	@myger+e.l	tier3-sys	
O1441	mygeren		adj	S	of shaft cut downs; shaft cut down-like		myger 'a shaft cut down' + -en ('of, belonging to')	*meuger-	myger+en	LODH+course (298) + e n	@myger+e.n	tier3-sys	
O1442	mygur	miuguris	n	B	a pipe	a pipe	*meugur- 'a pipe' (reserve, ancestor §3.3): Hal miuguris > mygur	*meugur-	*meugur-		letters: m.y.g.u.r	reserve	pipe
O1443	mygurel		n	S	a small pipe; a single pipe		mygur 'a pipe' + -el (singulative, 'little')	*meugur-	mygur+el		letters: m.y.g.u.r.e.l	tier3-sys	
O1444	myguren		adj	S	of pipes; pipe-like		mygur 'a pipe' + -en ('of, belonging to')	*meugur-	mygur+en		letters: m.y.g.u.r.e.n	tier3-sys	
O1445	mygurow		n	B	a smoking-room		mygur 'a pipe' + -ow (place)	*meugur-	mygur+ow		letters: m.y.g.u.r.o.w	tier3-sys	
O1446	mylenn	miulennos	n	S	strength	strength	*meulenn- 'strength' (reserve, ancestor §3.3): Hal miulennos > mylenn	*meulenn-	*meulenn-		letters: m.y.l.e.n.n	reserve	strength
O1447	mylennen		adj	S	strong, of strength		mylenn 'strength' + -en ('of, belonging to')	*meulenn-	mylenn+en		letters: m.y.l.e.n.n.e.n	tier3-sys	
O1448	mymm	mymmis	v	S	return, come back; go back, come back	return, come back	*muʔmm- 'return, come back' (reserve, ancestor §3.3): Hal mymmis > mymm	*muʔmm-	*muʔmm-	TRENN+cup (51)	@mymm	reserve	back, return
O1449	mymmerd		n	S	one who returns or comes back		mymm 'return, come back' + -Ard (agent)	*muʔmm-	mymm+Ard	TRENN+cup (51) + A r d	@mymm+A.r.d	tier3-sys	
O1450	mymmet		adj	S	returned, come back (the participle)		mymm 'return, come back' + -At (participle)	*muʔmm-	mymm+At	TRENN+cup (51) + A t	@mymm+A.t	tier3-sys	
O1451	mymmow		n	B	a returning-place, a home port		mymm 'return, come back' + -ow (place)	*muʔmm-	mymm+ow	TRENN+cup (51) + o w	@mymm+o.w	tier3-sys	
O1452	mymmrest		n	S	revenge ('return-harm')		mymm 'return, come back' + S grest 'harm, hurt' (compound: the head softened, §3.10)	*muʔmm-, *grest-	mymm^grest	TRENN+cup (51) · CRESK+drop (75)	@mymm@grest	tier3	revenge
O1453	mymmyl		n	S	a homecoming; the Homecomings; returning; coming back; the act of returning; (pl. Mymmyleth) the Homecomings: the True Men's captions under the havens' names (III.1)		mymm 'return, come back' + -Ol (verbal noun)	*muʔmm-	mymm+Ol	TRENN+cup (51) + O l	@mymm+O.l	tier3	homecoming, Homecomings
O1454	myrral	miurralos	n	B	the self within, a soul	the self within, a soul	*meurral- 'the self within, a soul' (reserve, ancestor §3.3): Hal miurralos > myrral	*meurral-	*meurral-	MOLT+lone (115)	@myrral	reserve	soul
O1455	myrralen		adj	S	of the soul, soulful		myrral 'the self within, a soul' + -en ('of, belonging to')	*meurral-	myrral+en	MOLT+lone (115) + e n	@myrral+e.n	tier3-sys	
O1456	mysk	myskis	v	S	say	say	*muʔsk- 'say' (reserve, ancestor §3.3): Hal myskis > mysk	*muʔsk-	*muʔsk-	BROD+still (206)	@mysk	reserve	say
O1457	mysk pawast		v	B	repeat (say again)		a phrase: mysk say + pawast second	*muʔsk-	phrase	BROD+still (206)	@mysk letters: p.a.w.A.s.t	tier3	repeat
O1458	myskerd		n	S	one who says		mysk 'say' + -Ard (agent)	*muʔsk-	mysk+Ard	BROD+still (206) + A r d	@mysk+A.r.d	tier3-sys	
O1459	mysket		adj	S	said (the participle)		mysk 'say' + -At (participle)	*muʔsk-	mysk+At	BROD+still (206) + A t	@mysk+A.t	tier3-sys	
O1460	myskyl		n	S	saying; the act of saying		mysk 'say' + -Ol (verbal noun)	*muʔsk-	mysk+Ol	BROD+still (206) + O l	@mysk+O.l	tier3-sys	
O1461	myst	mystis	n,adj	S	sea-fog; the grey; (adj.) grey; mist	sea-fog; the grey; (adj.) grey	*mus- 'the dim light': *mus-t-i-s > Hal mystis > myst (O3,H2)	*mus-	*mus-t-i-s	WADH+fade (302)	@myst	canon	fog, grey, mist
O1462	myst eth domm		adj	B	grey-black		a phrase: myst sea-fog + eth and + domm black	*mus-, *eθ-, *domm-	phrase	WADH+fade (302) · TOLM+fade (13)	@myst @domm	tier3	grey-black
O1463	myst eth lurrel		adj	S	grey-green		a phrase: myst sea-fog + eth and + lurrel green	*mus-, *eθ-	phrase	WADH+fade (302) · MESK+three (187) + e l	@myst @lurr+e.l	tier3	grey-green
O1464	Mystaeri		name	S	the Mystaeri (a hybrid exonym: myst + the Seilrhass -aer + the loan-plural -i); the Mystaeri	the Mystaeri (a hybrid exonym: myst + the Seilrhass -aer + the loan-plural -i); the Mystaeri	canon formation: myst + -aer + -i (hybrid: Orrowen myst + the Eldest Seilrhass -aer (before -aer > -ear) + an Orrowen loan-plural -i)		myst+-aer+-i		m.y.s.t.a.e.r.i	canon	Mystaeri
O1465	mystan		n	B	the mist-folk ('the folk of the grey'); the mist-folk, the folk of the grey (Seren's gloss of Mystaeri)		myst 'sea-fog' + -an (collective, 'the folk of')	*mus-	myst+an	WADH+fade (302) + a n	@myst+a.n	tier3	mist-folk
O1466	mystel		adj	S	hazy, greyish		myst 'sea-fog' + -el (singulative, 'little')	*mus-	myst+el	WADH+fade (302) + e l	@myst+e.l	tier3-sys	
O1467	mysten		adj	S	misty, of the grey		myst 'sea-fog' + -en ('of, belonging to')	*mus-	myst+en	WADH+fade (302) + e n	@myst+e.n	tier3-sys	
O1468	mystet		adj	S	fogged, lost in the grey ('provided with X': -At on a noun)		myst 'sea-fog' + -At (participle)	*mus-	myst+At	WADH+fade (302) + A t	@myst+A.t	tier3-sys	
O1469	Mystow		name	B	the Mystlands ('the place of the grey'); the Mystlands	the Mystlands ('the place of the grey'); the Mystlands	canon formation: myst + -ow (the Mystlands)		myst+-ow		m.y.s.t.o.w	canon	Mystlands
O1470	mystroval		n	B	mist-cloth		myst 'sea-fog' + S roval 'cloth' (compound: the head softened, §3.10)	*mus-, *rofal-	myst^roval		letters: m.y.s.t.r.o.v.a.l	tier3	mist-cloth
O1471	mystsceth		n	S	a grey hull		myst 'sea-fog' + S sceth 'a ship, a hull' (compound: the head softened, §3.10)	*mus-, *skeθ-	myst^sceth	WADH+fade (302) · SCETH (173)	@myst@sceth	tier3	
O1472	mystscethan		n	B	the grey fleet		myst 'sea-fog' + S scethan 'a fleet' (compound: the head softened, §3.10)	*mus-	myst^scethan		letters: m.y.s.t.s.k.e.th.a.n	tier3	
O1473	mystwemm		adj	S	grey-sailed ('grey-sail')		myst 'sea-fog' + S wemm 'a sail' (compound: the head softened, §3.10)	*mus-, *gwemm-	myst^wemm	WADH+fade (302) · SCETH+zig (174)	@myst@wemm	tier3	grey-sailed
O1474	mystyth		n	S	greiness; the quality of being grey		myst 'sea-fog' + -Oth (abstract)	*mus-	myst+Oth	WADH+fade (302) + O th	@myst+O.th	tier3-sys	
O1475	na	na	pref	B	un- (prefix, +S)	un- (prefix, +S)	*na- / ni 'not': *na > Hal na > na	*na-	*na	the turned stone (NOT)	!	canon	
O1476	naammad		v	B	mislead, unteach (na-, the reversative)		na- 'un-' (+S) + ammad 'teach'	*amm-	na-ammad	the turned stone + BROD+three (203)	!@ammad	tier3-sys	
O1477	naammadard		n	B	one who misleads or unteaches		naammad 'mislead, unteach' + -Ard (agent)	*amm-	naammad+Ard		letters: n.a.a.m.m.a.d.A.r.d	tier3-sys	
O1478	naammadat		adj	B	untaught (un- + the participle)		na- 'un-' (+S) + ammadat 'taught'	*amm-	na-ammadat	the turned stone + BROD+three (203) + A t	!@ammad+A.t	tier3-sys	
O1479	naammadol		n	B	misleading; unteaching; the act of misleading		naammad 'mislead, unteach' + -Ol (verbal noun)	*amm-	naammad+Ol		letters: n.a.a.m.m.a.d.O.l	tier3-sys	
O1480	nadhaedh		adj	S	not warm; un-warm		na- 'un-' (+S) + dhaedh 'warm'	*dheʔdh-	na-dhaedh	the turned stone + ODH+zig (68)	!@dhaedh	tier3-sys	
O1481	nadhald		v	B	sink down, stoop (na-, the reversative)		na- 'un-' (+S) + tald 'rise, stand up'	*tol-	na-tald	the turned stone + TOLM+rim (3)	!@tald	tier3-sys	
O1482	nadhaldard		n	B	one who sinks down or stoops		nadhald 'sink down, stoop' + -Ard (agent)	*tol-	nadhald+Ard		letters: n.a.dh.a.l.d.A.r.d	tier3-sys	
O1483	nadhaldat		adj	B	sunk down, stooped (the participle)		nadhald 'sink down, stoop' + -At (participle)	*tol-	nadhald+At		letters: n.a.dh.a.l.d.A.t	tier3-sys	
O1484	nadhaldol		n	B	sinking down; stooping; the act of sinking down		nadhald 'sink down, stoop' + -Ol (verbal noun)	*tol-	nadhald+Ol		letters: n.a.dh.a.l.d.O.l	tier3-sys	
O1485	nadherril		adj	S	not grey; un-grey		na- 'un-' (+S) + terril 'grey'	*tairril-	na-terril		letters: n.a.dh.e.r.r.i.l	tier3-sys	
O1486	nadhesset		adj	S	unanswered (un- + the participle)		na- 'un-' (+S) + tesset 'a judgement'	*tess-	na-tesset	the turned stone + BROD+turn (201) + A t	!@tess+A.t	tier3-sys	
O1487	nadhragul		v	B	break a promise, forswear (na-, the reversative)		na- 'un-' (+S) + tragul 'promise'	*tragul-	na-tragul	the turned stone + TRENN+bough (56)	!@tragul	tier3-sys	
O1488	nadhragulard		n	B	one who breaks a promise or forswears		nadhragul 'break a promise, forswear' + -Ard (agent)	*tragul-	nadhragul+Ard		letters: n.a.dh.r.a.g.u.l.A.r.d	tier3-sys	
O1489	nadhragulat		adj	B	unpromised (un- + the participle)		na- 'un-' (+S) + tragulat 'promised'	*tragul-	na-tragulat	the turned stone + TRENN+bough (56) + A t	!@tragul+A.t	tier3-sys	
O1490	nadhragulol		n	B	breaking a promise; forswearing; the act of breaking a promise		nadhragul 'break a promise, forswear' + -Ol (verbal noun)	*tragul-	nadhragul+Ol		letters: n.a.dh.r.a.g.u.l.O.l	tier3-sys	
O1491	nadhum		v	B	(v.) forget	(v.) forget	canon formation: na- + tum (forget, un-remember (t > dh))		na-+tum	the turned stone + TUM (120)	!@tum	canon	forget
O1492	nadhumard		n	B	one who forgets		nadhum 'forget' + -Ard (agent)		nadhum+Ard		letters: n.a.dh.u.m.A.r.d	tier3-sys	
O1493	nadhumat		adj	B	unremembered (un- + the participle)		na- 'un-' (+S) + tumat 'remembered'	*tum-	na-tumat	the turned stone + TUM (120) + A t	!@tum+A.t	tier3-sys	
O1494	nadhumol		n	B	a forgetting; forgetting; the act of forgetting		nadhum 'forget' + -Ol (verbal noun)		nadhum+Ol		letters: n.a.dh.u.m.O.l	tier3	forgetting
O1495	nadhunn		adj	B	not whole; un-whole		na- 'un-' (+S) + tunn 'whole, complete'	*tann-	na-tunn	the turned stone + VENN+cope (265)	!@tunn	tier3-sys	
O1496	nadhunnat		adj	B	unfinished (un- + the participle)		na- 'un-' (+S) + tunnat 'completed, achieved'	*tann-	na-tunnat	the turned stone + VENN+cope (265) + A t	!@tunn+A.t	tier3-sys	
O1497	Naelear		loan	B	Naelear, 'those of the breath' (the Mystaeri's own name)		a Mystaeri word, borrowed by sound (orrowen_v2 §6.14 D7: loan words and Mystaeri names are spelled by sound, the knock as a wedge inside the word)	(Seilrhass)	loan		n.a.e.l.e.a.r	tier3	Naelear
O1498	Naelthar		loan	B	Naelthar, the Blood of the Sky		a Mystaeri word, borrowed by sound (orrowen_v2 §6.14 D7: loan words and Mystaeri names are spelled by sound, the knock as a wedge inside the word)	(Seilrhass)	loan		n.a.e.l.th.a.r	tier3	Naelthar
O1499	naelur	nēluris	v	B	choose; decide; ordain, choose	choose	*neilur- 'choose' (reserve, ancestor §3.3): Hal nēluris > naelur	*neilur-	*neilur-	VESK+lone (232)	@naelur	reserve	choose, decide, ordain
O1500	naelurard		n	B	one who chooses		naelur 'choose' + -Ard (agent)	*neilur-	naelur+Ard	VESK+lone (232) + A r d	@naelur+A.r.d	tier3-sys	
O1501	naelurat		adj	B	chosen (the participle)		naelur 'choose' + -At (participle)	*neilur-	naelur+At	VESK+lone (232) + A t	@naelur+A.t	tier3-sys	
O1502	naelurol		n	B	a vote (a choosing); choosing; the act of choosing		naelur 'choose' + -Ol (verbal noun)	*neilur-	naelur+Ol	VESK+lone (232) + O l	@naelur+O.l	tier3	vote
O1503	naesket		adj	S	uncovered (un- + the participle)		na- 'un-' (+S) + esket 'a veil'	*eʔsk-	na-esket		letters: n.a.e.s.k.e.t	tier3-sys	
O1504	naeval	nēvalos	n	B	a blanket, a wool cloth	a blanket, a wool cloth	*neifal- 'a blanket, a wool cloth' (reserve, ancestor §3.3): Hal nēvalos > naeval	*neifal-	*neifal-		letters: n.a.e.v.a.l	reserve	blanket
O1505	naevalat		adj	B	blanketed ('provided with X': -At on a noun)		naeval 'a blanket, a wool cloth' + -At (participle)	*neifal-	naeval+At		letters: n.a.e.v.a.l.A.t	tier3-sys	
O1506	naevalel		n	S	a small blanket; a single blanket		naeval 'a blanket, a wool cloth' + -el (singulative, 'little')	*neifal-	naeval+el		letters: n.a.e.v.a.l.e.l	tier3-sys	
O1507	naevalen		adj	S	of blankets; blanket-like		naeval 'a blanket, a wool cloth' + -en ('of, belonging to')	*neifal-	naeval+en		letters: n.a.e.v.a.l.e.n	tier3-sys	
O1508	nafedh		adv	S	never ('no time')		na- 'un-' (+S) + fedh 'a time, a season'	*xwadh-	na-fedh	the turned stone + ORL+course (147)	!@fedh	tier3	never
O1509	nafennet		adj	S	unfollowed (un- + the participle)		na- 'un-' (+S) + fennet 'next'	*xwenn-	na-fennet	the turned stone + TRENN+lone (50) + A t	!@fenn+A.t	tier3-sys	
O1510	nafymmet		adj	S	unsown (un- + the participle)		na- 'un-' (+S) + fymmet 'seed'	*xwuimm-	na-fymmet		letters: n.a.f.y.m.m.e.t	tier3-sys	
O1511	nahadh		v	B	unlay, take down (a course) (na-, the reversative)		na- 'un-' (+S) + cadh 'lay'	*kað-	na-cadh	the turned stone + TRENN+still (43)	!@cadh	tier3-sys	
O1512	nahadhard		n	B	one who unlays or takes down		nahadh 'unlay, take down' + -Ard (agent)	*kað-	nahadh+Ard		letters: n.a.h.a.dh.A.r.d	tier3-sys	
O1513	nahadhat		adj	B	unlaid (un- + the participle)		na- 'un-' (+S) + cadhat 'laid'		na-cadhat	the turned stone + TRENN+still (43) + A t	!@cadh+A.t	tier3-sys	
O1514	nahadhol		n	B	unlaying; taking down; the act of unlaying		nahadh 'unlay, take down' + -Ol (verbal noun)	*kað-	nahadh+Ol		letters: n.a.h.a.dh.O.l	tier3-sys	
O1515	nahaemeret		adj	S	unfloated (un- + the participle)		na- 'un-' (+S) + haemeret 'floated'	*heimeir-	na-haemeret	the turned stone + SCETH+still (185) + A t	!@haemer+A.t	tier3-sys	
O1516	nahaerilet		adj	S	unforgiven (un- + the participle)		na- 'un-' (+S) + haerilet 'forgiven, let a wrong go'	*xeiril-	na-haerilet	the turned stone + MOLT+course (114) + A t	!@haeril+A.t	tier3-sys	
O1517	nahaldat		adj	B	unhauled (un- + the participle)		na- 'un-' (+S) + caldat 'dragged, hauled'	*kald-	na-caldat	the turned stone + PAR+turn (102) + A t	!@cald+A.t	tier3-sys	
O1518	naharal		v	B	countermand (na-, the reversative)		na- 'un-' (+S) + haral 'an order'	*haral-	na-haral	the turned stone + TRENN+notch (55)	!@haral	tier3-sys	
O1519	naharalard		n	B	one who countermands		naharal 'countermand' + -Ard (agent)	*haral-	naharal+Ard		letters: n.a.h.a.r.a.l.A.r.d	tier3-sys	
O1520	naharalat		adj	B	unbidden (un- + the participle)		na- 'un-' (+S) + haralat 'commanded'	*haral-	na-haralat	the turned stone + TRENN+notch (55) + A t	!@haral+A.t	tier3-sys	
O1521	naharalol		n	B	countermanding; the act of countermanding		naharal 'countermand' + -Ol (verbal noun)	*haral-	naharal+Ol		letters: n.a.h.a.r.a.l.O.l	tier3-sys	
O1522	naharmat		adj	B	uncalled (un- + the participle)		na- 'un-' (+S) + carmat 'cried out, called'	*karm-	na-carmat	the turned stone + BROD+wedge (199) + A t	!@carm+A.t	tier3-sys	
O1523	nahebb		v	S	refuse ('un-give')		na- 'un-' (+S) + hebb 'give'	*habb-	na-hebb	the turned stone + GARL+course (215)	!@hebb	tier3	refuse
O1524	nahebberd		n	S	one who refuses		nahebb 'refuse' + -Ard (agent)	*habb-	nahebb+Ard		letters: n.a.h.e.b.b.A.r.d	tier3-sys	
O1525	nahebbet		adj	S	ungiven (un- + the participle)		na- 'un-' (+S) + hebbet 'a gift'	*habb-	na-hebbet	the turned stone + GARL+course (215) + A t	!@hebb+A.t	tier3-sys	
O1526	nahebbyl		n	S	refusing; the act of refusing		nahebb 'refuse' + -Ol (verbal noun)	*habb-	nahebb+Ol		letters: n.a.h.e.b.b.O.l	tier3-sys	
O1527	nahethet		adj	S	unheld, unkept (un- + the participle)		na- 'un-' (+S) + kethet 'held, kept'	*keθ-	na-kethet	the turned stone + GARL+cup (214) + A t	!@keth+A.t	tier3-sys	
O1528	nahlenn		adj	S	not new; un-new		na- 'un-' (+S) + clenn 'new'	*klenn-	na-clenn	the turned stone + VENN+turn (266)	!@clenn	tier3-sys	
O1529	nahlennet		adj	S	unmended (un- + the participle)		na- 'un-' (+S) + clennet 'made new, mended'	*klenn-	na-clennet	the turned stone + VENN+turn (266) + A t	!@clenn+A.t	tier3-sys	
O1530	nahomull		v	B	unweave, unravel (na-, the reversative)		na- 'un-' (+S) + comull 'weave'	*komull-	na-comull		letters: n.a.h.o.m.u.l.l	tier3-sys	
O1531	nahomullard		n	B	one who unweaves or unravels		nahomull 'unweave, unravel' + -Ard (agent)	*komull-	nahomull+Ard		letters: n.a.h.o.m.u.l.l.A.r.d	tier3-sys	
O1532	nahomullat		adj	B	unwoven (un- + the participle)		na- 'un-' (+S) + comullat 'woven'	*komull-	na-comullat		letters: n.a.h.o.m.u.l.l.a.t	tier3-sys	
O1533	nahomullol		n	B	unweaving; unraveling; the act of unweaving		nahomull 'unweave, unravel' + -Ol (verbal noun)	*komull-	nahomull+Ol		letters: n.a.h.o.m.u.l.l.O.l	tier3-sys	
O1534	nahos		pron	B	none, no one ('not one')		na- 'un-' (+S) + hos 'one'	*hos-	na-hos		letters: n.a.h.o.s	tier3	none
O1535	nahosk		v	B	unseal, lift a capstone (na-, the reversative)		na- 'un-' (+S) + hosk 'a lintel'	*hosk-	na-hosk	the turned stone + TOLM+cope (2)	!@hosk	tier3-sys	
O1536	nahoskard		n	B	one who unseals or lifts a capstone		nahosk 'unseal, lift a capstone' + -Ard (agent)	*hosk-	nahosk+Ard		letters: n.a.h.o.s.k.A.r.d	tier3-sys	
O1537	nahoskat		adj	B	unsealed (un- + the participle)		na- 'un-' (+S) + hoskat 'laid the lintel, sealed'	*hosk-	na-hoskat	the turned stone + TOLM+cope (2) + A t	!@hosk+A.t	tier3-sys	
O1538	nahoskol		n	B	unsealing; lifting a capstone; the act of unsealing		nahosk 'unseal, lift a capstone' + -Ol (verbal noun)	*hosk-	nahosk+Ol		letters: n.a.h.o.s.k.O.l	tier3-sys	
O1539	nahrent		adj	S	not cold; un-cold		na- 'un-' (+S) + crent 'cold'	*krant-	na-crent		letters: n.a.h.r.e.n.t	tier3-sys	
O1540	nahresket		adj	S	unbroken		na- 'un-' (+S) + cresk 'break' + -At (participle)	*krask-	na-cresk+At	the turned stone + CRESK (73) + e t	!@cresk+e.t	tier3	unbroken
O1541	nahrystil		adj	S	not old; un-old		na- 'un-' (+S) + crystil 'old'	*krustil-	na-crystil	the turned stone + VENN+fade (277)	!@crystil	tier3-sys	
O1542	nahunn		adj	B	deaf ('unhearing'); stone-deaf		na- 'un-' (+S) + hunn 'hear'	*hunn-	na-hunn	the turned stone + BROD+cup (204)	!@hunn	tier3	deaf, stone-deaf
O1543	nahunnat		adj	B	unheard (un- + the participle)		na- 'un-' (+S) + hunnat 'a sound'	*hunn-	na-hunnat	the turned stone + BROD+cup (204) + A t	!@hunn+A.t	tier3-sys	
O1544	nahunnoth		n	B	deafness		nahunn 'deaf' + -Oth (abstract)	*hunn-	nahunn+Oth		letters: n.a.h.u.n.n.O.th	tier3-sys	
O1545	nahurrat		adj	B	unslain (un- + the participle)		na- 'un-' (+S) + hurrat 'killed'	*hurr-	na-hurrat	the turned stone + CRESK+fade (77) + A t	!@hurr+A.t	tier3-sys	
O1546	nahyn		v	S	loosen (of mortar: fail to set) (na-, the reversative)		na- 'un-' (+S) + rhyn 'set fast'	*xreun-	na-rhyn	the turned stone + LODH+cope (292)	!@rhyn	tier3-sys	
O1547	nahynalat		adj	B	unsold (un- + the participle)		na- 'un-' (+S) + hynalat 'sold'	*heunal-	na-hynalat		letters: n.a.h.y.n.a.l.a.t	tier3-sys	
O1548	nahynerd		n	S	one who loosens		nahyn 'loosen' + -Ard (agent)	*xreun-	nahyn+Ard		letters: n.a.h.y.n.A.r.d	tier3-sys	
O1549	nahynet		adj	S	loosened (the participle)		nahyn 'loosen' + -At (participle)	*xreun-	nahyn+At		letters: n.a.h.y.n.A.t	tier3-sys	
O1550	nahynyl		n	S	loosening; the act of loosening		nahyn 'loosen' + -Ol (verbal noun)	*xreun-	nahyn+Ol		letters: n.a.h.y.n.O.l	tier3-sys	
O1551	nahyrrilet		adj	S	not understood (un- + the participle)		na- 'un-' (+S) + hyrrilet 'understood, grasped'	*xeurril-	na-hyrrilet	the turned stone + TUM+turn (123) + A t	!@hyrril+A.t	tier3-sys	
O1552	nahyvul		adj	B	not alone; un-alone		na- 'un-' (+S) + hyvul 'alone, lonely'	*xeuwul-	na-hyvul	the turned stone + MOLT+rim (118)	!@hyvul	tier3-sys	
O1553	nalamm		v	B	unbury, exhume (na-, the reversative)		na- 'un-' (+S) + lamm 'bury, lay in earth'	*laʔmm-	na-lamm	the turned stone + GARL+fade (226)	!@lamm	tier3-sys	
O1554	nalammard		n	B	one who unburies or exhumes		nalamm 'unbury, exhume' + -Ard (agent)	*laʔmm-	nalamm+Ard		letters: n.a.l.a.m.m.A.r.d	tier3-sys	
O1555	nalammat		adj	B	unburied (un- + the participle)		na- 'un-' (+S) + lammat 'buried, laid in earth'	*laʔmm-	na-lammat	the turned stone + GARL+fade (226) + A t	!@lamm+A.t	tier3-sys	
O1556	nalammol		n	B	unburying; exhuming; the act of unburying		nalamm 'unbury, exhume' + -Ol (verbal noun)	*laʔmm-	nalamm+Ol		letters: n.a.l.a.m.m.O.l	tier3-sys	
O1557	nalelv		adj	S	heavy ('un-light')		na- 'un-' (+S) + lelv 'light'	*lalf-	na-lelv		letters: n.a.l.e.l.v	tier3	heavy
O1558	nalelvyth		n	S	heaviness, weight		nalelv 'heavy' + -Oth (abstract)	*lalf-	nalelv+Oth		letters: n.a.l.e.l.v.O.th	tier3-sys	
O1559	nalemmet		adj	S	unhidden (un- + the participle)		na- 'un-' (+S) + lemmet 'a secret'	*leʔmm-	na-lemmet	the turned stone + GARL+turn (227) + A t	!@lemm+A.t	tier3-sys	
O1560	nalenn		adj	S	not silver; un-silver		na- 'un-' (+S) + lenn 'silver'	*lenn-	na-lenn	the turned stone + TOLM+pale (10)	!@lenn	tier3-sys	
O1561	nalenullat		adj	B	unbought (un- + the participle)		na- 'un-' (+S) + lenullat 'bought, traded for'	*lenull-	na-lenullat		letters: n.a.l.e.n.u.l.l.a.t	tier3-sys	
O1562	nalestiret		adj	S	unguided (un- + the participle)		na- 'un-' (+S) + lestiret 'showed the way, guided'	*lestir-	na-lestiret	the turned stone + TRENN+star (52) + A t	!@lestir+A.t	tier3-sys	
O1563	nalilv		adj	S	not soft; un-soft		na- 'un-' (+S) + lilv 'soft'	*liʔlf-	na-lilv		letters: n.a.l.i.l.v	tier3-sys	
O1564	nalodh		v	B	unbind, rake out the mortar (na-, the reversative)		na- 'un-' (+S) + lodh 'mortar'	*loð-	na-lodh	the turned stone + LODH (291)	!@lodh	tier3-sys	
O1565	nalodhard		n	B	one who unbinds or rakes out the mortar		nalodh 'unbind, rake out the mortar' + -Ard (agent)	*loð-	nalodh+Ard		letters: n.a.l.o.dh.A.r.d	tier3-sys	
O1566	nalodhat		adj	B	unbonded	unbonded	canon formation: na- + lodhat (un-)		na-+lodhat	the turned stone + LODH (291) + A t	!@lodh+A.t	canon	unbonded
O1567	nalodhol		n	B	unbinding; raking out the mortar; the act of unbinding		nalodh 'unbind, rake out the mortar' + -Ol (verbal noun)	*loð-	nalodh+Ol		letters: n.a.l.o.dh.O.l	tier3-sys	
O1568	nalorr		adj	B	not crimson; un-crimson		na- 'un-' (+S) + lorr 'blood'	*lorr-	na-lorr	the turned stone + LORR (130)	!@lorr	tier3-sys	
O1569	nalosk		adj	B	not full; un-full		na- 'un-' (+S) + losk 'fill'	*loʔsk-	na-losk		letters: n.a.l.o.s.k	tier3-sys	
O1570	naloskat		adj	B	unfilled (un- + the participle)		na- 'un-' (+S) + loskat 'enough'	*loʔsk-	na-loskat		letters: n.a.l.o.s.k.a.t	tier3-sys	
O1571	nalusk		v	B	forbid ('un-loose')		na- 'un-' (+S) + lusk 'loose, let go, set free'	*lusk-	na-lusk	the turned stone + GARL+gap (216)	!@lusk	tier3	forbid
O1572	naluskard		n	B	one who forbids		nalusk 'forbid' + -Ard (agent)	*lusk-	nalusk+Ard		letters: n.a.l.u.s.k.A.r.d	tier3-sys	
O1573	naluskat		adj	B	unloosed, unreleased (un- + the participle)		na- 'un-' (+S) + luskat 'loosed'	*lusk-	na-luskat	the turned stone + GARL+gap (216) + A t	!@lusk+A.t	tier3-sys	
O1574	naluskol		n	B	forbidding; the act of forbidding		nalusk 'forbid' + -Ol (verbal noun)	*lusk-	nalusk+Ol		letters: n.a.l.u.s.k.O.l	tier3-sys	
O1575	nalymm		v	S	take away (na-, the reversative)		na- 'un-' (+S) + lymm 'bring'	*luʔmm-	na-lymm	the turned stone + PAR+course (98)	!@lymm	tier3-sys	
O1576	nalymmerd		n	S	one who takes away		nalymm 'take away' + -Ard (agent)	*luʔmm-	nalymm+Ard		letters: n.a.l.y.m.m.A.r.d	tier3-sys	
O1577	nalymmet		adj	S	taked away (the participle)		nalymm 'take away' + -At (participle)	*luʔmm-	nalymm+At		letters: n.a.l.y.m.m.A.t	tier3-sys	
O1578	nalymmyl		n	S	taking away; the act of taking away		nalymm 'take away' + -Ol (verbal noun)	*luʔmm-	nalymm+Ol		letters: n.a.l.y.m.m.O.l	tier3-sys	
O1579	nalynir		v	S	disobey (na-, the reversative)		na- 'un-' (+S) + lynir 'obey, heed an order'	*leunir-	na-lynir		letters: n.a.l.y.n.i.r	tier3-sys	
O1580	nalynirerd		n	S	one who disobeys		nalynir 'disobey' + -Ard (agent)	*leunir-	nalynir+Ard		letters: n.a.l.y.n.i.r.A.r.d	tier3-sys	
O1581	nalyniret		adj	S	unheeded (un- + the participle)		na- 'un-' (+S) + lyniret 'obeyed, heeded an order'	*leunir-	na-lyniret		letters: n.a.l.y.n.i.r.e.t	tier3-sys	
O1582	nalyniryl		n	S	disobeying; the act of disobeying		nalynir 'disobey' + -Ol (verbal noun)	*leunir-	nalynir+Ol		letters: n.a.l.y.n.i.r.O.l	tier3-sys	
O1583	nalyrnenn		v	S	unpick a seam (na-, the reversative)		na- 'un-' (+S) + lyrnenn 'sew'	*leurnenn-	na-lyrnenn		letters: n.a.l.y.r.n.e.n.n	tier3-sys	
O1584	nalyrnennerd		n	S	one who unpicks a seam		nalyrnenn 'unpick a seam' + -Ard (agent)	*leurnenn-	nalyrnenn+Ard		letters: n.a.l.y.r.n.e.n.n.A.r.d	tier3-sys	
O1585	nalyrnennet		adj	S	unsewn (un- + the participle)		na- 'un-' (+S) + lyrnennet 'sewn'	*leurnenn-	na-lyrnennet		letters: n.a.l.y.r.n.e.n.n.e.t	tier3-sys	
O1586	nalyrnennyl		n	S	unpicking a seam; the act of unpicking a seam		nalyrnenn 'unpick a seam' + -Ol (verbal noun)	*leurnenn-	nalyrnenn+Ol		letters: n.a.l.y.r.n.e.n.n.O.l	tier3-sys	
O1587	nalyss		adj	S	not small; un-small		na- 'un-' (+S) + lyss 'small'	*luss-	na-lyss	the turned stone + VENN+lone (270)	!@lyss	tier3-sys	
O1588	nanesket		adj	S	unled (un- + the participle)		na- 'un-' (+S) + nesket 'led'	*neʔsk-	na-nesket	the turned stone + TRENN+rim (53) + A t	!@nesk+A.t	tier3-sys	
O1589	nanestorn		adj	B	not humble; un-humble		na- 'un-' (+S) + nestorn 'humble, low-set'	*naistorn-	na-nestorn	the turned stone + LUMM+still (257)	!@nestorn	tier3-sys	
O1590	nanethilet		adj	S	unpaid (un- + the participle)		na- 'un-' (+S) + nethilet 'paid'	*nethil-	na-nethilet		letters: n.a.n.e.th.i.l.e.t	tier3-sys	
O1591	naniss		adj	S	not slow; un-slow		na- 'un-' (+S) + niss 'slow'	*niʔs-	na-niss	the turned stone + TOVV+three (172)	!@niss	tier3-sys	
O1592	nanth	nanthos	n	B	fruit; a fruit	fruit	*nanth- 'fruit' (reserve, ancestor §3.3): Hal nanthos > nanth	*nanth-	*nanth-	MESK+drop (193)	@nanth	reserve	fruit
O1593	nanthel		n	S	a small fruit; a single fruit		nanth 'fruit' + -el (singulative, 'little')	*nanth-	nanth+el	MESK+drop (193) + e l	@nanth+e.l	tier3-sys	
O1594	nanthen		adj	S	of fruits; fruit-like		nanth 'fruit' + -en ('of, belonging to')	*nanth-	nanth+en	MESK+drop (193) + e n	@nanth+e.n	tier3-sys	
O1595	nanthow		n	B	an orchard		nanth 'fruit' + -ow (place)	*nanth-	nanth+ow	MESK+drop (193) + o w	@nanth+o.w	tier3-sys	
O1596	nanydhet		adj	S	uncounted (un- + the participle)		na- 'un-' (+S) + nydhet 'a number'	*nuð-	na-nydhet	the turned stone + GARL+notch (220) + A t	!@nydh+A.t	tier3-sys	
O1597	naoskat		adj	B	untrusted (un- + the participle)		na- 'un-' (+S) + oskat 'trusted'	*osk-	na-oskat	the turned stone + PAR+still (94) + A t	!@osk+A.t	tier3-sys	
O1598	naraet		adj	S	not blunt; un-blunt		na- 'un-' (+S) + raet 'blunt, dull'	*reʔt-	na-raet		letters: n.a.r.a.e.t	tier3-sys	
O1599	naraevar		v	B	disbelieve (na-, the reversative)		na- 'un-' (+S) + daevar 'believe, hold true'	*daifar-	na-daevar	the turned stone + TUM+still (124)	!@daevar	tier3-sys	
O1600	naraevarard		n	B	one who disbelieves		naraevar 'disbelieve' + -Ard (agent)	*daifar-	naraevar+Ard		letters: n.a.r.a.e.v.a.r.A.r.d	tier3-sys	
O1601	naraevarat		adj	B	unbelieved (un- + the participle)		na- 'un-' (+S) + daevarat 'a creed'	*daifar-	na-daevarat	the turned stone + TUM+still (124) + A t	!@daevar+A.t	tier3-sys	
O1602	naraevarol		n	B	disbelieving; the act of disbelieving		naraevar 'disbelieve' + -Ol (verbal noun)	*daifar-	naraevar+Ol		letters: n.a.r.a.e.v.a.r.O.l	tier3-sys	
O1603	naragorn		adj	B	not gentle; un-gentle		na- 'un-' (+S) + dagorn 'gentle'	*dagorn-	na-dagorn		letters: n.a.r.a.g.o.r.n	tier3-sys	
O1604	naraltarat		adj	B	unquenched (un- + the participle)		na- 'un-' (+S) + raltarat 'quenched, put out'	*raltar-	na-raltarat	the turned stone + VORR+cope (160) + A t	!@raltar+A.t	tier3-sys	
O1605	narannat		adj	B	unhewn (un- + the participle)		na- 'un-' (+S) + dannat 'hewn'	*daʔn-	na-dannat		letters: n.a.r.a.n.n.a.t	tier3-sys	
O1606	narasorat		adj	B	unpolished (un- + the participle)		na- 'un-' (+S) + dasorat 'polished, rubbed smooth'	*dasor-	na-dasorat		letters: n.a.r.a.s.o.r.a.t	tier3-sys	
O1607	narath		adj	B	not evil; un-evil		na- 'un-' (+S) + dath 'evil, ill'	*dath-	na-dath	the turned stone + VENN+fork (274)	!@dath	tier3-sys	
O1608	nareld		adj	S	not far; un-far		na- 'un-' (+S) + deld 'far'	*deʔld-	na-deld	the turned stone + VESK+fade (235)	!@deld	tier3-sys	
O1609	narend		adj	S	not wild; un-wild		na- 'un-' (+S) + dend 'wild'	*daʔnd-	na-dend		letters: n.a.r.e.n.d	tier3-sys	
O1610	narenn		v	S	abandon, leave unsaved (na-, the reversative)		na- 'un-' (+S) + renn 'save, bring through'	*raʔnn-	na-renn	the turned stone + PAR+door (99)	!@renn	tier3-sys	
O1611	narennerd		n	S	one who abandons or leaves unsaved		narenn 'abandon, leave unsaved' + -Ard (agent)	*raʔnn-	narenn+Ard		letters: n.a.r.e.n.n.A.r.d	tier3-sys	
O1612	narennet		adj	S	unsaved (un- + the participle)		na- 'un-' (+S) + rennet 'saved, brought through'	*raʔnn-	na-rennet	the turned stone + PAR+door (99) + A t	!@renn+A.t	tier3-sys	
O1613	narennyl		n	S	abandoning; leaving unsaved; the act of abandoning		narenn 'abandon, leave unsaved' + -Ol (verbal noun)	*raʔnn-	narenn+Ol		letters: n.a.r.e.n.n.O.l	tier3-sys	
O1614	narerret		adj	S	unreaped (un- + the participle)		na- 'un-' (+S) + derret 'reaped, gathered in'	*daʔr-	na-derret		letters: n.a.r.e.r.r.e.t	tier3-sys	
O1615	naresir		adj	S	not late; un-late		na- 'un-' (+S) + desir 'late, after the time'	*dasir-	na-desir		letters: n.a.r.e.s.i.r	tier3-sys	
O1616	nareth		adj	S	not proud; un-proud		na- 'un-' (+S) + deth 'proud'	*deth-	na-deth		letters: n.a.r.e.th	tier3-sys	
O1617	naridhet		adj	S	unwashed (un- + the participle)		na- 'un-' (+S) + ridhet 'washed'	*riʔdh-	na-ridhet	the turned stone + WADH+gap (315) + A t	!@ridh+A.t	tier3-sys	
O1618	nariket		adj	S	uncaught (un- + the participle)		na- 'un-' (+S) + griket 'caught'	*grik-	na-griket	the turned stone + KYL+cup (282) + A t	!@grik+A.t	tier3-sys	
O1619	narimm		adj	S	not sweet; un-sweet		na- 'un-' (+S) + rimm 'sweet'	*riʔm-	na-rimm		letters: n.a.r.i.m.m	tier3-sys	
O1620	narind		adj	S	not thick; un-thick		na- 'un-' (+S) + dind 'thick'	*dind-	na-dind		letters: n.a.r.i.n.d	tier3-sys	
O1621	narirn		adj	S	not poor; un-poor		na- 'un-' (+S) + rirn 'poor'	*riʔrn-	na-rirn		letters: n.a.r.i.r.n	tier3-sys	
O1622	naromm		adj	B	not black; un-black		na- 'un-' (+S) + domm 'black'	*domm-	na-domm	the turned stone + TOLM+fade (13)	!@domm	tier3-sys	
O1623	naroskur		v	B	unlock (na-, the reversative)		na- 'un-' (+S) + roskur 'a key'	*roskur-	na-roskur	the turned stone + GANNA+cup (289)	!@roskur	tier3-sys	
O1624	naroskurard		n	B	one who unlocks		naroskur 'unlock' + -Ard (agent)	*roskur-	naroskur+Ard		letters: n.a.r.o.s.k.u.r.A.r.d	tier3-sys	
O1625	naroskurat		adj	B	unlocked (the participle)		naroskur 'unlock' + -At (participle)	*roskur-	naroskur+At		letters: n.a.r.o.s.k.u.r.A.t	tier3-sys	
O1626	naroskurol		n	B	unlocking; the act of unlocking		naroskur 'unlock' + -Ol (verbal noun)	*roskur-	naroskur+Ol		letters: n.a.r.o.s.k.u.r.O.l	tier3-sys	
O1627	naross		adj	B	absent, lacking ('not-being')		na- 'un-' (+S) + doss 'be'	*doss-	na-doss		letters: n.a.r.o.s.s	tier3	absent
O1628	narossoth		n	B	absence		naross 'absent, lacking' + -Oth (abstract)	*doss-	naross+Oth		letters: n.a.r.o.s.s.O.th	tier3-sys	
O1629	narunnat		adj	B	unstruck (un- + the participle)		na- 'un-' (+S) + drunnat 'a drum'	*drunn-	na-drunnat	the turned stone + GARL+wedge (218) + A t	!@drunn+A.t	tier3-sys	
O1630	naruss		adj	B	not hard; un-hard		na- 'un-' (+S) + duss 'hard'	*duss-	na-duss	the turned stone + VENN+wedge (272)	!@duss	tier3-sys	
O1631	narustal		adj	B	not dim; un-dim		na- 'un-' (+S) + dustal 'dim'	*dustal-	na-dustal	the turned stone + ORL+still (152)	!@dustal	tier3-sys	
O1632	naruthar		adj	B	not cruel; un-cruel		na- 'un-' (+S) + ruthar 'cruel, hard of heart'	*ruthar-	na-ruthar		letters: n.a.r.u.th.a.r	tier3-sys	
O1633	naryll		adj	S	cheap, of little worth		na- 'un-' (+S) + dyll 'rich'	*duʔl-	na-dyll		letters: n.a.r.y.l.l	tier3	cheap
O1634	naryllyth		n	S	cheapness, worthlessness		naryll 'cheap, of little worth' + -Oth (abstract)	*duʔl-	naryll+Oth		letters: n.a.r.y.l.l.O.th	tier3-sys	
O1635	narystull		v	B	unlearn (na-, the reversative)		na- 'un-' (+S) + rystull 'learn'	*reustull-	na-rystull	the turned stone + TUM+course (125)	!@rystull	tier3-sys	
O1636	narystullard		n	B	one who unlearns		narystull 'unlearn' + -Ard (agent)	*reustull-	narystull+Ard		letters: n.a.r.y.s.t.u.l.l.A.r.d	tier3-sys	
O1637	narystullat		adj	B	unlearned (un- + the participle)		na- 'un-' (+S) + rystullat 'learned'	*reustull-	na-rystullat	the turned stone + TUM+course (125) + A t	!@rystull+A.t	tier3-sys	
O1638	narystullol		n	B	unlearning; the act of unlearning		narystull 'unlearn' + -Ol (verbal noun)	*reustull-	narystull+Ol		letters: n.a.r.y.s.t.u.l.l.O.l	tier3-sys	
O1639	naryt		v	S	unswear, break a vow (na-, the reversative)		na- 'un-' (+S) + ryt 'a cut vow, an oath'	*wrut-	na-ryt	the turned stone + TOLM+cut (8)	!@ryt	tier3-sys	
O1640	naryterd		n	S	one who unswears or breaks a vow		naryt 'unswear, break a vow' + -Ard (agent)	*wrut-	naryt+Ard		letters: n.a.r.y.t.A.r.d	tier3-sys	
O1641	narytet		adj	S	uncut, unwritten (un- + the participle)		na- 'un-' (+S) + rytet 'a carving, a thing cut'	*wrut-	na-rytet	the turned stone + TOLM+cut (8) + A t	!@ryt+A.t	tier3-sys	
O1642	narytyl		n	S	unswearing; breaking a vow; the act of unswearing		naryt 'unswear, break a vow' + -Ol (verbal noun)	*wrut-	naryt+Ol		letters: n.a.r.y.t.O.l	tier3-sys	
O1643	nas	nasos	n	B	a bird	a bird	*nas- 'a bird' (reserve, ancestor §3.3): Hal nasos > nas	*nas-	*nas-		letters: n.a.s	reserve	bird
O1644	nasaed		adj	S	not half; un-half		na- 'un-' (+S) + saed 'half'	*seʔd-	na-saed	the turned stone + VENN+gap (275)	!@saed	tier3-sys	
O1645	nasaemal		v	B	despair ('un-hope')		na- 'un-' (+S) + saemal 'hope'	*saimal-	na-saemal	the turned stone + MOLT+bough (111)	!@saemal	tier3	despair
O1646	nasaemalard		n	B	one who despairs		nasaemal 'despair' + -Ard (agent)	*saimal-	nasaemal+Ard		letters: n.a.s.a.e.m.a.l.A.r.d	tier3-sys	
O1647	nasaemalat		adj	B	despaired (the participle)		nasaemal 'despair' + -At (participle)	*saimal-	nasaemal+At		letters: n.a.s.a.e.m.a.l.A.t	tier3-sys	
O1648	nasaemalol		n	B	despairing; the act of despairing		nasaemal 'despair' + -Ol (verbal noun)	*saimal-	nasaemal+Ol		letters: n.a.s.a.e.m.a.l.O.l	tier3-sys	
O1649	nasan		n	B	a flock of birds		nas 'a bird' + -an (collective, 'the folk of')	*nas-	nas+an		letters: n.a.s.a.n	tier3-sys	
O1650	nasard		n	B	a fowler ('the one of the bird')		nas 'a bird' + -Ard (agent)	*nas-	nas+Ard		letters: n.a.s.A.r.d	tier3-sys	
O1651	nascid		adj	S	not bitter; un-bitter		na- 'un-' (+S) + scid 'bitter'	*skid-	na-scid		letters: n.a.s.k.i.d	tier3-sys	
O1652	nasel		n	S	little bird, dear bird		nas 'a bird' + -el (singulative, 'little')	*nas-	nas+el		letters: n.a.s.e.l	tier3-sys	
O1653	nasell		adj	S	short ('un-long')		na- 'un-' (+S) + sell 'long'	*sell-	na-sell	the turned stone + VENN+course (268)	!@sell	tier3	short
O1654	nasellyth		n	S	shortness		nasell 'short' + -Oth (abstract)	*sell-	nasell+Oth		letters: n.a.s.e.l.l.O.th	tier3-sys	
O1655	nasesk		v	S	not know, be ignorant of (na-, the reversative)		na- 'un-' (+S) + sesk 'know a fact'	*sesk-	na-sesk	the turned stone + TUM+cope (121)	!@sesk	tier3-sys	
O1656	naseskerd		n	S	one who nots know or bes ignorant of		nasesk 'not know, be ignorant of' + -Ard (agent)	*sesk-	nasesk+Ard		letters: n.a.s.e.s.k.A.r.d	tier3-sys	
O1657	nasesket		adj	S	unknown		na- 'un-' (+S) + sesk 'know a fact' + -At (participle)	*sesk-	na-sesk+At	the turned stone + TUM+cope (121) + e t	!@sesk+e.t	tier3	unknown
O1658	naseskyl		n	S	notting know; being ignorant of; the act of notting know		nasesk 'not know, be ignorant of' + -Ol (verbal noun)	*sesk-	nasesk+Ol		letters: n.a.s.e.s.k.O.l	tier3-sys	
O1659	nask	naskos	v,n	B	eat; a taste	eat	*nask- 'eat' (reserve, ancestor §3.3): Hal naskos > nask	*nask-	*nask-		letters: n.a.s.k	reserve	eat, taste
O1660	naskard		n	B	one who eats		nask 'eat' + -Ard (agent)	*nask-	nask+Ard		letters: n.a.s.k.A.r.d	tier3-sys	
O1661	naskat		adj	B	eaten (the participle)		nask 'eat' + -At (participle)	*nask-	nask+At		letters: n.a.s.k.A.t	tier3-sys	
O1662	naskol		n	B	eating; the act of eating		nask 'eat' + -Ol (verbal noun)	*nask-	nask+Ol		letters: n.a.s.k.O.l	tier3-sys	
O1663	naskow		n	B	an eating-place, a hall of meals		nask 'eat' + -ow (place)	*nask-	nask+ow		letters: n.a.s.k.o.w	tier3-sys	
O1664	nasol		adj	B	not still; un-still		na- 'un-' (+S) + sol 'rest, lie still'	*sol-	na-sol		letters: n.a.s.o.l	tier3-sys	
O1665	nasow		n	B	a rookery, a place of birds		nas 'a bird' + -ow (place)	*nas-	nas+ow		letters: n.a.s.o.w	tier3-sys	
O1666	nastacorn		adj	B	not pale; un-pale		na- 'un-' (+S) + stacorn 'pale'	*stakorn-	na-stacorn		letters: n.a.s.t.a.k.o.r.n	tier3-sys	
O1667	nastannat		adj	B	unquarried (un- + the participle)		na- 'un-' (+S) + stannat 'quarried, cut stone from the bed'	*stann-	na-stannat	the turned stone + TOLM+wedge (7) + A t	!@stann+A.t	tier3-sys	
O1668	nastathul		v	B	blame, dispraise (na-, the reversative)		na- 'un-' (+S) + stathul 'praise'	*stathul-	na-stathul	the turned stone + BROD+cope (211)	!@stathul	tier3-sys	
O1669	nastathulard		n	B	one who blames or dispraises		nastathul 'blame, dispraise' + -Ard (agent)	*stathul-	nastathul+Ard		letters: n.a.s.t.a.th.u.l.A.r.d	tier3-sys	
O1670	nastathulat		adj	B	blamed, dispraised (the participle)		nastathul 'blame, dispraise' + -At (participle)	*stathul-	nastathul+At		letters: n.a.s.t.a.th.u.l.A.t	tier3-sys	
O1671	nastathulol		n	B	blaming; dispraising; the act of blaming		nastathul 'blame, dispraise' + -Ol (verbal noun)	*stathul-	nastathul+Ol		letters: n.a.s.t.a.th.u.l.O.l	tier3-sys	
O1672	nastinet		adj	S	uncut (un- + the participle)		na- 'un-' (+S) + stinet 'cut'	*stin-	na-stinet		letters: n.a.s.t.i.n.e.t	tier3-sys	
O1673	naston		adj	B	not steady; un-steady		na- 'un-' (+S) + ston 'stand'	*ston-	na-ston	the turned stone + TOLM+still (11)	!@ston	tier3-sys	
O1674	nastrom		adj	B	not great; un-great		na- 'un-' (+S) + strom 'great'	*strom-	na-strom	the turned stone + VENN+rim (269)	!@strom	tier3-sys	
O1675	nasulv		adj	B	not white; un-white		na- 'un-' (+S) + sulv 'snow'	*sulf-	na-sulv	the turned stone + BRUNN+pale (320)	!@sulv	tier3-sys	
O1676	nasumess		adj	S	not glad; un-glad		na- 'un-' (+S) + sumess 'glad, content'	*sumeiss-	na-sumess		letters: n.a.s.u.m.e.s.s	tier3-sys	
O1677	nasusk		adj	B	not high; un-high		na- 'un-' (+S) + susk 'high'	*suʔsk-	na-susk	the turned stone + BRUNN+cope (325)	!@susk	tier3-sys	
O1678	nasyndalat		adj	B	unkindled (un- + the participle)		na- 'un-' (+S) + syndalat 'kindled'	*sweundal-	na-syndalat	the turned stone + VORR+bough (159) + A t	!@syndal+A.t	tier3-sys	
O1679	nath	nathan	part	B	not (before a verb, +N); not (before a verb); no, not	not (before a verb, +N); not (before a verb)	*na- / ni 'not': *nath-an > Hal nathan > nath (H1,H2)	*na-	*nath-an	the turned stone (NOT)	!	canon	no, not
O1680	nath gemm		v	S	disagree ('do not meet')		a phrase: nath NEG(+N) + gemm N·meet	*na-, *kamm-	phrase	TRENN+door (49)	! @cemm	tier3	disagree
O1681	nath noss lo		v,phr	B	cannot: 'the doing is not at me'; (Y) cannot: 'is not at Y' (with a verbal noun)		a phrase: nath NEG(+N) + noss N·be + lo at(+S)	*na-, *doss-, *lo-	phrase		!	tier3	cannot
O1682	nathenth		adj	S	not wet; un-wet		na- 'un-' (+S) + thenth 'wet'	*thaʔnth-	na-thenth		letters: n.a.th.e.n.th	tier3-sys	
O1683	naunth		adj	B	not red; un-red		na- 'un-' (+S) + unth 'red'	*uʔnth-	na-unth	the turned stone + LORR+star (131)	!@unth	tier3-sys	
O1684	navaenal		adj	B	not brown; un-brown		na- 'un-' (+S) + vaenal 'brown'	*weinal-	na-vaenal		letters: n.a.v.a.e.n.a.l	tier3-sys	
O1685	navall		adj	B	unwelcome, unloved		na- 'un-' (+S) + vall 'love'	*waʔl-	na-vall	the turned stone + MOLT+turn (108)	!@vall	tier3	unwelcome
O1686	navallat		adj	B	unloved (un- + the participle)		na- 'un-' (+S) + vallat 'loved'	*waʔl-	na-vallat	the turned stone + MOLT+turn (108) + A t	!@vall+A.t	tier3-sys	
O1687	navammat		adj	B	unlost (un- + the participle)		na- 'un-' (+S) + mammat 'lost'	*maʔmm-	na-mammat	the turned stone + TUM+gap (129) + A t	!@mamm+A.t	tier3-sys	
O1688	navar		v	B	leave unguarded, betray a watch (na-, the reversative)		na- 'un-' (+S) + par 'guard, protect'	*par-	na-par	the turned stone + PAR (92)	!@par	tier3-sys	
O1689	navarard		n	B	one who leaves unguarded or betrays a watch		navar 'leave unguarded, betray a watch' + -Ard (agent)	*par-	navar+Ard		letters: n.a.v.a.r.A.r.d	tier3-sys	
O1690	navarat		adj	B	unguarded (un- + the participle)		na- 'un-' (+S) + parat 'guarded, protected'	*par-	na-parat	the turned stone + PAR (92) + A t	!@par+A.t	tier3-sys	
O1691	navarol		n	B	leaving unguarded; betraying a watch; the act of leaving unguarded		navar 'leave unguarded, betray a watch' + -Ol (verbal noun)	*par-	navar+Ol		letters: n.a.v.a.r.O.l	tier3-sys	
O1692	navaskat		adj	B	undug (un- + the participle)		na- 'un-' (+S) + paskat 'a ditch'	*paʔsk-	na-paskat	the turned stone + LODH+cut (297) + A t	!@pask+A.t	tier3-sys	
O1693	navelv		adj	S	not quiet; un-quiet		na- 'un-' (+S) + velv 'quiet'	*felf-	na-velv		letters: n.a.v.e.l.v	tier3-sys	
O1694	navemesset		adj	S	undefended (un- + the participle)		na- 'un-' (+S) + pemesset 'defended, warded off'	*pemess-	na-pemesset	the turned stone + PAR+wedge (95) + A t	!@pemess+A.t	tier3-sys	
O1695	naveness		adj	S	not holy; un-holy		na- 'un-' (+S) + peness 'holy, set apart'	*peness-	na-peness	the turned stone + LUMM+lone (254)	!@peness	tier3-sys	
O1696	navenn		adj	S	false, untrue; feigned; mistaken, wrong		na- 'un-' (+S) + venn 'true'	*weinn-	na-venn	the turned stone + VENN (264)	!@venn	tier3	false, feigned, mistake, wrong
O1697	navennyth		n	S	falsehood, untruth		navenn 'false, untrue' + -Oth (abstract)	*weinn-	navenn+Oth		letters: n.a.v.e.n.n.O.th	tier3-sys	
O1698	navesket		adj	S	unread		na- 'un-' (+S) + vesk 'see' + -At (participle)	*wesk-	na-vesk+At	the turned stone + VESK (229) + e t	!@vesk+e.t	tier3	unread
O1699	naveskul		v	B	curse ('unbless') (na-, the reversative)		na- 'un-' (+S) + peskul 'bless'	*paiskul-	na-peskul	the turned stone + GARL+lone (225)	!@peskul	tier3-sys	
O1700	naveskulard		n	B	one who curses		naveskul 'curse' + -Ard (agent)	*paiskul-	naveskul+Ard		letters: n.a.v.e.s.k.u.l.A.r.d	tier3-sys	
O1701	naveskulat		adj	B	unblessed (un- + the participle)		na- 'un-' (+S) + peskulat 'blessed'	*paiskul-	na-peskulat	the turned stone + GARL+lone (225) + A t	!@peskul+A.t	tier3-sys	
O1702	naveskulol		n	B	cursing; the act of cursing		naveskul 'curse' + -Ol (verbal noun)	*paiskul-	naveskul+Ol		letters: n.a.v.e.s.k.u.l.O.l	tier3-sys	
O1703	navesset		adj	S	unasked (un- + the participle)		na- 'un-' (+S) + pesset 'asked'	*pess-	na-pesset	the turned stone + BROD+gap (200) + A t	!@pess+A.t	tier3-sys	
O1704	navest		adj	S	not much; un-much		na- 'un-' (+S) + mest 'much, many'	*mest-	na-mest	the turned stone + VENN+three (276)	!@mest	tier3-sys	
O1705	navimm		adj	S	not low; un-low		na- 'un-' (+S) + vimm 'low'	*fiʔm-	na-vimm	the turned stone + BRUNN+still (326)	!@vimm	tier3-sys	
O1706	navodul		adj	B	not wise; un-wise		na- 'un-' (+S) + podul 'wise'	*podul-	na-podul		letters: n.a.v.o.d.u.l	tier3-sys	
O1707	navoll		v	B	unname, strike a name out (na-, the reversative)		na- 'un-' (+S) + voll 'a name'	*woll-	na-voll	the turned stone + BROD+lone (202)	!@voll	tier3-sys	
O1708	navollard		n	B	one who unnames or strikes a name out		navoll 'unname, strike a name out' + -Ard (agent)	*woll-	navoll+Ard		letters: n.a.v.o.l.l.A.r.d	tier3-sys	
O1709	navollat		adj	B	unnamed (un- + the participle)		na- 'un-' (+S) + vollat 'called by name, named'	*woll-	na-vollat	the turned stone + BROD+lone (202) + A t	!@voll+A.t	tier3-sys	
O1710	navollol		n	B	unnaming; striking a name out; the act of unnaming		navoll 'unname, strike a name out' + -Ol (verbal noun)	*woll-	navoll+Ol		letters: n.a.v.o.l.l.O.l	tier3-sys	
O1711	navondul		adj	B	not empty; un-empty		na- 'un-' (+S) + pondul 'empty'	*pondul-	na-pondul	the turned stone + LUNN+gap (259)	!@pondul	tier3-sys	
O1712	navothat		adj	B	untended		na- 'un-' (+S) + voth 'tend, care for' + -At (participle)	*faʔth-	na-voth+At	the turned stone + ODH+gap (72) + a t	!@voth+a.t	tier3	untended
O1713	navrumul		adj	B	not sad; un-sad		na- 'un-' (+S) + prumul 'sad, heavy of heart'	*prumul-	na-prumul	the turned stone + MOLT+drop (117)	!@prumul	tier3-sys	
O1714	navryssal		adj	B	not kind; un-kind		na- 'un-' (+S) + pryssal 'kind'	*preussal-	na-pryssal		letters: n.a.v.r.y.s.s.a.l	tier3-sys	
O1715	navynt		adj	S	not quick; un-quick		na- 'un-' (+S) + pynt 'quick'	*punt-	na-pynt		letters: n.a.v.y.n.t	tier3-sys	
O1716	navyst		adj	S	not grey; un-grey		na- 'un-' (+S) + myst 'sea-fog'	*mus-	na-myst	the turned stone + WADH+fade (302)	!@myst	tier3-sys	
O1717	nawaecar		adj	B	not well made; un-well made		na- 'un-' (+S) + baecar 'well made, well done'	*beikar-	na-baecar		letters: n.a.w.a.e.k.a.r	tier3-sys	
O1718	nawaeg		adj	S	not bright; un-bright		na- 'un-' (+S) + baeg 'bright'	*baig-	na-baeg	the turned stone + ORL+star (149)	!@baeg	tier3-sys	
O1719	nawell		adj	S	not gold; un-gold		na- 'un-' (+S) + bell 'gold, golden'	*bell-	na-bell	the turned stone + ORL+drop (142)	!@bell	tier3-sys	
O1720	nawemmet		adj	S	unlifted (un- + the participle)		na- 'un-' (+S) + bemmet 'lifted'	*beʔmm-	na-bemmet	the turned stone + PAR+lone (101) + A t	!@bemm+A.t	tier3-sys	
O1721	nawerd		adj	S	not brave; un-brave		na- 'un-' (+S) + berd 'brave, bold'	*berd-	na-berd		letters: n.a.w.e.r.d	tier3-sys	
O1722	nawesket		adj	S	unfound (un- + the participle)		na- 'un-' (+S) + wesket 'found'	*gweʔsk-	na-wesket	the turned stone + GARL+star (223) + A t	!@wesk+A.t	tier3-sys	
O1723	nawith		adj	S	not hot; un-hot		na- 'un-' (+S) + bith 'hot'	*bith-	na-bith	the turned stone + VORR+wedge (162)	!@bith	tier3-sys	
O1724	nawont		adj	B	not loud; un-loud		na- 'un-' (+S) + bont 'loud'	*boʔnt-	na-bont		letters: n.a.w.o.n.t	tier3-sys	
O1725	nawrid		adj	S	not cold; un-cold		na- 'un-' (+S) + brid 'cold'	*brid-	na-brid		letters: n.a.w.r.i.d	tier3-sys	
O1726	nawroc		adj	B	not dry; un-dry		na- 'un-' (+S) + broc 'dry'	*braʔk-	na-broc		letters: n.a.w.r.o.k	tier3-sys	
O1727	nawrodh		adj	B	mute, speechless		na- 'un-' (+S) + brodh 'put into words, tell, speak'	*bro-	na-brodh	the turned stone + BROD+course (198)	!@brodh	tier3	mute
O1728	nawrodhat		adj	B	untold	untold	canon formation: na- + brodhat (untold (b > w))		na-+brodhat	the turned stone + BROD+course (198) + A t	!@brodh+A.t	canon	untold
O1729	nawrodhoth		n	B	muteness, dumbness		nawrodh 'mute, speechless' + -Oth (abstract)	*bro-	nawrodh+Oth		letters: n.a.w.r.o.dh.O.th	tier3-sys	
O1730	nawutharat		adj	B	unanointed (un- + the participle)		na- 'un-' (+S) + butharat 'anointed'	*buthar-	na-butharat	the turned stone + LORR+cope (134) + A t	!@buthar+A.t	tier3-sys	
O1731	nawynt		adj	S	not narrow; un-narrow		na- 'un-' (+S) + bynt 'narrow'	*beunt-	na-bynt		letters: n.a.w.y.n.t	tier3-sys	
O1732	nawysk		v	S	untie, undo a knot (na-, the reversative)		na- 'un-' (+S) + bysk 'tie, knot fast'	*buʔsk-	na-bysk	the turned stone + TOVV+cup (170)	!@bysk	tier3-sys	
O1733	nawyskerd		n	S	one who unties or undoes a knot		nawysk 'untie, undo a knot' + -Ard (agent)	*buʔsk-	nawysk+Ard		letters: n.a.w.y.s.k.A.r.d	tier3-sys	
O1734	nawysket		adj	S	untied (un- + the participle)		na- 'un-' (+S) + bysket 'a knot'	*buʔsk-	na-bysket	the turned stone + TOVV+cup (170) + A t	!@bysk+A.t	tier3-sys	
O1735	nawyskyl		n	S	untying; undoing a knot; the act of untying		nawysk 'untie, undo a knot' + -Ol (verbal noun)	*buʔsk-	nawysk+Ol		letters: n.a.w.y.s.k.O.l	tier3-sys	
O1736	nayalat		pron	B	nothing ('un-thing')		na- 'un-' (+S) + gal 'was' + -At (participle)	*gal-	na-gal+At		letters: n.a.y.a.l.A.t	tier3	nothing
O1737	nayald		v	B	(v.) destroy	(v.) destroy	canon formation: na- + gald (na- + S gald (g > y))		na-+gald	the turned stone + HALD+course (24)	!@gald	canon	destroy
O1738	nayaldard		n	B	one who destroys		nayald 'destroy' + -Ard (agent)		nayald+Ard		letters: n.a.y.a.l.d.A.r.d	tier3-sys	
O1739	nayaldat		adj	B	unbuilt (un- + the participle)		na- 'un-' (+S) + galdat 'a building, a work'	*gal-	na-galdat	the turned stone + HALD+course (24) + A t	!@gald+A.t	tier3-sys	
O1740	nayaldol		n	B	destroying; the act of destroying		nayald 'destroy' + -Ol (verbal noun)		nayald+Ol		letters: n.a.y.a.l.d.O.l	tier3-sys	
O1741	nayand		adj	B	not sharp; un-sharp		na- 'un-' (+S) + gand 'sharp'	*gaʔnd-	na-gand		letters: n.a.y.a.n.d	tier3-sys	
O1742	nayask		adj	B	not broken; un-broken		na- 'un-' (+S) + gask 'broken'	*gaʔsk-	na-gask	the turned stone + CRESK+still (88)	!@gask	tier3-sys	
O1743	nayell		adj	S	not good; un-good		na- 'un-' (+S) + gell 'good'	*gell-	na-gell	the turned stone + VENN+still (267)	!@gell	tier3-sys	
O1744	nayennar		adj	B	not foolish; un-foolish		na- 'un-' (+S) + gennar 'foolish'	*gennar-	na-gennar		letters: n.a.y.e.n.n.a.r	tier3-sys	
O1745	nayesk		adj	S	not strong; un-strong		na- 'un-' (+S) + gesk 'strong'	*gesk-	na-gesk	the turned stone + PAR+star (103)	!@gesk	tier3-sys	
O1746	nayess		adv	S	might: nayess 'perhaps', or the 'at' idiom; perhaps ('unsure')		na- 'un-' (+S) + gess 'sure'	*geʔs-	na-gess	the turned stone + VENN+star (273)	!@gess	tier3	might, perhaps
O1747	nayessyth		n	S	doubt, uncertainty		nayess 'might' + -Oth (abstract)	*geʔs-	nayess+Oth		letters: n.a.y.e.s.s.O.th	tier3-sys	
O1748	nayostat		adj	B	unfelled (un- + the participle)		na- 'un-' (+S) + gostat 'felled a tree'	*goʔst-	na-gostat	the turned stone + MESK+fade (189) + A t	!@gost+A.t	tier3-sys	
O1749	nayunn		adj	B	not deep; un-deep		na- 'un-' (+S) + gunn 'deep'	*gunn-	na-gunn	the turned stone + LODH+fade (294)	!@gunn	tier3-sys	
O1750	nayyst		v	S	climb down (na-, the reversative)		na- 'un-' (+S) + gyst 'climb'	*gust-	na-gyst	the turned stone + KYL+lone (283)	!@gyst	tier3-sys	
O1751	nayysterd		n	S	one who climbs down		nayyst 'climb down' + -Ard (agent)	*gust-	nayyst+Ard		letters: n.a.y.y.s.t.A.r.d	tier3-sys	
O1752	nayystet		adj	S	climbed down (the participle)		nayyst 'climb down' + -At (participle)	*gust-	nayyst+At		letters: n.a.y.y.s.t.A.t	tier3-sys	
O1753	nayystyl		n	S	climbing down; the act of climbing down		nayyst 'climb down' + -Ol (verbal noun)	*gust-	nayyst+Ol		letters: n.a.y.y.s.t.O.l	tier3-sys	
O1754	Neivaere		loan	S	Neivaere, the Silvered		a Mystaeri word, borrowed by sound (orrowen_v2 §6.14 D7: loan words and Mystaeri names are spelled by sound, the knock as a wedge inside the word)	(Seilrhass)	loan		n.e.i.v.a.e.r.e	tier3	Neivaere
O1755	nel		v	S	is not (the copula, negative); is · was · is not · was not (the copula)	is not (the copula, negative); is · was · is not · was not (the copula)	canon formation: na + el (is not: the Hal's contraction)		na+el	the turned stone (NOT)	!	canon	
O1756	nell	nellis	n	S	an islet	an islet	*nall- 'a small land in water': *nall-i-s > Hal nellis > nell (O3,H2)	*nall-	*nall-i-s	WADH+lone (306)	@nell	canon	
O1757	nellan		n	B	an archipelago; the islanders		nell 'an islet' + -an (collective, 'the folk of')	*nall-	nell+an	WADH+lone (306) + a n	@nell+a.n	tier3-sys	
O1758	nelldhavow		n	B	an island harbour		nell 'an islet' + S tavow 'a harbour, a landing' (compound: the head softened, §3.10)	*nall-, *taf-	nell^tavow		letters: n.e.l.l.dh.a.v.o.w	tier3	
O1759	nellel		n	S	a small islet; a single islet		nell 'an islet' + -el (singulative, 'little')	*nall-	nell+el	WADH+lone (306) + e l	@nell+e.l	tier3-sys	
O1760	nellen		adj	S	of islets; islet-like		nell 'an islet' + -en ('of, belonging to')	*nall-	nell+en	WADH+lone (306) + e n	@nell+e.n	tier3-sys	
O1761	nelter	neltēros	n	S	a vault, an arched room below	a vault, an arched room below	*neilteir- 'a vault, an arched room below' (reserve, ancestor §3.3): Hal neltēros > nelter	*neilteir-	*neilteir-	HALD+cup (33)	@nelter	reserve	vault
O1762	nelterel		n	S	a small vault; a single vault		nelter 'a vault, an arched room below' + -el (singulative, 'little')	*neilteir-	nelter+el	HALD+cup (33) + e l	@nelter+e.l	tier3-sys	
O1763	nelteren		adj	S	of vaults; vault-like		nelter 'a vault, an arched room below' + -en ('of, belonging to')	*neilteir-	nelter+en	HALD+cup (33) + e n	@nelter+e.n	tier3-sys	
O1764	neltervard		n	B	a vault-keeper		nelter 'a vault, an arched room below' + S pard 'a warden, a keeper' (compound: the head softened, §3.10)	*neilteir-, *par-	nelter^pard		letters: n.e.l.t.e.r.v.a.r.d	tier3	
O1765	nelteryebb		n	S	a vault-door		nelter 'a vault, an arched room below' + S gebb 'a door' (compound: the head softened, §3.10)	*neilteir-, *gebb-	nelter^gebb	HALD+cup (33) · HALD+gap (23)	@nelter@gebb	tier3	
O1766	nemm	nemmis	n	S	a girl	a girl	*neʔm- 'a girl' (reserve, ancestor §3.3): Hal nemmis > nemm	*neʔm-	*neʔm-		letters: n.e.m.m	reserve	
O1767	nemman		n	B	the girls		nemm 'a girl' + -an (collective, 'the folk of')	*neʔm-	nemm+an		letters: n.e.m.m.a.n	tier3-sys	
O1768	nemmel		n	S	little girl, dear girl		nemm 'a girl' + -el (singulative, 'little')	*neʔm-	nemm+el		letters: n.e.m.m.e.l	tier3-sys	
O1769	nemmsodh		n	B	a girls' game		nemm 'a girl' + S sodh 'play' (compound: the head softened, §3.10)	*neʔm-, *saʔdh-	nemm^sodh		letters: n.e.m.m.s.o.dh	tier3	
O1770	nend	nendos	v	S	watch, keep watch	watch, keep watch	*neʔnd- 'watch, keep watch' (reserve, ancestor §3.3): Hal nendos > nend	*neʔnd-	*neʔnd-	TOVV+star (169)	@nend	reserve	watch
O1771	nenderd		n	S	an overseer, a watcher; one who watches or keeps watch		nend 'watch, keep watch' + -Ard (agent)	*neʔnd-	nend+Ard	TOVV+star (169) + A r d	@nend+A.r.d	tier3	overseer
O1772	nendet		adj	S	watched, kept watch (the participle)		nend 'watch, keep watch' + -At (participle)	*neʔnd-	nend+At	TOVV+star (169) + A t	@nend+A.t	tier3-sys	
O1773	nendow		n	B	a watch-post, a lookout		nend 'watch, keep watch' + -ow (place)	*neʔnd-	nend+ow	TOVV+star (169) + o w	@nend+o.w	tier3-sys	
O1774	nendyl		n	S	watching; keeping watch; the act of watching		nend 'watch, keep watch' + -Ol (verbal noun)	*neʔnd-	nend+Ol	TOVV+star (169) + O l	@nend+O.l	tier3-sys	
O1775	nenth	nenthos	n	S	a valley	a valley	*nenth- 'a valley' (reserve, ancestor §3.3): Hal nenthos > nenth	*nenth-	*nenth-	BRUNN+cup (324)	@nenth	reserve	
O1776	nenthel		n	S	a small valley; a single valley		nenth 'a valley' + -el (singulative, 'little')	*nenth-	nenth+el	BRUNN+cup (324) + e l	@nenth+e.l	tier3-sys	
O1777	nenthen		adj	S	of valleys; valley-like		nenth 'a valley' + -en ('of, belonging to')	*nenth-	nenth+en	BRUNN+cup (324) + e n	@nenth+e.n	tier3-sys	
O1778	nenthow		n	B	a vale-land		nenth 'a valley' + -ow (place)	*nenth-	nenth+ow	BRUNN+cup (324) + o w	@nenth+o.w	tier3-sys	
O1779	nerdess	nerdessos	n	S	a storm at sea	a storm at sea	*nerdeiss- 'a storm at sea' (reserve, ancestor §3.3): Hal nerdessos > nerdess	*nerdeiss-	*nerdeiss-	WADH+fork (312)	@nerdess	reserve	storm
O1780	nerdesshenth		n	S	a storm-cloud		nerdess 'a storm at sea' + S henth 'a cloud' (compound: the head softened, §3.10)	*nerdeiss-, *heʔnth-	nerdess^henth	WADH+fork (312) · BRUNN+zig (327)	@nerdess@henth	tier3	
O1781	nesk	neskos	v	S	lead	lead	*neʔsk- 'lead' (reserve, ancestor §3.3): Hal neskos > nesk	*neʔsk-	*neʔsk-	TRENN+rim (53)	@nesk	reserve	lead
O1782	neskerd		n	S	a leader; one who leads		nesk 'lead' + -Ard (agent)	*neʔsk-	nesk+Ard	TRENN+rim (53) + A r d	@nesk+A.r.d	tier3	leader
O1783	nesket		adj	S	led (the participle)		nesk 'lead' + -At (participle)	*neʔsk-	nesk+At	TRENN+rim (53) + A t	@nesk+A.t	tier3-sys	
O1784	neskyl		n	S	leading; the act of leading		nesk 'lead' + -Ol (verbal noun)	*neʔsk-	nesk+Ol	TRENN+rim (53) + O l	@nesk+O.l	tier3-sys	
O1785	nestorn	nestornos	adj	B	humble, low-set	humble, low-set	*naistorn- 'humble, low-set' (reserve, ancestor §3.3): Hal nestornos > nestorn	*naistorn-	*naistorn-	LUMM+still (257)	@nestorn	reserve	humble
O1786	nestornan		n	B	the humble		nestorn 'humble, low-set' + -an (collective, 'the folk of')	*naistorn-	nestorn+an	LUMM+still (257) + a n	@nestorn+a.n	tier3-sys	
O1787	nestornard		n	B	a humble one		nestorn 'humble, low-set' + -Ard (agent)	*naistorn-	nestorn+Ard	LUMM+still (257) + A r d	@nestorn+A.r.d	tier3-sys	
O1788	nestornoth		n	B	humility; humbleness; the quality of being humble		nestorn 'humble, low-set' + -Oth (abstract)	*naistorn-	nestorn+Oth	LUMM+still (257) + O th	@nestorn+O.th	tier3	humility
O1789	nestull	nestullos	n	B	an oar	an oar	*nestull- 'an oar' (reserve, ancestor §3.3): Hal nestullos > nestull	*nestull-	*nestull-	SCETH+cut (179)	@nestull	reserve	
O1790	nestullard		n	B	an oarsman ('the one of the oar')		nestull 'an oar' + -Ard (agent)	*nestull-	nestull+Ard	SCETH+cut (179) + A r d	@nestull+A.r.d	tier3-sys	
O1791	nestullel		n	S	a small oar; a single oar		nestull 'an oar' + -el (singulative, 'little')	*nestull-	nestull+el	SCETH+cut (179) + e l	@nestull+e.l	tier3-sys	
O1792	nestullen		adj	S	of oars; oar-like		nestull 'an oar' + -en ('of, belonging to')	*nestull-	nestull+en	SCETH+cut (179) + e n	@nestull+e.n	tier3-sys	
O1793	nestullow		n	B	an oar-store		nestull 'an oar' + -ow (place)	*nestull-	nestull+ow	SCETH+cut (179) + o w	@nestull+o.w	tier3-sys	
O1794	nethil	nethilos	v,n	S	pay; a payment; earn, pay for	pay; a payment	*nethil- 'pay' (reserve, ancestor §3.3): Hal nethilos > nethil	*nethil-	*nethil-		letters: n.e.th.i.l	reserve	earn, pay
O1795	nethilerd		n	S	one who pays		nethil 'pay' + -Ard (agent)	*nethil-	nethil+Ard		letters: n.e.th.i.l.A.r.d	tier3-sys	
O1796	nethilet		adj	S	paid (the participle)		nethil 'pay' + -At (participle)	*nethil-	nethil+At		letters: n.e.th.i.l.A.t	tier3-sys	
O1797	nethilyl		n	S	paying; the act of paying		nethil 'pay' + -Ol (verbal noun)	*nethil-	nethil+Ol		letters: n.e.th.i.l.O.l	tier3-sys	
O1798	new		v	S	was not (the copula, negative, past); is · was · is not · was not (the copula)	was not (the copula, negative, past); is · was · is not · was not (the copula)	canon formation: na + ew (was not)		na+ew	the turned stone (NOT)	!	canon	
O1799	niltenn	niltennis	n	S	a plan, a counsel	a plan, a counsel	*niltenn- 'a plan, a counsel' (reserve, ancestor §3.3): Hal niltennis > niltenn	*niltenn-	*niltenn-	BROD+rim (210)	@niltenn	reserve	counsel, plan
O1800	nind	nindis	n	S	a finger	a finger	*niʔnd- 'a finger' (reserve, ancestor §3.3): Hal nindis > nind	*niʔnd-	*niʔnd-		letters: n.i.n.d	reserve	finger
O1801	nindel		n	S	a small finger; a single finger		nind 'a finger' + -el (singulative, 'little')	*niʔnd-	nind+el		letters: n.i.n.d.e.l	tier3-sys	
O1802	ninden		adj	S	of fingers; finger-like		nind 'a finger' + -en ('of, belonging to')	*niʔnd-	nind+en		letters: n.i.n.d.e.n	tier3-sys	
O1803	niss	nissos	adj,adv	S	slow; slowly	slow	*niʔs- 'slow' (reserve, ancestor §3.3): Hal nissos > niss	*niʔs-	*niʔs-	TOVV+three (172)	@niss	reserve	slow, slowly
O1804	nissel		adj	S	slowish		niss 'slow' + -el (singulative, 'little')	*niʔs-	niss+el	TOVV+three (172) + e l	@niss+e.l	tier3-sys	
O1805	nisserd		n	S	a laggard, a slow one		niss 'slow' + -Ard (agent)	*niʔs-	niss+Ard	TOVV+three (172) + A r d	@niss+A.r.d	tier3-sys	
O1806	nissyth		n	S	slowness; the quality of being slow		niss 'slow' + -Oth (abstract)	*niʔs-	niss+Oth	TOVV+three (172) + O th	@niss+O.th	tier3-sys	
O1807	noss		v	B	(after nath/es) be, 3SG	(after nath/es) be, 3SG	the state verb doss (§3.4): nasalised (after nath, es): 3SG	*doss-	doss+3SG		left out (a mortar word, D2)	canon	
O1808	nossa		v	B	(after nath/es) be, 3DU	(after nath/es) be, 3DU	the state verb doss (§3.4): nasalised (after nath, es): 3DU	*doss-	doss+3DU		letters: n.o.s.s.a	canon	
O1809	nossan		v	B	(after nath/es) be, 1DU	(after nath/es) be, 1DU	the state verb doss (§3.4): nasalised (after nath, es): 1DU	*doss-	doss+1DU		letters: n.o.s.s.a.n	canon	
O1810	nossant		v	B	(after nath/es) be, 3PL	(after nath/es) be, 3PL	the state verb doss (§3.4): nasalised (after nath, es): 3PL	*doss-	doss+3PL		letters: n.o.s.s.a.n.t	canon	
O1811	nossar		v	B	(after nath/es) be, 1PL	(after nath/es) be, 1PL	the state verb doss (§3.4): nasalised (after nath, es): 1PL	*doss-	doss+1PL		letters: n.o.s.s.a.r	canon	
O1812	nossith		v	S	(after nath/es) be, 2SG	(after nath/es) be, 2SG	the state verb doss (§3.4): nasalised (after nath, es): 2SG	*doss-	doss+2SG		letters: n.o.s.s.i.th	canon	
O1813	nossom		v	B	(after nath/es) be, 1SG	(after nath/es) be, 1SG	the state verb doss (§3.4): nasalised (after nath, es): 1SG	*doss-	doss+1SG		letters: n.o.s.s.o.m	canon	
O1814	nossos		v	B	(after nath/es) be, 2PL	(after nath/es) be, 2PL	the state verb doss (§3.4): nasalised (after nath, es): 2PL	*doss-	doss+2PL		letters: n.o.s.s.o.s	canon	
O1815	noth	nothos	num	B	ten	ten	*noθ- 'ten': *noth-o-s > Hal nothos > noth (H2)	*noθ-	*noth-o-s		%n	canon	ten
O1816	noth murr		num	B	two hundred (ten twenties)		the numbers count in twenties (§5.11): two hundred (ten twenties)		phrase		%nm	tier3-sys	
O1817	nothast		num	B	tenth; tenth (the ordinal)		noth 'ten' + -Ast (ordinal)	*noθ-	noth+Ast		letters: n.o.th.A.s.t	tier3	tenth
O1818	nuless	nulessos	n	S	a die for casting lots; dice	a die for casting lots	*nuleiss- 'a die for casting lots' (reserve, ancestor §3.3): Hal nulessos > nuless	*nuleiss-	*nuleiss-		letters: n.u.l.e.s.s	reserve	dice
O1819	nulessel		n	S	a small die for casting lots; a single die for casting lots		nuless 'a die for casting lots' + -el (singulative, 'little')	*nuleiss-	nuless+el		letters: n.u.l.e.s.s.e.l	tier3-sys	
O1820	nulessen		adj	S	of die for casting lotses; die for casting lots-like		nuless 'a die for casting lots' + -en ('of, belonging to')	*nuleiss-	nuless+en		letters: n.u.l.e.s.s.e.n	tier3-sys	
O1821	nulesshrynir		n	S	a dice-board		nuless 'a die for casting lots' + S crynir 'a plank' (compound: the head softened, §3.10)	*nuleiss-, *kreunir-	nuless^crynir		letters: n.u.l.e.s.s.h.r.y.n.i.r	tier3	dice-boards
O1822	nulessow		n	B	a gaming-room, a dicing-place		nuless 'a die for casting lots' + -ow (place)	*nuleiss-	nuless+ow		letters: n.u.l.e.s.s.o.w	tier3-sys	
O1823	nunth	nunthos	n	B	a cup; a butt, a vessel for water	a cup	*nuʔnth- 'a cup' (reserve, ancestor §3.3): Hal nunthos > nunth	*nuʔnth-	*nuʔnth-	ODH+cup (69)	@nunth	reserve	butt, cup
O1824	nunth helvnynth		n	S	a rain-butt		a phrase: nunth cup + helvnynth rain	*nuʔnth-, *half-, *naunth-	phrase	ODH+cup (69)	@nunth letters: h.e.l.v.n.y.n.th	tier3	rain-butt
O1825	nunthel		n	S	a small cup; a single cup		nunth 'a cup' + -el (singulative, 'little')	*nuʔnth-	nunth+el	ODH+cup (69) + e l	@nunth+e.l	tier3-sys	
O1826	nunthen		adj	S	of cups; cup-like		nunth 'a cup' + -en ('of, belonging to')	*nuʔnth-	nunth+en	ODH+cup (69) + e n	@nunth+e.n	tier3-sys	
O1827	nunthow		n	B	a buttery, a place of cups		nunth 'a cup' + -ow (place)	*nuʔnth-	nunth+ow	ODH+cup (69) + o w	@nunth+o.w	tier3-sys	
O1828	nycul	niuculos	n,v	B	a lie; to lie; deceit; lie (tell a lie); pretend	a lie; to lie	*neukul- 'a lie' (reserve, ancestor §3.3): Hal niuculos > nycul	*neukul-	*neukul-	CRESK+zig (83)	@nycul	reserve	deceit, lie, pretend
O1829	nyculard		n	B	a liar; one who lies		nycul 'a lie' + -Ard (agent)	*neukul-	nycul+Ard	CRESK+zig (83) + A r d	@nycul+A.r.d	tier3	liar
O1830	nyculat		adj	B	lain (the participle)		nycul 'a lie' + -At (participle)	*neukul-	nycul+At	CRESK+zig (83) + A t	@nycul+A.t	tier3-sys	
O1831	nyculol		n	B	lying; the act of lying		nycul 'a lie' + -Ol (verbal noun)	*neukul-	nycul+Ol	CRESK+zig (83) + O l	@nycul+O.l	tier3-sys	
O1832	nydh	nydhis	v	S	(v.) count; measure, reckon; weigh, reckon	(v.) count	*nuð- 'count': *nudh-i-s > Hal nydhis > nydh (O3,H2)	*nuð-	*nudh-i-s	GARL+notch (220)	@nydh	canon	count, measure, reckon, weigh
O1833	nydhdholm		n	B	a tally-stone, a counting-stone		nydh 'count' + S tolm 'a stone' (compound: the head softened, §3.10)	*nuð-, *tol-	nydh^tolm	GARL+notch (220) · TOLM (1)	@nydh@tolm	tier3	
O1834	nydherd		n	S	a counter: Kael Nydherd; one who counts	a counter: Kael Nydherd	canon formation: nydh + -ard (a counter: Kael Nydherd)		nydh+-ard	GARL+notch (220) + A r d	@nydh+A.r.d	canon	counter
O1835	nydhet		n,adj	S	a number ('a counted thing'); counted (the participle)		nydh 'count' + -At (participle)	*nuð-	nydh+At	GARL+notch (220) + A t	@nydh+A.t	tier3	number
O1836	nydhow		n	B	a counting-house		nydh 'count' + -ow (place)	*nuð-	nydh+ow	GARL+notch (220) + o w	@nydh+o.w	tier3-sys	
O1837	nydhyl		n	S	a catalogue, a list; the contents, a list; a reckoning; a sounding (a reckoning of the water); counting; the act of counting		nydh 'count' + -Ol (verbal noun)	*nuð-	nydh+Ol	GARL+notch (220) + O l	@nydh+O.l	tier3	catalogue, contents, list, reckoning, sounding
O1838	nydhyl havul		n	B	a cargo-list		a phrase: nydhyl catalogue + havul pack	*nuð-, *xaful-	phrase	GARL+notch (220) + O l · PAR+cup (100)	@nydh+O.l @havul	tier3	cargo-list
O1839	nynth	nynthis	n	S	a spring, a well; a spring (of water); water	a spring, a well	*naunth- 'a spring, a well' (reserve, ancestor §3.3): Hal nynthis > nynth	*naunth-	*naunth-		letters: n.y.n.th	reserve	spring, water
O1840	nynthan		n	B	the springs, the wells of a place		nynth 'a spring, a well' + -an (collective, 'the folk of')	*naunth-	nynth+an		letters: n.y.n.th.a.n	tier3-sys	
O1841	nynthen		adj	S	watery		nynth 'a spring, a well' + -en ('of, belonging to')	*naunth-	nynth+en		letters: n.y.n.th.e.n	tier3-sys	
O1842	nynthow		n	B	a spring-head, a watering-place		nynth 'a spring, a well' + -ow (place)	*naunth-	nynth+ow		letters: n.y.n.th.o.w	tier3-sys	
O1843	nyrul	niurulis	n	B	a cellar	a cellar	*neurul- 'a cellar' (reserve, ancestor §3.3): Hal niurulis > nyrul	*neurul-	*neurul-		letters: n.y.r.u.l	reserve	cellar
O1844	nyrulel		n	S	a small cellar; a single cellar		nyrul 'a cellar' + -el (singulative, 'little')	*neurul-	nyrul+el		letters: n.y.r.u.l.e.l	tier3-sys	
O1845	nyrulen		adj	S	of cellars; cellar-like		nyrul 'a cellar' + -en ('of, belonging to')	*neurul-	nyrul+en		letters: n.y.r.u.l.e.n	tier3-sys	
O1846	nyssir	niussiris	v	S	prune, cut back to help grow	prune, cut back to help grow	*neussir- 'prune, cut back to help grow' (reserve, ancestor §3.3): Hal niussiris > nyssir	*neussir-	*neussir-		letters: n.y.s.s.i.r	reserve	
O1847	nyssirerd		n	S	one who prunes or cuts back to help grow		nyssir 'prune, cut back to help grow' + -Ard (agent)	*neussir-	nyssir+Ard		letters: n.y.s.s.i.r.A.r.d	tier3-sys	
O1848	nyssiret		adj	S	pruned, cut back to help grow (the participle)		nyssir 'prune, cut back to help grow' + -At (participle)	*neussir-	nyssir+At		letters: n.y.s.s.i.r.A.t	tier3-sys	
O1849	nyssiryl		n	S	pruning; cutting back to help grow; the act of pruning		nyssir 'prune, cut back to help grow' + -Ol (verbal noun)	*neussir-	nyssir+Ol		letters: n.y.s.s.i.r.O.l	tier3-sys	
O1850	o	oa	pron	B	he, it; his, its (+S); he, it/his, its	he, it; his, its (+S); he, it/his, its	*o- 'he, it': *o-a > Hal oa > o (H2)	*o-	*o-a		left out (a mortar word, D2)	canon	he, it
O1851	odh	odhos	n	B	a hearth	a hearth	*oð- 'the rim where one stops and gathers': *odh-o-s > Hal odhos > odh (H2)	*oð-	*odh-o-s	ODH (57)	@odh	canon	hearth
O1852	Odh Sell		n,name	S	the Long Hearth	the Long Hearth	canon formation: odh + sell (the Long Hearth)		odh+sell	ODH (57) · VENN+course (268)	@odh @sell	canon	
O1853	odha	odhā	n	B	a mother ('she of the hearth'); a mother	a mother ('she of the hearth'); a mother	*oð- 'the rim where one stops and gathers': *odh-aʔ > Hal odhā > odha (O1,H3)	*oð-	*odh-aʔ		letters: o.dh.a	canon	mother
O1854	odhan		n	B	the mothers		odha 'a mother' + -an (collective, 'the folk of')	*oð-	odha+an		letters: o.dh.a.n	tier3-sys	
O1855	odhard		n	B	a host (one who keeps a hearth for a guest); a host, a keeper of the hearth ('the one of the hearth')		odh 'a hearth' + -Ard (agent)	*oð-	odh+Ard	ODH (57) + A r d	@odh+A.r.d	tier3	host
O1856	odhdholm		n	B	a hearth-stone		odh 'a hearth' + S tolm 'a stone' (compound: the head softened, §3.10)	*oð-, *tol-	odh^tolm	ODH (57) · TOLM (1)	@odh@tolm	tier3	
O1857	odhdhrenn		n	S	a hearth-tale, a tale laid at the hearth		odh 'a hearth' + S trenn 'a course of stones' (compound: the head softened, §3.10)	*oð-, *trenn-	odh^trenn	ODH (57) · TRENN (39)	@odh@trenn	tier3	
O1858	odhel		n	S	a small hearth; a single hearth		odh 'a hearth' + -el (singulative, 'little')	*oð-	odh+el	ODH (57) + e l	@odh+e.l	tier3-sys	
O1859	odhen		adj	S	of hearths; hearth-like		odh 'a hearth' + -en ('of, belonging to')	*oð-	odh+en	ODH (57) + e n	@odh+e.n	tier3-sys	
O1860	odhoth		n	B	motherhood		odha 'a mother' + -Oth (abstract)	*oð-	odha+Oth		letters: o.dh.O.th	tier3-sys	
O1861	odhvard		n	B	a hearth-keeper		odh 'a hearth' + S pard 'a warden, a keeper' (compound: the head softened, §3.10)	*oð-, *par-	odh^pard		letters: o.dh.v.a.r.d	tier3	
O1862	odhvorr		n	B	the hearth-fire		odh 'a hearth' + S vorr 'fire' (compound: the head softened, §3.10)	*oð-, *forr-	odh^vorr	ODH (57) · VORR (153)	@odh@vorr	tier3	
O1863	ol	olon	pron	B	we; our (+N); we/our	we; our (+N); we/our	*ol 'together, one with another': *ol-on > Hal olon > ol (H1,H2)	*ol	*ol-on		left out (a mortar word, D2)	canon	we
O1864	olen		adv,adj	S	together; united, together		ol 'we' + -en ('of, belonging to')	*ol	ol+en		letters: o.l.e.n	tier3	together, united
O1865	olna	olnā	pron	B	we two (+S); we two	we two (+S); we two	*ol 'together, one with another': *ol-naʔ > Hal olnā > olna (O1,H3)	*ol	*ol-naʔ		left out (a mortar word, D2)	canon	
O1866	omm	ommos	v	B	fall; collapse; fail; falter; tumble	fall	*omm- 'drop': *omm-o-s > Hal ommos > omm (H2)	*omm-	*omm-o-s	KYL+rim (280)	@omm	canon	collapse, fail, fall, falter, tumble
O1867	ommard		n	B	one who falls		omm 'fall' + -Ard (agent)	*omm-	omm+Ard	KYL+rim (280) + A r d	@omm+A.r.d	tier3-sys	
O1868	ommat		adj	B	fallen (the participle)		omm 'fall' + -At (participle)	*omm-	omm+At	KYL+rim (280) + A t	@omm+A.t	tier3-sys	
O1869	ommol		n	B	falling; the act of falling; (a name, et Ommol) the Fall: the fall of the Shorelands, and of the havens		omm 'fall' + -Ol (verbal noun) [wf8: the sense '(a name, et Ommol) the Fall' added by units S04, S08, S11]	*omm-	omm+Ol	KYL+rim (280) + O l	@omm+O.l	tier3-sys	fall
O1870	orl	orlos	n	B	a day	a day	*orl- 'the light of one day': *orl-o-s > Hal orlos > orl (H2)	*orl-	*orl-o-s	ORL (136)	@orl	canon	day
O1871	orlath		n	B	days, a lifetime (a plural with a sense of its own)		orl 'a day' + -Ath (plural)	*orl-	orl+Ath	ORL (136) + A th	@orl+A.th	tier3-sys	
O1872	orlen		adj	S	daily, of the day		orl 'a day' + -en ('of, belonging to')	*orl-	orl+en	ORL (136) + e n	@orl+e.n	tier3-sys	
O1873	orlrask		n	B	nightfall, the day's end		orl 'a day' + S dask 'the end' (compound: the head softened, §3.10)	*orl-, *dask-	orl^dask	ORL (136) · TRENN+cope (44)	@orl@dask	tier3	
O1874	orr	orros	v	B	go, walk; pass	go, walk	*orr- 'go along': *orr-o-s > Hal orros > orr (H2)	*orr-	*orr-o-s	TRENN+course (40)	@orr	canon	go, pass, walk
O1875	orr hy		v	S	leave, go from		a phrase: orr go + hy from(+S)	*orr-, *xui	phrase	TRENN+course (40)	@orr	tier3	leave
O1876	orrard		n	B	a traveller; one who goes or walks		orr 'go, walk' + -Ard (agent)	*orr-	orr+Ard	TRENN+course (40) + A r d	@orr+A.r.d	tier3	traveller
O1877	orrat		adj	B	gone, walked (the participle)		orr 'go, walk' + -At (participle)	*orr-	orr+At	TRENN+course (40) + A t	@orr+A.t	tier3-sys	
O1878	orrol		n	B	a going; a manner, a way; a road ('a going'); going; walking; the act of going		orr 'go, walk' + -Ol (verbal noun)	*orr-	orr+Ol	TRENN+course (40) + O l	@orr+O.l	tier3	going, manner, road, way
O1879	orrol dem vimm		n	S	the going-down		a phrase: orrol going + dem until(+N) + vimm low	*orr-, *dem-, *fiʔm-	phrase	TRENN+course (40) + O l · BRUNN+still (326)	@orr+O.l @vimm	tier3	going-down
O1880	Orrow	orrū	n,name	B	the Shore; the Shorelands; a coast	the Shore; the Shorelands	*orr- 'go along': *orr-uʔ > Hal orrū > orrow (O1,H3)	*orr-	*orr-uʔ	WADH+rim (310)	@orrow	canon	coast, shore, shoreland
O1881	Orrowan		name	B	the Shorelanders	the Shorelanders	canon formation: orrow + -an (the shore-folk)		orrow+-an		o.r.r.o.w.a.n	canon	Shorelanders
O1882	orrowdhrenn		n	S	the shoreline		Orrow 'the Shore' + S trenn 'a course of stones' (compound: the head softened, §3.10)	*orr-, *trenn-	orrow^trenn	WADH+rim (310) · TRENN (39)	@orrow@trenn	tier3	
O1883	Orrowen		name	S	the Shoreland tongue	the Shoreland tongue	canon formation: orrow + -en ('of the Shore')		orrow+-en		o.r.r.o.w.e.n	canon	
O1884	Orrowen Hal		name	B	the Hal, the old register ('the bedrock speech')	the Hal, the old register ('the bedrock speech')	canon (orrowen_v2): Orrowen Orrowen + Hal bedrock	*xal-	phrase	TOLM+course (12)	o.r.r.o.w.e.n @hal	canon	
O1885	orrowlunt		n	B	the shore-people		Orrow 'the Shore' + S lunt 'a people, a nation' (compound: the head softened, §3.10)	*orr-, *lunt-	orrow^lunt	WADH+rim (310) · ULD+three (241)	@orrow@lunt	tier3	
O1886	osk	oskos	v,n	B	trust (v. and n.); (v.) trust	trust (v. and n.); (v.) trust	*osk- 'rest one's weight on': *osk-o-s > Hal oskos > osk (H2)	*osk-	*osk-o-s	PAR+still (94)	@osk	canon	trust
O1887	oskard		n	B	one who trusts		osk 'trust' + -Ard (agent)	*osk-	osk+Ard	PAR+still (94) + A r d	@osk+A.r.d	tier3-sys	
O1888	oskat		adj	B	trusted (the participle)		osk 'trust' + -At (participle)	*osk-	osk+At	PAR+still (94) + A t	@osk+A.t	tier3-sys	
O1889	oskol		n	B	trusting; the act of trusting		osk 'trust' + -Ol (verbal noun)	*osk-	osk+Ol	PAR+still (94) + O l	@osk+O.l	tier3-sys	
O1890	oskryt		n	S	a trust-vow		osk 'trust' + S ryt 'a cut vow, an oath' (compound: the head softened, §3.10)	*osk-, *wrut-	osk^ryt	PAR+still (94) · TOLM+cut (8)	@osk@ryt	tier3	
O1891	pa	pā	num	B	two (+S); double, two	two (+S)	*pa- 'two': *paʔ > Hal pā > pa (O1,H3)	*pa-	*paʔ		%p	canon	double, two
O1892	pa fedh		adv	S	twice		a phrase: pa two(+S) + fedh time	*pa-, *xwadh-	phrase	ORL+course (147)	%p @fedh	tier3	twice
O1893	Pa lo Yanna		name	B	Two at the Gate (the song)		a phrase: Pa two(+S) + lo at(+S) + Yanna S·gate	*pa-, *lo-, *gann-	phrase	GANNA (284)	%p @ganna	tier3	
O1894	Pa Luth		name	B	Two-Inks (Seren Pa Luth)		a phrase: Pa two(+S) + Luth ink	*pa-, *luθ-	phrase	TRENN+fade (47)	%p @luth	tier3	two-inks
O1895	pa relv		n,num	S	twenty-four ('two twelves', the guild's way); four-and-twenty (two twelves)	twenty-four ('two twelves', the guild's way)	canon formation: pa + delv (twenty-four, 'two twelves' (d > r))		pa+delv		%pd	canon	four-and-twenty
O1896	Pa Varn		name	B	The Two Homes (the song)		a phrase: Pa two(+S) + Varn home	*pa-, *waʔr-	phrase	ODH+still (58)	%p @varn	tier3	
O1897	pa vurr		n,num	B	forty ('two twenties')	forty ('two twenties')	canon formation: pa + murr (forty (m > v))		pa+murr		%pm	canon	forty
O1898	pa vurr eth noth		num	B	fifty (two twenties and ten)		a phrase: pa two(+S) + vurr S·twenty + eth and + noth ten	*pa-, *murr-, *eθ-, *noθ-	phrase		%pmn	tier3	fifty
O1899	pa vurr eth sullnoth		num	B	fifty-three		a phrase: pa two(+S) + vurr S·twenty + eth and + sullnoth thirteen	*pa-, *murr-, *eθ-	phrase		%pmns	tier3	fifty-three
O1900	pa vurr eth vran		num	B	forty-six		a phrase: pa two(+S) + vurr S·twenty + eth and + vran six	*pa-, *murr-, *eθ-, *fran-	phrase		%pmv	tier3	forty-six
O1901	pa wost		num	B	eight hundred (two four-hundreds)		the numbers count in twenties (§5.11): eight hundred (two four-hundreds)		phrase		%pb	tier3-sys	
O1902	pa wost eth noth murr		num	B	a thousand (two four-hundreds and ten twenties)		the numbers count in twenties (§5.11): a thousand (two four-hundreds and ten twenties)		phrase		%pbnm	tier3-sys	
O1903	paltur	palturis	n	B	a niche, a small hollow in a wall	a niche, a small hollow in a wall	*paltur- 'a niche, a small hollow in a wall' (reserve, ancestor §3.3): Hal palturis > paltur	*paltur-	*paltur-	HALD+bough (36)	@paltur	reserve	niche
O1904	palturel		n	S	a small niche; a single niche		paltur 'a niche, a small hollow in a wall' + -el (singulative, 'little')	*paltur-	paltur+el	HALD+bough (36) + e l	@paltur+e.l	tier3-sys	
O1905	palturen		adj	S	of niches; niche-like		paltur 'a niche, a small hollow in a wall' + -en ('of, belonging to')	*paltur-	paltur+en	HALD+bough (36) + e n	@paltur+e.n	tier3-sys	
O1906	pana	panā	det	B	both	both	*pa- 'two': *pa-naʔ > Hal panā > pana (O1,H3)	*pa-	*pa-naʔ		letters: p.a.n.a	canon	both
O1907	par	paros	v,n	B	(v.) guard, protect; (n.) a watch; serve (on guard)	(v.) guard, protect; (n.) a watch	*par- 'bear up, hold up': *par-o-s > Hal paros > par (H2)	*par-	*par-o-s	PAR (92)	@par	canon	protect, serve, watch
O1908	parard		n	B	one who guards or protects		par 'guard, protect' + -Ard (agent)	*par-	par+Ard	PAR (92) + A r d	@par+A.r.d	tier3-sys	
O1909	parat		adj	B	guarded, protected (the participle)		par 'guard, protect' + -At (participle)	*par-	par+At	PAR (92) + A t	@par+A.t	tier3-sys	
O1910	pard	pardos	n	B	a warden, a keeper	a warden, a keeper	*par- 'bear up, hold up': *par-d-o-s > Hal pardos > pard (H2)	*par-	*par-d-o-s		letters: p.a.r.d	canon	keeper, warden
O1911	pardan		n	B	the wardens		pard 'a warden, a keeper' + -an (collective, 'the folk of')	*par-	pard+an		letters: p.a.r.d.a.n	tier3-sys	
O1912	pardel		n	S	little warden, dear warden		pard 'a warden, a keeper' + -el (singulative, 'little')	*par-	pard+el		letters: p.a.r.d.e.l	tier3-sys	
O1913	pardoth		n	B	wardenship		pard 'a warden, a keeper' + -Oth (abstract)	*par-	pard+Oth		letters: p.a.r.d.O.th	tier3-sys	
O1914	parol		n	B	guarding; protecting; the act of guarding		par 'guard, protect' + -Ol (verbal noun)	*par-	par+Ol	PAR (92) + O l	@par+O.l	tier3-sys	
O1915	parow		n	B	a courtyard, a ward ('the guarded place'); a ward, a courtyard (the guarded place)		par 'guard, protect' + -ow (place)	*par-	par+ow	PAR (92) + o w	@par+o.w	tier3	courtyard, ward
O1916	pask	paskos	v	B	dig	dig	*paʔsk- 'dig' (reserve, ancestor §3.3): Hal paskos > pask	*paʔsk-	*paʔsk-	LODH+cut (297)	@pask	reserve	dig
O1917	paskard		n	B	a spade ('digger'); one who digs		pask 'dig' + -Ard (agent)	*paʔsk-	pask+Ard	LODH+cut (297) + A r d	@pask+A.r.d	tier3	spade
O1918	paskat		n,adj	B	a ditch ('a dug thing'); dug (the participle)		pask 'dig' + -At (participle)	*paʔsk-	pask+At	LODH+cut (297) + A t	@pask+A.t	tier3	ditch
O1919	paskol		n	B	digging; the act of digging		pask 'dig' + -Ol (verbal noun)	*paʔsk-	pask+Ol	LODH+cut (297) + O l	@pask+O.l	tier3-sys	
O1920	paskow		n	B	a dig, a diggings		pask 'dig' + -ow (place)	*paʔsk-	pask+ow	LODH+cut (297) + o w	@pask+o.w	tier3-sys	
O1921	pawast		num,adv,n	B	second; again, a second time; a lieutenant (the second)	second	canon formation: pa + -ast (ordinal (w between the vowels))		pa+-ast		letters: p.a.w.A.s.t	canon	again, lieutenant, second
O1922	pedh	pedhis	n	S	a shot: what a gun throws; a shell (a shot)	a shot: what a gun throws	*peð- 'a thing thrown': *pedh-i-s > Hal pedhis > pedh (H2)	*peð-	*pedh-i-s	CRESK+lone (80)	@pedh	canon	shell
O1923	pedh yunn		n	B	a torpedo (a shot of the deep)		a phrase: pedh shot + yunn S·deep	*peð-, *gunn-	phrase	CRESK+lone (80) · LODH+fade (294)	@pedh @gunn	tier3	torpedo
O1924	pedhan		n	B	a volley of shot (the shot of one discharge)		pedh 'a shot' + -an (collective, 'the folk of')	*peð-	pedh+an	CRESK+lone (80) + a n	@pedh+a.n	tier3-sys	
O1925	pedhel		n	S	a small shot; a single shot		pedh 'a shot' + -el (singulative, 'little')	*peð-	pedh+el	CRESK+lone (80) + e l	@pedh+e.l	tier3-sys	
O1926	pedhen		adj	S	of shots; shot-like		pedh 'a shot' + -en ('of, belonging to')	*peð-	pedh+en	CRESK+lone (80) + e n	@pedh+e.n	tier3-sys	
O1927	pedherd		n	S	a shot-carrier ('the one of the shot')		pedh 'a shot' + -Ard (agent)	*peð-	pedh+Ard	CRESK+lone (80) + A r d	@pedh+A.r.d	tier3-sys	
O1928	pedhow		n	B	a shot-store, a magazine		pedh 'a shot' + -ow (place)	*peð-	pedh+ow	CRESK+lone (80) + o w	@pedh+o.w	tier3-sys	
O1929	pedhstell		n	S	a pile of shot		pedh 'a shot' + S stell 'a cairn' (compound: the head softened, §3.10)	*peð-, *stell-	pedh^stell	CRESK+lone (80) · TOLM+three (5)	@pedh@stell	tier3	
O1930	pedhvyger		n	S	a shot-hole, a gun-port		pedh 'a shot' + S myger 'a shaft cut down' (compound: the head softened, §3.10)	*peð-, *meuger-	pedh^myger	CRESK+lone (80) · LODH+course (298)	@pedh@myger	tier3	
O1931	pell	pellis	n	S	a spire, a tall point; a point	a spire, a tall point	*pell- 'a tall point': *pell-i-s > Hal pellis > pell (H2)	*pell-	*pell-i-s	TOLM+lone (4)	@pell	canon	point, spire
O1932	pellel		n	S	a small spire; a single spire		pell 'a spire, a tall point' + -el (singulative, 'little')	*pell-	pell+el	TOLM+lone (4) + e l	@pell+e.l	tier3-sys	
O1933	pellen		adj	S	of spires; spire-like		pell 'a spire, a tall point' + -en ('of, belonging to')	*pell-	pell+en	TOLM+lone (4) + e n	@pell+e.n	tier3-sys	
O1934	Pellow	pellū	name	B	Pellow, 'of the spire' (a name)	Pellow, 'of the spire' (a name)	*pell- 'a tall point': *pell-uʔ > Hal pellū > pellow (O1,H3)	*pell-	*pell-uʔ		p.e.l.l.o.w	canon	Pellow
O1935	peltir	peltiros	v,n	S	warn; a warning	warn; a warning	*paltir- 'warn' (reserve, ancestor §3.3): Hal peltiros > peltir	*paltir-	*paltir-	CRESK+door (91)	@peltir	reserve	warn, warning
O1936	peltirerd		n	S	one who warns		peltir 'warn' + -Ard (agent)	*paltir-	peltir+Ard	CRESK+door (91) + A r d	@peltir+A.r.d	tier3-sys	
O1937	peltiret		adj	S	warned (the participle)		peltir 'warn' + -At (participle)	*paltir-	peltir+At	CRESK+door (91) + A t	@peltir+A.t	tier3-sys	
O1938	peltiryl		n	S	warning; the act of warning		peltir 'warn' + -Ol (verbal noun)	*paltir-	peltir+Ol	CRESK+door (91) + O l	@peltir+O.l	tier3-sys	
O1939	pemess	pemessis	v	S	defend, ward off; be proof against, ward off	defend, ward off	*pemess- 'defend, ward off' (reserve, ancestor §3.3): Hal pemessis > pemess	*pemess-	*pemess-	PAR+wedge (95)	@pemess	reserve	defend, proof
O1940	pemessen		adj	S	defensive		pemess 'defend, ward off' + -en ('of, belonging to')	*pemess-	pemess+en	PAR+wedge (95) + e n	@pemess+e.n	tier3	defensive
O1941	pemesserd		n	S	one who defends or wards off		pemess 'defend, ward off' + -Ard (agent)	*pemess-	pemess+Ard	PAR+wedge (95) + A r d	@pemess+A.r.d	tier3-sys	
O1942	pemesset		adj	S	defended, warded off (the participle)		pemess 'defend, ward off' + -At (participle)	*pemess-	pemess+At	PAR+wedge (95) + A t	@pemess+A.t	tier3-sys	
O1943	pemessyl		n	S	defending; warding off; the act of defending		pemess 'defend, ward off' + -Ol (verbal noun)	*pemess-	pemess+Ol	PAR+wedge (95) + O l	@pemess+O.l	tier3-sys	
O1944	peness	penessis	n,adj	S	holy, set apart	holy, set apart	*peness- 'holy, set apart' (reserve, ancestor §3.3): Hal penessis > peness	*peness-	*peness-	LUMM+lone (254)	@peness	reserve	holy
O1945	penessow		n	B	a holy place, a sanctuary		peness 'holy, set apart' + -ow (place)	*peness-	peness+ow	LUMM+lone (254) + o w	@peness+o.w	tier3-sys	
O1946	penessyth		n	S	holiness; the quality of being holy		peness 'holy, set apart' + -Oth (abstract)	*peness-	peness+Oth	LUMM+lone (254) + O th	@peness+O.th	tier3-sys	
O1947	peskul	peskulos	v	B	bless; consecrate	bless	*paiskul- 'bless' (reserve, ancestor §3.3): Hal peskulos > peskul	*paiskul-	*paiskul-	GARL+lone (225)	@peskul	reserve	consecrate
O1948	peskulard		n	B	one who blesses		peskul 'bless' + -Ard (agent)	*paiskul-	peskul+Ard	GARL+lone (225) + A r d	@peskul+A.r.d	tier3-sys	
O1949	peskulat		adj	B	blessed (the participle)		peskul 'bless' + -At (participle)	*paiskul-	peskul+At	GARL+lone (225) + A t	@peskul+A.t	tier3-sys	
O1950	peskullernul		n	B	holy oil, the oil of blessing		peskul 'bless' + S lernul 'oil' (compound: the head softened, §3.10)	*paiskul-, *lernul-	peskul^lernul	GARL+lone (225) · LORR+still (135)	@peskul@lernul	tier3	
O1951	peskulol		n	B	blessing; the act of blessing		peskul 'bless' + -Ol (verbal noun)	*paiskul-	peskul+Ol	GARL+lone (225) + O l	@peskul+O.l	tier3-sys	
O1952	pess	pessis	v	S	(v.) ask; beg	(v.) ask	*pess- 'ask': *pess-i-s > Hal pessis > pess (H2)	*pess-	*pess-i-s	BROD+gap (200)	@pess	canon	ask, beg
O1953	pesserd		n	S	one who asks		pess 'ask' + -Ard (agent)	*pess-	pess+Ard	BROD+gap (200) + A r d	@pess+A.r.d	tier3-sys	
O1954	pesset		adj	S	asked (the participle)		pess 'ask' + -At (participle)	*pess-	pess+At	BROD+gap (200) + A t	@pess+A.t	tier3-sys	
O1955	pessyl		n	S	a plea ('an asking'); a question; asking; the act of asking		pess 'ask' + -Ol (verbal noun)	*pess-	pess+Ol	BROD+gap (200) + O l	@pess+O.l	tier3	plea, question
O1956	piskur	piskuros	n	B	a net	a net	*piskur- 'a net' (reserve, ancestor §3.3): Hal piskuros > piskur	*piskur-	*piskur-	SCETH+three (182)	@piskur	reserve	
O1957	piskurard		n	B	a netman, a fisherman ('the one of the net')		piskur 'a net' + -Ard (agent)	*piskur-	piskur+Ard	SCETH+three (182) + A r d	@piskur+A.r.d	tier3-sys	
O1958	piskurel		n	S	a small net; a single net		piskur 'a net' + -el (singulative, 'little')	*piskur-	piskur+el	SCETH+three (182) + e l	@piskur+e.l	tier3-sys	
O1959	piskuren		adj	S	of nets; net-like		piskur 'a net' + -en ('of, belonging to')	*piskur-	piskur+en	SCETH+three (182) + e n	@piskur+e.n	tier3-sys	
O1960	piskurow		n	B	a net-loft		piskur 'a net' + -ow (place)	*piskur-	piskur+ow	SCETH+three (182) + o w	@piskur+o.w	tier3-sys	
O1961	piskursulter		n	S	a fishing-boat		piskur 'a net' + S sulter 'a small boat' (compound: the head softened, §3.10)	*piskur-, *sulter-	piskur^sulter	SCETH+three (182) · SCETH+lone (176)	@piskur@sulter	tier3	
O1962	pithul	pithulos	n	B	a lord, one who holds land; a king; a noble; a nobleman	a lord, one who holds land	*pithul- 'a lord, one who holds land' (reserve, ancestor §3.3): Hal pithulos > pithul	*pithul-	*pithul-		letters: p.i.th.u.l	reserve	king, lord, noble, nobleman
O1963	pithulan		n	B	the lords, the nobility		pithul 'a lord, one who holds land' + -an (collective, 'the folk of')	*pithul-	pithul+an		letters: p.i.th.u.l.a.n	tier3-sys	
O1964	pithulel		n	S	little lord, dear lord		pithul 'a lord, one who holds land' + -el (singulative, 'little')	*pithul-	pithul+el		letters: p.i.th.u.l.e.l	tier3-sys	
O1965	pithuloth		n	B	lordship		pithul 'a lord, one who holds land' + -Oth (abstract)	*pithul-	pithul+Oth		letters: p.i.th.u.l.O.th	tier3-sys	
O1966	podul	podulis	adj	B	wise	wise	*podul- 'wise' (reserve, ancestor §3.3): Hal podulis > podul	*podul-	*podul-		letters: p.o.d.u.l	reserve	wise
O1967	podulan		n	B	the wise		podul 'wise' + -an (collective, 'the folk of')	*podul-	podul+an		letters: p.o.d.u.l.a.n	tier3-sys	
O1968	podulard		n	B	a wise one, a sage		podul 'wise' + -Ard (agent)	*podul-	podul+Ard		letters: p.o.d.u.l.A.r.d	tier3-sys	
O1969	poduloth		n	B	wisdom; wiseness; the quality of being wise		podul 'wise' + -Oth (abstract)	*podul-	podul+Oth		letters: p.o.d.u.l.O.th	tier3	wisdom
O1970	pondul	pondulos	adj	B	empty; blank	empty	*pondul- 'empty' (reserve, ancestor §3.3): Hal pondulos > pondul	*pondul-	*pondul-	LUNN+gap (259)	@pondul	reserve	blank, empty
O1971	ponduloth		n	B	emptiness; the quality of being empty		pondul 'empty' + -Oth (abstract)	*pondul-	pondul+Oth	LUNN+gap (259) + O th	@pondul+O.th	tier3-sys	
O1972	praevar	prēvaros	n	B	a channel	a channel	*praifar- 'a channel' (reserve, ancestor §3.3): Hal prēvaros > praevar	*praifar-	*praifar-		letters: p.r.a.e.v.a.r	reserve	
O1973	praevarel		n	S	a small channel; a single channel		praevar 'a channel' + -el (singulative, 'little')	*praifar-	praevar+el		letters: p.r.a.e.v.a.r.e.l	tier3-sys	
O1974	praevaren		adj	S	of channels; channel-like		praevar 'a channel' + -en ('of, belonging to')	*praifar-	praevar+en		letters: p.r.a.e.v.a.r.e.n	tier3-sys	
O1975	prass	prassos	n	B	a master of the craft	a master of the craft	*prass- 'one who knows the work through': *prass-o-s > Hal prassos > prass (H2)	*prass-	*prass-o-s	GARL+cope (221)	@prass	canon	master
O1976	prassan		n	B	the masters (of the guild)		prass 'a master of the craft' + -an (collective, 'the folk of')	*prass-	prass+an	GARL+cope (221) + a n	@prass+a.n	tier3-sys	
O1977	prassel		n	S	a prentice; an apprentice; little master of the craft, dear master of the craft	a prentice	canon formation: prass + -el ('little master')		prass+-el	GARL+cope (221) + e l	@prass+e.l	canon	apprentice, prentice
O1978	prassoth		n	B	a craft, mastery, skill		prass 'a master of the craft' + -Oth (abstract)	*prass-	prass+Oth	GARL+cope (221) + O th	@prass+O.th	tier3	craft, skill
O1979	prassyanna		n	B	a master-pair		prass 'a master of the craft' + S ganna 'a gate' (compound: the head softened, §3.10)	*prass-, *gann-	prass^ganna	GARL+cope (221) · GANNA (284)	@prass@ganna	tier3	master-pairs
O1980	preller	prelleris	n	S	a knife, a short blade; a blade	a knife, a short blade	*preiller- 'a knife, a short blade' (reserve, ancestor §3.3): Hal prelleris > preller	*preiller-	*preiller-		letters: p.r.e.l.l.e.r	reserve	blade
O1981	prellerel		n	S	a small knife; a single knife		preller 'a knife, a short blade' + -el (singulative, 'little')	*preiller-	preller+el		letters: p.r.e.l.l.e.r.e.l	tier3-sys	
O1982	prelleren		adj	S	of knifes; knife-like		preller 'a knife, a short blade' + -en ('of, belonging to')	*preiller-	preller+en		letters: p.r.e.l.l.e.r.e.n	tier3-sys	
O1983	prelor	preloris	n	B	a thread	a thread	*prelor- 'a thread' (reserve, ancestor §3.3): Hal preloris > prelor	*prelor-	*prelor-		letters: p.r.e.l.o.r	reserve	
O1984	prelorel		n	S	a small thread; a single thread		prelor 'a thread' + -el (singulative, 'little')	*prelor-	prelor+el		letters: p.r.e.l.o.r.e.l	tier3-sys	
O1985	preloren		adj	S	of threads; thread-like		prelor 'a thread' + -en ('of, belonging to')	*prelor-	prelor+en		letters: p.r.e.l.o.r.e.n	tier3-sys	
O1986	prener	prenēros	n	S	the mind; a mind	the mind	*preneir- 'the mind' (reserve, ancestor §3.3): Hal prenēros > prener	*preneir-	*preneir-	TUM+lone (126)	@prener	reserve	mind
O1987	preneren		adj	S	of the mind		prener 'the mind' + -en ('of, belonging to')	*preneir-	prener+en	TUM+lone (126) + e n	@prener+e.n	tier3-sys	
O1988	prenth	prenthis	n	S	a bench	a bench	*preinth- 'a bench' (reserve, ancestor §3.3): Hal prenthis > prenth	*preinth-	*preinth-	ODH+course (62)	@prenth	reserve	bench
O1989	prenthel		n	S	a small bench; a single bench		prenth 'a bench' + -el (singulative, 'little')	*preinth-	prenth+el	ODH+course (62) + e l	@prenth+e.l	tier3-sys	
O1990	prenthen		adj	S	of benches; bench-like		prenth 'a bench' + -en ('of, belonging to')	*preinth-	prenth+en	ODH+course (62) + e n	@prenth+e.n	tier3-sys	
O1991	prenthow		n	B	a bench-row, a court		prenth 'a bench' + -ow (place)	*preinth-	prenth+ow	ODH+course (62) + o w	@prenth+o.w	tier3-sys	
O1992	pressir	pressiros	n	S	a floor; a deck (a ship's floor)	a floor	*prassir- 'a floor' (reserve, ancestor §3.3): Hal pressiros > pressir	*prassir-	*prassir-		letters: p.r.e.s.s.i.r	reserve	deck, floor
O1993	pressirel		n	S	a small floor; a single floor		pressir 'a floor' + -el (singulative, 'little')	*prassir-	pressir+el		letters: p.r.e.s.s.i.r.e.l	tier3-sys	
O1994	pressiren		adj	S	of floors; floor-like		pressir 'a floor' + -en ('of, belonging to')	*prassir-	pressir+en		letters: p.r.e.s.s.i.r.e.n	tier3-sys	
O1995	pressiret		adj	S	floored ('provided with X': -At on a noun)		pressir 'a floor' + -At (participle)	*prassir-	pressir+At		letters: p.r.e.s.s.i.r.A.t	tier3-sys	
O1996	prumul	prumulos	adj	B	sad, heavy of heart; troubled	sad, heavy of heart	*prumul- 'sad, heavy of heart' (reserve, ancestor §3.3): Hal prumulos > prumul	*prumul-	*prumul-	MOLT+drop (117)	@prumul	reserve	sad, trouble
O1997	prumulan		n	B	the mourners		prumul 'sad, heavy of heart' + -an (collective, 'the folk of')	*prumul-	prumul+an	MOLT+drop (117) + a n	@prumul+a.n	tier3-sys	
O1998	prumulard		n	B	a sad one, a mourner		prumul 'sad, heavy of heart' + -Ard (agent)	*prumul-	prumul+Ard	MOLT+drop (117) + A r d	@prumul+A.r.d	tier3-sys	
O1999	prumuloth		n	B	sadness; the quality of being sad		prumul 'sad, heavy of heart' + -Oth (abstract)	*prumul-	prumul+Oth	MOLT+drop (117) + O th	@prumul+O.th	tier3-sys	
O2000	prynur	priunuros	n	B	a scaffold	a scaffold	*preunur- 'a scaffold' (reserve, ancestor §3.3): Hal priunuros > prynur	*preunur-	*preunur-		letters: p.r.y.n.u.r	reserve	scaffold
O2001	prynurard		n	B	a scaffolder ('the one of the scaffold')		prynur 'a scaffold' + -Ard (agent)	*preunur-	prynur+Ard		letters: p.r.y.n.u.r.A.r.d	tier3-sys	
O2002	prynurel		n	S	a small scaffold; a single scaffold		prynur 'a scaffold' + -el (singulative, 'little')	*preunur-	prynur+el		letters: p.r.y.n.u.r.e.l	tier3-sys	
O2003	prynuren		adj	S	of scaffolds; scaffold-like		prynur 'a scaffold' + -en ('of, belonging to')	*preunur-	prynur+en		letters: p.r.y.n.u.r.e.n	tier3-sys	
O2004	prynurwunth		n	B	a scaffold-rope		prynur 'a scaffold' + S bunth 'a rope' (compound: the head softened, §3.10)	*preunur-, *buʔnth-	prynur^bunth		letters: p.r.y.n.u.r.w.u.n.th	tier3	
O2005	pryssal	priussalis	adj	B	kind	kind	*preussal- 'kind' (reserve, ancestor §3.3): Hal priussalis > pryssal	*preussal-	*preussal-		letters: p.r.y.s.s.a.l	reserve	kind
O2006	pryssalard		n	B	a kind soul		pryssal 'kind' + -Ard (agent)	*preussal-	pryssal+Ard		letters: p.r.y.s.s.a.l.A.r.d	tier3-sys	
O2007	pryssaloth		n	B	kindness; the quality of being kind		pryssal 'kind' + -Oth (abstract)	*preussal-	pryssal+Oth		letters: p.r.y.s.s.a.l.O.th	tier3-sys	
O2008	pussal	pussalos	n	B	a lot cast; one's lot; fortune; luck	a lot cast; one's lot	*pussal- 'a lot cast' (reserve, ancestor §3.3): Hal pussalos > pussal	*pussal-	*pussal-		letters: p.u.s.s.a.l	reserve	fortune, luck
O2009	pussalen		adj	S	fated		pussal 'a lot cast' + -en ('of, belonging to')	*pussal-	pussal+en		letters: p.u.s.s.a.l.e.n	tier3-sys	
O2010	pynt	pyntis	adj,v,adv	S	quick; fast; hasty; hurry; quickly; soon	quick	*punt- 'quick' (reserve, ancestor §3.3): Hal pyntis > pynt	*punt-	*punt-		letters: p.y.n.t	reserve	fast, hasty, hurry, quick, quickly, soon
O2011	pyntel		adj	S	quickish, brisk		pynt 'quick' + -el (singulative, 'little')	*punt-	pynt+el		letters: p.y.n.t.e.l	tier3-sys	
O2012	pynterd		n	S	one who hurries; a quick one		pynt 'quick' + -Ard (agent)	*punt-	pynt+Ard		letters: p.y.n.t.A.r.d	tier3-sys	
O2013	pyntet		adj	S	hurried (the participle)		pynt 'quick' + -At (participle)	*punt-	pynt+At		letters: p.y.n.t.A.t	tier3-sys	
O2014	pyntyl		n	S	hurrying; the act of hurrying		pynt 'quick' + -Ol (verbal noun)	*punt-	pynt+Ol		letters: p.y.n.t.O.l	tier3-sys	
O2015	pyntyth		n	S	speed; quickness; the quality of being quick		pynt 'quick' + -Oth (abstract)	*punt-	pynt+Oth		letters: p.y.n.t.O.th	tier3	speed
O2016	pynull	piunullis	n	B	a worker of wood, a boatwright	a worker of wood, a boatwright	*peunull- 'a worker of wood, a boatwright' (reserve, ancestor §3.3): Hal piunullis > pynull	*peunull-	*peunull-	SCETH+cope (183)	@pynull	reserve	boatwright
O2017	pynullan		n	B	the boatwrights		pynull 'a worker of wood, a boatwright' + -an (collective, 'the folk of')	*peunull-	pynull+an	SCETH+cope (183) + a n	@pynull+a.n	tier3-sys	
O2018	pynullel		n	S	little worker of wood, dear worker of wood		pynull 'a worker of wood, a boatwright' + -el (singulative, 'little')	*peunull-	pynull+el	SCETH+cope (183) + e l	@pynull+e.l	tier3-sys	
O2019	pyskorn	piuskornis	n,v	B	sweat, toil; work, toil	sweat, toil	*peuskorn- 'sweat, toil' (reserve, ancestor §3.3): Hal piuskornis > pyskorn	*peuskorn-	*peuskorn-		letters: p.y.s.k.o.r.n	reserve	toil, work
O2020	pyskornard		n	B	one who works or toils		pyskorn 'sweat, toil' + -Ard (agent)	*peuskorn-	pyskorn+Ard		letters: p.y.s.k.o.r.n.A.r.d	tier3-sys	
O2021	pyskornat		adj	B	worked, toiled (the participle)		pyskorn 'sweat, toil' + -At (participle)	*peuskorn-	pyskorn+At		letters: p.y.s.k.o.r.n.A.t	tier3-sys	
O2022	pyskornol		n	B	working; toiling; the act of working		pyskorn 'sweat, toil' + -Ol (verbal noun)	*peuskorn-	pyskorn+Ol		letters: p.y.s.k.o.r.n.O.l	tier3-sys	
O2023	pyskornow		n	B	a workshop		pyskorn 'sweat, toil' + -ow (place)	*peuskorn-	pyskorn+ow		letters: p.y.s.k.o.r.n.o.w	tier3	workshop
O2024	raenorn	rēnornos	n	B	a bow for shooting	a bow for shooting	*rainorn- 'a bow for shooting' (reserve, ancestor §3.3): Hal rēnornos > raenorn	*rainorn-	*rainorn-		letters: r.a.e.n.o.r.n	reserve	
O2025	raenornan		n	B	a line of bows		raenorn 'a bow for shooting' + -an (collective, 'the folk of')	*rainorn-	raenorn+an		letters: r.a.e.n.o.r.n.a.n	tier3-sys	
O2026	raenornard		n	B	a bowman ('the one of the bow for shooting')		raenorn 'a bow for shooting' + -Ard (agent)	*rainorn-	raenorn+Ard		letters: r.a.e.n.o.r.n.A.r.d	tier3-sys	
O2027	raenornel		n	S	a small bow for shooting; a single bow for shooting		raenorn 'a bow for shooting' + -el (singulative, 'little')	*rainorn-	raenorn+el		letters: r.a.e.n.o.r.n.e.l	tier3-sys	
O2028	raenornen		adj	S	of bow for shootings; bow for shooting-like		raenorn 'a bow for shooting' + -en ('of, belonging to')	*rainorn-	raenorn+en		letters: r.a.e.n.o.r.n.e.n	tier3-sys	
O2029	raet	rētos	adj	S	blunt, dull	blunt, dull	*reʔt- 'blunt, dull' (reserve, ancestor §3.3): Hal rētos > raet	*reʔt-	*reʔt-		letters: r.a.e.t	reserve	
O2030	raetyth		n	S	bluntness; the quality of being blunt		raet 'blunt, dull' + -Oth (abstract)	*reʔt-	raet+Oth		letters: r.a.e.t.O.th	tier3-sys	
O2031	raevul	rēvulos	v	B	seek; search; try	seek	*reiful- 'seek' (reserve, ancestor §3.3): Hal rēvulos > raevul	*reiful-	*reiful-	VESK+course (233)	@raevul	reserve	search, try
O2032	raevulard		n	B	one who seeks		raevul 'seek' + -Ard (agent)	*reiful-	raevul+Ard	VESK+course (233) + A r d	@raevul+A.r.d	tier3-sys	
O2033	raevulat		adj	B	sought (the participle)		raevul 'seek' + -At (participle)	*reiful-	raevul+At	VESK+course (233) + A t	@raevul+A.t	tier3-sys	
O2034	raevulol		n	B	seeking; the act of seeking		raevul 'seek' + -Ol (verbal noun)	*reiful-	raevul+Ol	VESK+course (233) + O l	@raevul+O.l	tier3-sys	
O2035	Ralensaen		loan	S	Ralensaen, the Root-Heart		a Mystaeri word, borrowed by sound (orrowen_v2 §6.14 D7: loan words and Mystaeri names are spelled by sound, the knock as a wedge inside the word)	(Seilrhass)	loan		r.a.l.e.n.s.a.e.n	tier3	Ralensaen
O2036	rall	rallos	n	B	a youth, one not yet grown	a youth, one not yet grown	*raʔl- 'a youth, one not yet grown' (reserve, ancestor §3.3): Hal rallos > rall	*raʔl-	*raʔl-		letters: r.a.l.l	reserve	youth
O2037	rallan		n	B	the youth, the young folk		rall 'a youth, one not yet grown' + -an (collective, 'the folk of')	*raʔl-	rall+an		letters: r.a.l.l.a.n	tier3-sys	
O2038	rallel		n	S	little youth, dear youth		rall 'a youth, one not yet grown' + -el (singulative, 'little')	*raʔl-	rall+el		letters: r.a.l.l.e.l	tier3-sys	
O2039	ralloth		n	B	youth, the years before the growing		rall 'a youth, one not yet grown' + -Oth (abstract)	*raʔl-	rall+Oth		letters: r.a.l.l.O.th	tier3-sys	
O2040	raltar	raltaros	v	B	quench, put out	quench, put out	*raltar- 'quench, put out' (reserve, ancestor §3.3): Hal raltaros > raltar	*raltar-	*raltar-	VORR+cope (160)	@raltar	reserve	
O2041	raltarard		n	B	one who quenches or puts out		raltar 'quench, put out' + -Ard (agent)	*raltar-	raltar+Ard	VORR+cope (160) + A r d	@raltar+A.r.d	tier3-sys	
O2042	raltarat		adj	B	quenched, put out (the participle)		raltar 'quench, put out' + -At (participle)	*raltar-	raltar+At	VORR+cope (160) + A t	@raltar+A.t	tier3-sys	
O2043	raltarol		n	B	quenching; putting out; the act of quenching		raltar 'quench, put out' + -Ol (verbal noun)	*raltar-	raltar+Ol	VORR+cope (160) + O l	@raltar+O.l	tier3-sys	
O2044	ranner	ranneros	n	S	a going-out, a sortie	a going-out, a sortie	*ranner- 'a going-out, a sortie' (reserve, ancestor §3.3): Hal ranneros > ranner	*ranner-	*ranner-	LUNN+wedge (260)	@ranner	reserve	
O2045	re	re	part	S	past particle (+S); past particle	past particle (+S); past particle	*re 'yonder, that': *re > Hal re > re	*re	*re		left out (a mortar word, D2)	canon	
O2046	redul	redulis	n	B	a council, those who sit and weigh	a council, those who sit and weigh	*redul- 'a council, those who sit and weigh' (reserve, ancestor §3.3): Hal redulis > redul	*redul-	*redul-	BROD+door (212)	@redul	reserve	council
O2047	Redul Serdul		name	B	the Trade Council (the council of trade)		a phrase: Redul council + Serdul trade	*redul-, *swairdul-	phrase	BROD+door (212)	@redul letters: s.e.r.d.u.l	tier3	
O2048	Redul ul vimm et Helv Bynt		name	S	V.4 The Council Under the Thin Sky		a phrase: Redul council + ul in(+N) + vimm low + et the + Helv sky + Bynt narrow	*redul-, *ul-, *fiʔm-, *et-, *half-, *beunt-	phrase	BROD+door (212) · BRUNN+still (326) · ORL+cope (141)	@redul @vimm @helv letters: b.y.n.t	tier3	
O2049	redulard		n	B	a politician ('council-one'); a politician, a councilman ('the one of the council')		redul 'a council, those who sit and weigh' + -Ard (agent)	*redul-	redul+Ard	BROD+door (212) + A r d	@redul+A.r.d	tier3	politician
O2050	redulel		n	S	a councillor, one of the council (the singulative)		redul 'a council, those who sit and weigh' + -el (singulative, 'little')	*redul-	redul+el	BROD+door (212) + e l	@redul+e.l	tier3-sys	
O2051	redulen		adj	S	of councils; council-like		redul 'a council, those who sit and weigh' + -en ('of, belonging to')	*redul-	redul+en	BROD+door (212) + e n	@redul+e.n	tier3-sys	
O2052	redulhellur		n	B	a council-hall		redul 'a council, those who sit and weigh' + S hellur 'a hall' (compound: the head softened, §3.10)	*redul-, *xeillur-	redul^hellur	BROD+door (212) · HALD+cope (32)	@redul@hellur	tier3	council-hall
O2053	redulveskan		n	B	the council-grove		redul 'a council, those who sit and weigh' + S meskan 'a grove, a stand of trees' (compound: the head softened, §3.10)	*redul-, *mosk-	redul^meskan		letters: r.e.d.u.l.v.e.s.k.a.n	tier3	council-grove
O2054	rellor	relloros	n,v	B	a sign, a signal; a figure; a glyph; a mark; a symbol	a sign, a signal	*reillor- 'a sign, a signal' (reserve, ancestor §3.3): Hal relloros > rellor	*reillor-	*reillor-	BROD+notch (209)	@rellor	reserve	figure, glyph, mark, sign, symbol
O2055	Rellor Hosast		name	B	V.1 The First Glyph (the first sign)		a phrase: Rellor sign + Hosast first	*reillor-	phrase	BROD+notch (209) · FORE (328)	@rellor @hosast	tier3	
O2056	rellor wrod		n	B	a word-sign ('a sign of a word'); pl. rellorath wrod	a word-sign ('a sign of a word'); pl. rellorath wrod	canon (orrowen_v2): rellor sign + wrod S·word	*reillor-, *bro-	phrase	BROD+notch (209) · BROD (197)	@rellor @brod	canon	
O2057	relloran		n	B	a code of signals		rellor 'a sign, a signal' + -an (collective, 'the folk of')	*reillor-	rellor+an	BROD+notch (209) + a n	@rellor+a.n	tier3-sys	
O2058	rellorard		n	B	one who marks		rellor 'a sign, a signal' + -Ard (agent)	*reillor-	rellor+Ard	BROD+notch (209) + A r d	@rellor+A.r.d	tier3-sys	
O2059	rellorat		adj	B	marked (the participle); signed, marked ('provided with X': -At on a noun)		rellor 'a sign, a signal' + -At (participle)	*reillor-	rellor+At	BROD+notch (209) + A t	@rellor+A.t	tier3-sys	
O2060	rellorath		n	B	signs; a code (a plural with a sense of its own)		rellor 'a sign, a signal' + -Ath (plural)	*reillor-	rellor+Ath	BROD+notch (209) + A th	@rellor+A.th	tier3-sys	
O2061	rellordholm		n	B	a marking-stone ('sign-stone')		rellor 'a sign, a signal' + S tolm 'a stone' (compound: the head softened, §3.10)	*reillor-, *tol-	rellor^tolm	BROD+notch (209) · TOLM (1)	@rellor@tolm	tier3	marking-stone
O2062	rellorol		n	B	marking; the act of marking		rellor 'a sign, a signal' + -Ol (verbal noun)	*reillor-	rellor+Ol	BROD+notch (209) + O l	@rellor+O.l	tier3-sys	
O2063	rellorow		n	B	a signal-post		rellor 'a sign, a signal' + -ow (place)	*reillor-	rellor+ow	BROD+notch (209) + o w	@rellor+o.w	tier3-sys	
O2064	rellorvorr		n	B	a signal-fire, a beacon		rellor 'a sign, a signal' + S vorr 'fire' (compound: the head softened, §3.10)	*reillor-, *forr-	rellor^vorr	BROD+notch (209) · VORR (153)	@rellor@vorr	tier3	
O2065	remm	remmos	n	S	a newborn	a newborn	*reʔm- 'a newborn' (reserve, ancestor §3.3): Hal remmos > remm	*reʔm-	*reʔm-		letters: r.e.m.m	reserve	
O2066	remman		n	B	the newborns		remm 'a newborn' + -an (collective, 'the folk of')	*reʔm-	remm+an		letters: r.e.m.m.a.n	tier3-sys	
O2067	remmel		n	S	little newborn, dear newborn		remm 'a newborn' + -el (singulative, 'little')	*reʔm-	remm+el		letters: r.e.m.m.e.l	tier3-sys	
O2068	renn	rennis	v,n	S	save, bring through; help	save, bring through	*raʔnn- 'save, bring through' (reserve, ancestor §3.3): Hal rennis > renn	*raʔnn-	*raʔnn-	PAR+door (99)	@renn	reserve	help, save
O2069	rennerd		n	S	one who saves or brings through		renn 'save, bring through' + -Ard (agent)	*raʔnn-	renn+Ard	PAR+door (99) + A r d	@renn+A.r.d	tier3-sys	
O2070	rennet		adj	S	saved, brought through (the participle)		renn 'save, bring through' + -At (participle)	*raʔnn-	renn+At	PAR+door (99) + A t	@renn+A.t	tier3-sys	
O2071	rennyl		n	S	saving; bringing through; the act of saving		renn 'save, bring through' + -Ol (verbal noun)	*raʔnn-	renn+Ol	PAR+door (99) + O l	@renn+O.l	tier3-sys	
O2072	rerd	rerdos	n	S	the sun	the sun	*rerd- 'the sun' (reserve, ancestor §3.3): Hal rerdos > rerd	*rerd-	*rerd-	ORL+lone (143)	@rerd	reserve	sun
O2073	rerddhald		n	B	the east ('sun-rise')		rerd 'the sun' + S tald 'rise, stand up' (compound: the head softened, §3.10)	*rerd-, *tol-	rerd^tald	ORL+lone (143) · TOLM+rim (3)	@rerd@tald	tier3	east
O2074	rerddhalden		adj	S	eastern		rerd 'the sun' + S tald 'rise, stand up' + -en ('of, belonging to') (compound: the head softened, §3.10)	*rerd-, *tol-	rerd^tald+en		letters: r.e.r.d.dh.a.l.d.e.n	tier3	eastern
O2075	rerdel		n	S	a small sun; a single sun		rerd 'the sun' + -el (singulative, 'little')	*rerd-	rerd+el	ORL+lone (143) + e l	@rerd+e.l	tier3-sys	
O2076	rerden		adj	S	of suns; sun-like		rerd 'the sun' + -en ('of, belonging to')	*rerd-	rerd+en	ORL+lone (143) + e n	@rerd+e.n	tier3-sys	
O2077	rerdsenn		n	S	sunset ('sun-going-down'); the west ('sun-down')		rerd 'the sun' + S senn 'die' (compound: the head softened, §3.10)	*rerd-, *senn-	rerd^senn	ORL+lone (143) · VORR+fade (154)	@rerd@senn	tier3	sunset, west
O2078	rerdsennen		adj	S	western		rerd 'the sun' + S senn 'die' + -en ('of, belonging to') (compound: the head softened, §3.10)	*rerd-, *senn-	rerd^senn+en		letters: r.e.r.d.s.e.n.n.e.n	tier3	western
O2079	rerdwaegyth		n	S	sunlight		rerd 'the sun' + S baeg 'bright' + -Oth (abstract) (compound: the head softened, §3.10)	*rerd-, *baig-	rerd^baeg+Oth		letters: r.e.r.d.w.a.e.g.O.th	tier3	
O2080	rern	rernos	n,v	S	an ear; to listen	an ear; to listen	*reirn- 'an ear' (reserve, ancestor §3.3): Hal rernos > rern	*reirn-	*reirn-		letters: r.e.r.n	reserve	ear, listen
O2081	rernerd		n	S	one who listens		rern 'an ear' + -Ard (agent)	*reirn-	rern+Ard		letters: r.e.r.n.A.r.d	tier3-sys	
O2082	rernet		adj	S	listened (the participle)		rern 'an ear' + -At (participle)	*reirn-	rern+At		letters: r.e.r.n.A.t	tier3-sys	
O2083	rernyl		n	S	listening; the act of listening		rern 'an ear' + -Ol (verbal noun)	*reirn-	rern+Ol		letters: r.e.r.n.O.l	tier3-sys	
O2084	rerr	rerris	adj	S	fair, lovely to see; beautiful	fair, lovely to see	*rarr- 'fair, lovely to see' (reserve, ancestor §3.3): Hal rerris > rerr	*rarr-	*rarr-		letters: r.e.r.r	reserve	beautiful
O2085	rerrel		n	S	an ornament ('a small fair thing'); trappings		rerr 'fair, lovely to see' + -el (singulative, 'little')	*rarr-	rerr+el		letters: r.e.r.r.e.l	tier3	ornament, trappings
O2086	rerrow		n	B	a fair place, a pleasance		rerr 'fair, lovely to see' + -ow (place)	*rarr-	rerr+ow		letters: r.e.r.r.o.w	tier3-sys	
O2087	rerryth		n	S	fairness; the quality of being fair		rerr 'fair, lovely to see' + -Oth (abstract)	*rarr-	rerr+Oth		letters: r.e.r.r.O.th	tier3-sys	
O2088	resk	reskis	v	S	sit	sit	*rask- 'sit' (reserve, ancestor §3.3): Hal reskis > resk	*rask-	*rask-	ODH+cope (63)	@resk	reserve	sit
O2089	reskerd		n	S	one who sits		resk 'sit' + -Ard (agent)	*rask-	resk+Ard	ODH+cope (63) + A r d	@resk+A.r.d	tier3-sys	
O2090	resket		adj	S	sat (the participle)		resk 'sit' + -At (participle)	*rask-	resk+At	ODH+cope (63) + A t	@resk+A.t	tier3-sys	
O2091	reskow		n	B	a place, a seat ('the sitting-place'); a station, a place; a place, a seat (where one sits)		resk 'sit' + -ow (place)	*rask-	resk+ow	ODH+cope (63) + o w	@resk+o.w	tier3	place, station
O2092	reskow strom		n	B	a throne (a great seat)		a phrase: reskow place + strom great	*rask-, *strom-	phrase	ODH+cope (63) + o w · VENN+rim (269)	@resk+o.w @strom	tier3	throne
O2093	Reskowath strom sa orrant um wadh		name	B	III.2 The Thrones That Walk the Sea		a phrase: Reskowath place-PL + strom great + sa REL(+S) + orrant go-3PL + um upon(+S) + wadh sea	*rask-, *strom-, *sa, *orr-, *um-, *gwað-	phrase	ODH+cope (63) + o w · VENN+rim (269) · TRENN+course (40) · WADH (301)	@resk+o.w @strom @orr @wadh	tier3	
O2094	reskyl		n	S	a sitting; sitting; the act of sitting		resk 'sit' + -Ol (verbal noun)	*rask-	resk+Ol	ODH+cope (63) + O l	@resk+O.l	tier3	sitting
O2095	ressur	ressuros	n	B	a waste of sand	a waste of sand	*ressur- 'a waste of sand' (reserve, ancestor §3.3): Hal ressuros > ressur	*ressur-	*ressur-		letters: r.e.s.s.u.r	reserve	
O2096	Rhenear		loan	B	Rhenear, 'the stone-deaf' (the wood's name for the Rivenmen)		a Mystaeri word, borrowed by sound (orrowen_v2 §6.14 D7: loan words and Mystaeri names are spelled by sound, the knock as a wedge inside the word)	(Seilrhass)	loan		rh.e.n.e.a.r	tier3	Rhenear
O2097	Rhenvael		loan	S	Rhenvael, the Stone-Grain		a Mystaeri word, borrowed by sound (orrowen_v2 §6.14 D7: loan words and Mystaeri names are spelled by sound, the knock as a wedge inside the word)	(Seilrhass)	loan		rh.e.n.v.a.e.l	tier3	Rhenvael
O2098	rhull	hrullos	n	B	a river	a river	*xrull- 'a rushing water': *xrull-o-s > Hal hrullos > rhull (O4,H2,H4)	*xrull-	*xrull-o-s	WADH+course (304)	@rhull	canon	river
O2099	rhullan		n	B	a river-system		rhull 'a river' + -an (collective, 'the folk of')	*xrull-	rhull+an	WADH+course (304) + a n	@rhull+a.n	tier3-sys	
O2100	rhullel		n	S	a small river; a single river		rhull 'a river' + -el (singulative, 'little')	*xrull-	rhull+el	WADH+course (304) + e l	@rhull+e.l	tier3-sys	
O2101	rhullen		adj	S	of rivers; river-like		rhull 'a river' + -en ('of, belonging to')	*xrull-	rhull+en	WADH+course (304) + e n	@rhull+e.n	tier3-sys	
O2102	rhullses		n	S	a river-fish		rhull 'a river' + S ses 'a fish' (compound: the head softened, §3.10)	*xrull-, *sas-	rhull^ses		letters: rh.u.l.l.s.e.s	tier3	
O2103	rhyn	hriunis	v	S	set fast (of mortar), take hold	set fast (of mortar), take hold	*xreun- 'set hard, harden': *xreun-i-s > Hal hriunis > rhyn (O2,O4,H2,H4)	*xreun-	*xreun-i-s	LODH+cope (292)	@rhyn	canon	
O2104	Rhyna	hriunā	name	B	Rhyna, 'she who sets fast' (a name)	Rhyna, 'she who sets fast' (a name)	*xreun- 'set hard, harden': *xreun-aʔ > Hal hriunā > rhyna (O1,O2,O4,H3,H4)	*xreun-	*xreun-aʔ		rh.y.n.a	canon	Rhyna
O2105	Rhyna Yanna Ulvenn		name	S	Rhyna of the Inner Gate	Rhyna of the Inner Gate	canon (orrowen_v2): Rhyna Rhyna + Yanna S·gate + Ulvenn inner	*xreun-, *gann-	phrase	GANNA (284) · VENN+cup (271)	rh.y.n.a @ganna @ulvenn	canon	
O2106	rhynerd		n	S	one who sets fast or takes hold		rhyn 'set fast' + -Ard (agent)	*xreun-	rhyn+Ard	LODH+cope (292) + A r d	@rhyn+A.r.d	tier3-sys	
O2107	rhynet		adj	S	set fast, taked hold (the participle)		rhyn 'set fast' + -At (participle)	*xreun-	rhyn+At	LODH+cope (292) + A t	@rhyn+A.t	tier3-sys	
O2108	rhynyl		n	S	setting fast; taking hold; the act of setting fast		rhyn 'set fast' + -Ol (verbal noun)	*xreun-	rhyn+Ol	LODH+cope (292) + O l	@rhyn+O.l	tier3-sys	
O2109	ridh	rīdhos	v	S	wash	wash	*riʔdh- 'wash' (reserve, ancestor §3.3): Hal rīdhos > ridh	*riʔdh-	*riʔdh-	WADH+gap (315)	@ridh	reserve	
O2110	ridherd		n	S	one who washes		ridh 'wash' + -Ard (agent)	*riʔdh-	ridh+Ard	WADH+gap (315) + A r d	@ridh+A.r.d	tier3-sys	
O2111	ridhet		adj	S	washed (the participle)		ridh 'wash' + -At (participle)	*riʔdh-	ridh+At	WADH+gap (315) + A t	@ridh+A.t	tier3-sys	
O2112	ridhow		n	B	a washing-place		ridh 'wash' + -ow (place)	*riʔdh-	ridh+ow	WADH+gap (315) + o w	@ridh+o.w	tier3-sys	
O2113	ridhyl		n	S	washing; the act of washing		ridh 'wash' + -Ol (verbal noun)	*riʔdh-	ridh+Ol	WADH+gap (315) + O l	@ridh+O.l	tier3-sys	
O2114	rimm	rimmos	adj	S	sweet	sweet	*riʔm- 'sweet' (reserve, ancestor §3.3): Hal rimmos > rimm	*riʔm-	*riʔm-		letters: r.i.m.m	reserve	
O2115	rimmel		adj	S	sweetish		rimm 'sweet' + -el (singulative, 'little')	*riʔm-	rimm+el		letters: r.i.m.m.e.l	tier3-sys	
O2116	rimmyth		n	S	sweetness; the quality of being sweet		rimm 'sweet' + -Oth (abstract)	*riʔm-	rimm+Oth		letters: r.i.m.m.O.th	tier3-sys	
O2117	rirn	rirnos	adj	S	poor	poor	*riʔrn- 'poor' (reserve, ancestor §3.3): Hal rirnos > rirn	*riʔrn-	*riʔrn-		letters: r.i.r.n	reserve	poor
O2118	rirnan		n	B	the poor		rirn 'poor' + -an (collective, 'the folk of')	*riʔrn-	rirn+an		letters: r.i.r.n.a.n	tier3-sys	
O2119	rirnerd		n	S	a poor man		rirn 'poor' + -Ard (agent)	*riʔrn-	rirn+Ard		letters: r.i.r.n.A.r.d	tier3-sys	
O2120	rirnyth		n	S	poorness; the quality of being poor		rirn 'poor' + -Oth (abstract)	*riʔrn-	rirn+Oth		letters: r.i.r.n.O.th	tier3-sys	
O2121	rivull	rivullos	n	B	a foundation, the bottom course; the founding	a foundation, the bottom course	*rifull- 'a foundation, the bottom course' (reserve, ancestor §3.3): Hal rivullos > rivull	*rifull-	*rifull-	HALD+lone (34)	@rivull	reserve	bottom, foundation, founding
O2122	rivulldholm		n	B	a foundation stone		rivull 'a foundation, the bottom course' + S tolm 'a stone' (compound: the head softened, §3.10)	*rifull-, *tol-	rivull^tolm	HALD+lone (34) · TOLM (1)	@rivull@tolm	tier3	
O2123	rivullel		n	S	a small foundation; a single foundation		rivull 'a foundation, the bottom course' + -el (singulative, 'little')	*rifull-	rivull+el	HALD+lone (34) + e l	@rivull+e.l	tier3-sys	
O2124	rivullen		adj	S	of foundations; foundation-like		rivull 'a foundation, the bottom course' + -en ('of, belonging to')	*rifull-	rivull+en	HALD+lone (34) + e n	@rivull+e.n	tier3-sys	
O2125	rivullow		n	B	a foundation-pit		rivull 'a foundation, the bottom course' + -ow (place)	*rifull-	rivull+ow	HALD+lone (34) + o w	@rivull+o.w	tier3-sys	
O2126	roskur	roskuris	n,v	B	a key; to lock; bar, lock (a door); key (a joint), lock fast	a key; to lock	*roskur- 'a key' (reserve, ancestor §3.3): Hal roskuris > roskur	*roskur-	*roskur-	GANNA+cup (289)	@roskur	reserve	bar, key, lock
O2127	roskurard		n	B	one who bars or locks; a key-keeper, a turnkey ('the one of the key')		roskur 'a key' + -Ard (agent)	*roskur-	roskur+Ard	GANNA+cup (289) + A r d	@roskur+A.r.d	tier3-sys	
O2128	roskurat		adj	B	barred, locked (the participle)		roskur 'a key' + -At (participle)	*roskur-	roskur+At	GANNA+cup (289) + A t	@roskur+A.t	tier3-sys	
O2129	roskurol		n	B	barring; locking; the act of barring		roskur 'a key' + -Ol (verbal noun)	*roskur-	roskur+Ol	GANNA+cup (289) + O l	@roskur+O.l	tier3-sys	
O2130	rost	rostos	num	B	nine ('thrice three')	nine ('thrice three')	*ros- 'three': *ros-t-o-s > Hal rostos > rost (H2)	*ros-	*ros-t-o-s		%r	canon	nine
O2131	rostast		num	B	ninth (the ordinal)		rost 'nine' + -Ast (ordinal)	*ros-	rost+Ast		letters: r.o.s.t.A.s.t	tier3-sys	
O2132	rostnoth		num	B	nineteen (nine-ten)		rost 'nine' + S noth 'ten' (compound: the head softened, §3.10)	*ros-, *noθ-	rost^noth		%nr	tier3	nineteen
O2133	rothor	rothoris	n	B	a fledgling	a fledgling	*rothor- 'a fledgling' (reserve, ancestor §3.3): Hal rothoris > rothor	*rothor-	*rothor-		letters: r.o.th.o.r	reserve	
O2134	rothorel		n	S	a small fledgling; a single fledgling		rothor 'a fledgling' + -el (singulative, 'little')	*rothor-	rothor+el		letters: r.o.th.o.r.e.l	tier3-sys	
O2135	rothoren		adj	S	of fledglings; fledgling-like		rothor 'a fledgling' + -en ('of, belonging to')	*rothor-	rothor+en		letters: r.o.th.o.r.e.n	tier3-sys	
O2136	roval	rovalis	n	B	cloth	cloth	*rofal- 'cloth' (reserve, ancestor §3.3): Hal rovalis > roval	*rofal-	*rofal-		letters: r.o.v.a.l	reserve	cloth
O2137	rovalard		n	B	a clothier ('the one of the cloth')		roval 'cloth' + -Ard (agent)	*rofal-	roval+Ard		letters: r.o.v.a.l.A.r.d	tier3-sys	
O2138	rovalat		adj	B	clothed ('provided with X': -At on a noun)		roval 'cloth' + -At (participle)	*rofal-	roval+At		letters: r.o.v.a.l.A.t	tier3-sys	
O2139	rovalen		adj	S	of cloth		roval 'cloth' + -en ('of, belonging to')	*rofal-	roval+en		letters: r.o.v.a.l.e.n	tier3-sys	
O2140	rovalow		n	B	a cloth-store		roval 'cloth' + -ow (place)	*rofal-	roval+ow		letters: r.o.v.a.l.o.w	tier3-sys	
O2141	ruthar	rutharis	adj	B	cruel, hard of heart	cruel, hard of heart	*ruthar- 'cruel, hard of heart' (reserve, ancestor §3.3): Hal rutharis > ruthar	*ruthar-	*ruthar-		letters: r.u.th.a.r	reserve	
O2142	rutharard		n	B	a cruel one, a tyrant		ruthar 'cruel, hard of heart' + -Ard (agent)	*ruthar-	ruthar+Ard		letters: r.u.th.a.r.A.r.d	tier3-sys	
O2143	rutharoth		n	B	cruelness; the quality of being cruel		ruthar 'cruel, hard of heart' + -Oth (abstract)	*ruthar-	ruthar+Oth		letters: r.u.th.a.r.O.th	tier3-sys	
O2144	rynn	rynnis	v	S	wake up, rise from sleep; rise (from sleep); wake (up)	wake up, rise from sleep	*ruʔnn- 'wake up, rise from sleep' (reserve, ancestor §3.3): Hal rynnis > rynn	*ruʔnn-	*ruʔnn-		letters: r.y.n.n	reserve	rise, wake
O2145	rynnerd		n	S	one who wakes up or rises from sleep		rynn 'wake up, rise from sleep' + -Ard (agent)	*ruʔnn-	rynn+Ard		letters: r.y.n.n.A.r.d	tier3-sys	
O2146	rynnet		adj	S	woken up, risen from sleep (the participle)		rynn 'wake up, rise from sleep' + -At (participle)	*ruʔnn-	rynn+At		letters: r.y.n.n.A.t	tier3-sys	
O2147	rynnyl		n	S	waking up; rising from sleep; the act of waking up		rynn 'wake up, rise from sleep' + -Ol (verbal noun)	*ruʔnn-	rynn+Ol		letters: r.y.n.n.O.l	tier3-sys	
O2148	ryss	ryssis	adj	S	wide; flat	wide	*ruʔss- 'wide' (reserve, ancestor §3.3): Hal ryssis > ryss	*ruʔss-	*ruʔss-		letters: r.y.s.s	reserve	flat, wide
O2149	ryssel		adj	S	broadish		ryss 'wide' + -el (singulative, 'little')	*ruʔss-	ryss+el		letters: r.y.s.s.e.l	tier3-sys	
O2150	ryssyth		n	S	breadth, width; wideness; the quality of being wide		ryss 'wide' + -Oth (abstract)	*ruʔss-	ryss+Oth		letters: r.y.s.s.O.th	tier3	breadth, width
O2151	ryst	riustos	n	S	the morning; the morrow; tomorrow	the morning	*reust- 'the morning' (reserve, ancestor §3.3): Hal riustos > ryst	*reust-	*reust-	ORL+rim (146)	@ryst	reserve	morning, morrow, tomorrow
O2152	rysten		adj	S	of the morning		ryst 'the morning' + -en ('of, belonging to')	*reust-	ryst+en	ORL+rim (146) + e n	@ryst+e.n	tier3-sys	
O2153	rystull	riustullis	v	B	learn; learned	learn	*reustull- 'learn' (reserve, ancestor §3.3): Hal riustullis > rystull	*reustull-	*reustull-	TUM+course (125)	@rystull	reserve	learn, learned
O2154	rystullard		n	B	one who learns		rystull 'learn' + -Ard (agent)	*reustull-	rystull+Ard	TUM+course (125) + A r d	@rystull+A.r.d	tier3-sys	
O2155	rystullat		adj	B	learned (the participle)		rystull 'learn' + -At (participle)	*reustull-	rystull+At	TUM+course (125) + A t	@rystull+A.t	tier3-sys	
O2156	rystullol		n	B	learning; the act of learning		rystull 'learn' + -Ol (verbal noun)	*reustull-	rystull+Ol	TUM+course (125) + O l	@rystull+O.l	tier3-sys	
O2157	rystullow		n	B	a school, a place of learning		rystull 'learn' + -ow (place)	*reustull-	rystull+ow	TUM+course (125) + o w	@rystull+o.w	tier3-sys	
O2158	rystvell		n	S	a morning-song		ryst 'the morning' + S vell 'a song' (compound: the head softened, §3.10)	*reust-, *fell-	ryst^vell	ORL+rim (146) · TRENN+zig (46)	@ryst@vell	tier3	
O2159	ryt	wrytis	n,v	S	a cut vow, an oath; an inscription; (v.) cut letters, write, swear; carve; a covenant; cut (letters); draw (a sign); a text; a vow	a cut vow, an oath; an inscription; (v.) cut letters, write, swear	*wrut- 'cut into': *wrut-i-s > Hal wrytis > ryt (O3,H2,H4)	*wrut-	*wrut-i-s	TOLM+cut (8)	@ryt	canon	carve, covenant, cut, draw, oath, swear, text, vow, write
O2160	ryt broc		n	B	the dry cut ('dry cutting'): the chisel register	the dry cut ('dry cutting'): the chisel register	canon (orrowen_v2): ryt cut.vow + broc dry	*wrut-, *braʔk-	phrase	TOLM+cut (8)	@ryt letters: b.r.o.k	canon	
O2161	Ryt Dhunnoth		n,name	B	the Covenant of Completion	the Covenant of Completion	canon formation: ryt + tunnoth (construct, softened (t > dh))		ryt+tunnoth	TOLM+cut (8) · VENN+cope (265) + O th	@ryt @tunn+O.th	canon	
O2162	ryt surr		n	B	an annal (the inscription of a year)		a phrase: ryt cut.vow + surr year	*wrut-, *surr-	phrase	TOLM+cut (8) · ORL+turn (139)	@ryt @surr	tier3	annal
O2163	rytdholm		n	B	a vow-stone		ryt 'a cut vow, an oath' + S tolm 'a stone' (compound: the head softened, §3.10)	*wrut-, *tol-	ryt^tolm	TOLM+cut (8) · TOLM (1)	@ryt@tolm	tier3	
O2164	ryterd		n	S	a carver, a cutter of letters, a scribe; one who cuts letters or writes		ryt 'a cut vow, an oath' + -Ard (agent)	*wrut-	ryt+Ard	TOLM+cut (8) + A r d	@ryt+A.r.d	tier3	carver, scribe
O2165	Ryterd Dasken		name	S	the Last Carver		a phrase: Ryterd carver + Dasken final	*wrut-, *dask-	phrase	TOLM+cut (8) + A r d · TRENN+cope (44) + e n	@ryt+A.r.d @dask+e.n	tier3	
O2166	rytet		n,adj	S	a carving, a thing cut; cut letters, written (the participle); inscribed ('provided with X': -At on a noun)		ryt 'a cut vow, an oath' + -At (participle)	*wrut-	ryt+At	TOLM+cut (8) + A t	@ryt+A.t	tier3	carving
O2167	ryteth surr		n	B	the annals (the inscriptions of the years)		a phrase: ryteth cut.vow-PL + surr year	*wrut-, *surr-	phrase	TOLM+cut (8) · ORL+turn (139)	@ryt+A.th @surr	tier3	annals
O2168	rytluth		n	B	a cut letter inked in, a rubric		ryt 'a cut vow, an oath' + S luth 'ink' (compound: the head softened, §3.10)	*wrut-, *luθ-	ryt^luth	TOLM+cut (8) · TRENN+fade (47)	@ryt@luth	tier3	
O2169	Rytom um		phr	B	I swear upon (the opening of an oath: rytom is the canon's broad form)		a phrase: Rytom cut.vow-1SG + um upon(+S)	*wrut-, *um-	phrase	TOLM+cut (8)	@ryt	tier3	
O2170	rytow		n	B	an archive, a place of writings		ryt 'a cut vow, an oath' + -ow (place)	*wrut-	ryt+ow	TOLM+cut (8) + o w	@ryt+o.w	tier3	archive
O2171	rytowvard		n	B	an archivist ('archive-warden')		ryt 'a cut vow, an oath' + -ow (place) + S pard 'a warden, a keeper' (compound: the head softened, §3.10)	*wrut-, *par-	ryt+ow^pard		letters: r.y.t.o.w.v.a.r.d	tier3	
O2172	rytvard		n	B	an oath-keeper ('oath-warden')		ryt 'a cut vow, an oath' + S pard 'a warden, a keeper' (compound: the head softened, §3.10)	*wrut-, *par-	ryt^pard		letters: r.y.t.v.a.r.d	tier3	oath-keeper
O2173	rytyl		n	S	cutting letters; writing; the act of cutting letters		ryt 'a cut vow, an oath' + -Ol (verbal noun)	*wrut-	ryt+Ol	TOLM+cut (8) + O l	@ryt+O.l	tier3-sys	
O2174	sa	sae	pron,conj	B	who, which, that (relative, +S); who, which, that (relative); that (the relative particle as the tie of a clause)	who, which, that (relative, +S); who, which, that (relative)	*sa / se 'that one, the one by you': *sa-e > Hal sae > sa (H2)	*sa	*sa-e		left out (a mortar word, D2)	canon	that, which, who
O2175	saed	sēdos	adj,n,v	S	half; a half; a part; share, halve	half	*seʔd- 'half' (reserve, ancestor §3.3): Hal sēdos > saed	*seʔd-	*seʔd-	VENN+gap (275)	@saed	reserve	half, part, share
O2176	saedel		n	S	a piece ('a small part'); a sliver		saed 'half' + -el (singulative, 'little')	*seʔd-	saed+el	VENN+gap (275) + e l	@saed+e.l	tier3	piece, sliver
O2177	saederd		n	S	one who shares or halves		saed 'half' + -Ard (agent)	*seʔd-	saed+Ard	VENN+gap (275) + A r d	@saed+A.r.d	tier3-sys	
O2178	saedet		adj	S	shared, halved (the participle)		saed 'half' + -At (participle)	*seʔd-	saed+At	VENN+gap (275) + A t	@saed+A.t	tier3-sys	
O2179	saedyl		n	S	sharing; halving; the act of sharing		saed 'half' + -Ol (verbal noun)	*seʔd-	saed+Ol	VENN+gap (275) + O l	@saed+O.l	tier3-sys	
O2180	saedyth		n	S	halfness; the quality of being half		saed 'half' + -Oth (abstract)	*seʔd-	saed+Oth	VENN+gap (275) + O th	@saed+O.th	tier3-sys	
O2181	saemal	sēmalos	n,v	B	hope	hope	*saimal- 'hope' (reserve, ancestor §3.3): Hal sēmalos > saemal	*saimal-	*saimal-	MOLT+bough (111)	@saemal	reserve	hope
O2182	saemalen		adj	S	hopeful		saemal 'hope' + -en ('of, belonging to')	*saimal-	saemal+en	MOLT+bough (111) + e n	@saemal+e.n	tier3-sys	
O2183	saenul	sēnulos	n	B	a pillar of stone; a pillar (of stone)	a pillar of stone	*sweinul- 'a pillar of stone' (reserve, ancestor §3.3): Hal sēnulos > saenul	*sweinul-	*sweinul-	TOLM+bough (19)	@saenul	reserve	pillar
O2184	saenulan		n	B	a colonnade		saenul 'a pillar of stone' + -an (collective, 'the folk of')	*sweinul-	saenul+an	TOLM+bough (19) + a n	@saenul+a.n	tier3-sys	
O2185	saenulel		n	S	a small pillar of stone; a single pillar of stone		saenul 'a pillar of stone' + -el (singulative, 'little')	*sweinul-	saenul+el	TOLM+bough (19) + e l	@saenul+e.l	tier3-sys	
O2186	saenulen		adj	S	of pillar of stones; pillar of stone-like		saenul 'a pillar of stone' + -en ('of, belonging to')	*sweinul-	saenul+en	TOLM+bough (19) + e n	@saenul+e.n	tier3-sys	
O2187	saenulow		n	B	a colonnade, a place of pillars		saenul 'a pillar of stone' + -ow (place)	*sweinul-	saenul+ow	TOLM+bough (19) + o w	@saenul+o.w	tier3-sys	
O2188	saevar	sēvaros	n	B	a cart	a cart	*swaiwar- 'a cart' (reserve, ancestor §3.3): Hal sēvaros > saevar	*swaiwar-	*swaiwar-		letters: s.a.e.v.a.r	reserve	cart
O2189	saevarel		n	S	a small cart; a single cart		saevar 'a cart' + -el (singulative, 'little')	*swaiwar-	saevar+el		letters: s.a.e.v.a.r.e.l	tier3-sys	
O2190	saevaren		adj	S	of carts; cart-like		saevar 'a cart' + -en ('of, belonging to')	*swaiwar-	saevar+en		letters: s.a.e.v.a.r.e.n	tier3-sys	
O2191	saevul	sēvulis	n	B	one who keeps the rolls, a clerk	one who keeps the rolls, a clerk	*saiful- 'one who keeps the rolls, a clerk' (reserve, ancestor §3.3): Hal sēvulis > saevul	*saiful-	*saiful-	ULD+cut (245)	@saevul	reserve	clerk
O2192	saevulan		n	B	the clerks, the chancery		saevul 'one who keeps the rolls, a clerk' + -an (collective, 'the folk of')	*saiful-	saevul+an	ULD+cut (245) + a n	@saevul+a.n	tier3-sys	
O2193	saevulel		n	S	little one who keeps the rolls, dear one who keeps the rolls		saevul 'one who keeps the rolls, a clerk' + -el (singulative, 'little')	*saiful-	saevul+el	ULD+cut (245) + e l	@saevul+e.l	tier3-sys	
O2194	saler	saleros	n	S	a gallery, a way cut in rock	a gallery, a way cut in rock	*saler- 'a gallery, a way cut in rock' (reserve, ancestor §3.3): Hal saleros > saler	*saler-	*saler-		letters: s.a.l.e.r	reserve	gallery
O2195	salerel		n	S	a small gallery; a single gallery		saler 'a gallery, a way cut in rock' + -el (singulative, 'little')	*saler-	saler+el		letters: s.a.l.e.r.e.l	tier3-sys	
O2196	saleren		adj	S	of galleries; gallery-like		saler 'a gallery, a way cut in rock' + -en ('of, belonging to')	*saler-	saler+en		letters: s.a.l.e.r.e.n	tier3-sys	
O2197	salerlern		n	S	a gallery-face, the rock-wall of a gallery		saler 'a gallery, a way cut in rock' + S lern 'the face' (compound: the head softened, §3.10)	*saler-, *leirn-	saler^lern		letters: s.a.l.e.r.l.e.r.n	tier3	
O2198	sann	sannos	v	B	spare	spare	*saʔnn- 'spare' (reserve, ancestor §3.3): Hal sannos > sann	*saʔnn-	*saʔnn-		letters: s.a.n.n	reserve	
O2199	sannal	sannalis	n	B	a victory	a victory	*swannal- 'a victory' (reserve, ancestor §3.3): Hal sannalis > sannal	*swannal-	*swannal-		letters: s.a.n.n.a.l	reserve	
O2200	sannard		n	B	one who spares		sann 'spare' + -Ard (agent)	*saʔnn-	sann+Ard		letters: s.a.n.n.A.r.d	tier3-sys	
O2201	sannat		adj	B	spared (the participle)		sann 'spare' + -At (participle)	*saʔnn-	sann+At		letters: s.a.n.n.A.t	tier3-sys	
O2202	sannol		n	B	sparing; the act of sparing		sann 'spare' + -Ol (verbal noun)	*saʔnn-	sann+Ol		letters: s.a.n.n.O.l	tier3-sys	
O2203	sannorn	sannornos	n	B	a drain	a drain	*sannorn- 'a drain' (reserve, ancestor §3.3): Hal sannornos > sannorn	*sannorn-	*sannorn-		letters: s.a.n.n.o.r.n	reserve	drain
O2204	sannornel		n	S	a small drain; a single drain		sannorn 'a drain' + -el (singulative, 'little')	*sannorn-	sannorn+el		letters: s.a.n.n.o.r.n.e.l	tier3-sys	
O2205	sannornen		adj	S	of drains; drain-like		sannorn 'a drain' + -en ('of, belonging to')	*sannorn-	sannorn+en		letters: s.a.n.n.o.r.n.e.n	tier3-sys	
O2206	santh	santhos	n	B	a pool	a pool	*saʔnth- 'a pool' (reserve, ancestor §3.3): Hal santhos > santh	*saʔnth-	*saʔnth-		letters: s.a.n.th	reserve	
O2207	santhel		n	S	a small pool; a single pool		santh 'a pool' + -el (singulative, 'little')	*saʔnth-	santh+el		letters: s.a.n.th.e.l	tier3-sys	
O2208	santhen		adj	S	of pools; pool-like		santh 'a pool' + -en ('of, belonging to')	*saʔnth-	santh+en		letters: s.a.n.th.e.n	tier3-sys	
O2209	sast	sastos	n	B	skin, a hide; a crust	skin, a hide	*saʔst- 'skin, a hide' (reserve, ancestor §3.3): Hal sastos > sast	*saʔst-	*saʔst-		letters: s.a.s.t	reserve	crust
O2210	sasten		adj	S	of hide, leathern		sast 'skin, a hide' + -en ('of, belonging to')	*saʔst-	sast+en		letters: s.a.s.t.e.n	tier3-sys	
O2211	sastow		n	B	a tannery, a place of hides		sast 'skin, a hide' + -ow (place)	*saʔst-	sast+ow		letters: s.a.s.t.o.w	tier3-sys	
O2212	scaelur	scēluris	n	B	a grandmother, an old mother of the hearth	a grandmother, an old mother of the hearth	*skeilur- 'a grandmother, an old mother of the hearth' (reserve, ancestor §3.3): Hal scēluris > scaelur	*skeilur-	*skeilur-		letters: s.k.a.e.l.u.r	reserve	grandmother
O2213	scaeluran		n	B	the grandmothers		scaelur 'a grandmother, an old mother of the hearth' + -an (collective, 'the folk of')	*skeilur-	scaelur+an		letters: s.k.a.e.l.u.r.a.n	tier3-sys	
O2214	scaelurel		n	S	little grandmother, dear grandmother		scaelur 'a grandmother, an old mother of the hearth' + -el (singulative, 'little')	*skeilur-	scaelur+el		letters: s.k.a.e.l.u.r.e.l	tier3-sys	
O2215	scaevur	scēvuris	n,v	B	a wheel; a ring (a round, a wheel); roll	a wheel	*skeiwur- 'a wheel' (reserve, ancestor §3.3): Hal scēvuris > scaevur	*skeiwur-	*skeiwur-		letters: s.k.a.e.v.u.r	reserve	ring, roll, wheel
O2216	scaevurard		n	B	one who rolls		scaevur 'a wheel' + -Ard (agent)	*skeiwur-	scaevur+Ard		letters: s.k.a.e.v.u.r.A.r.d	tier3-sys	
O2217	scaevurat		adj	B	rolled (the participle)		scaevur 'a wheel' + -At (participle)	*skeiwur-	scaevur+At		letters: s.k.a.e.v.u.r.A.t	tier3-sys	
O2218	scaevurel		n	S	a roll (a scroll: 'a small wheel')		scaevur 'a wheel' + -el (singulative, 'little')	*skeiwur-	scaevur+el		letters: s.k.a.e.v.u.r.e.l	tier3	roll
O2219	scaevurol		n	B	rolling; the act of rolling		scaevur 'a wheel' + -Ol (verbal noun)	*skeiwur-	scaevur+Ol		letters: s.k.a.e.v.u.r.O.l	tier3-sys	
O2220	sceth	scethis	n	S	a ship, a hull (a trunk hewn out); a ship, a hull; a vessel	a ship, a hull (a trunk hewn out); a ship, a hull	*skeθ- 'hew, cut into wood': *sketh-i-s > Hal scethis > sceth (H2)	*skeθ-	*sketh-i-s	SCETH (173)	@sceth	canon	hull, ship, vessel
O2221	scethan		n	B	a fleet; a navy	a fleet	canon formation: sceth + -an (a fleet)		sceth+-an	SCETH (173) + a n	@sceth+a.n	canon	fleet, navy
O2222	scethan dhenn		n	S	the ghost fleet (the fleet of shadow)		a phrase: scethan fleet + dhenn shadow	*dheʔn-	phrase	SCETH (173) + a n · ORL+cup (148)	@sceth+a.n @dhenn	tier3	
O2223	scethan strom		n	B	an armada (a great fleet)		a phrase: scethan fleet + strom great	*strom-	phrase	SCETH (173) + a n · VENN+rim (269)	@sceth+a.n @strom	tier3	armada
O2224	scethel		n	S	one hull of a fleet; a small ship; a single ship	one hull of a fleet	canon formation: sceth + -el (one hull of it)		sceth+-el	SCETH (173) + e l	@sceth+e.l	canon	
O2225	scethen		adj	S	of ships; ship-like		sceth 'a ship, a hull' + -en ('of, belonging to')	*skeθ-	sceth+en	SCETH (173) + e n	@sceth+e.n	tier3-sys	
O2226	scetherd		n	S	a shipman, a hull-hand ('the one of the ship')		sceth 'a ship, a hull' + -Ard (agent)	*skeθ-	sceth+Ard	SCETH (173) + A r d	@sceth+A.r.d	tier3-sys	
O2227	scethow		n	B	a shipyard		sceth 'a ship, a hull' + -ow (place)	*skeθ-	sceth+ow	SCETH (173) + o w	@sceth+o.w	tier3-sys	
O2228	scethvesk		n	S	ship-timber		sceth 'a ship, a hull' + S mesk 'a tree' (compound: the head softened, §3.10)	*skeθ-, *mosk-	sceth^mesk	SCETH (173) · MESK (186)	@sceth@mesk	tier3	
O2229	scid	scidis	adj	S	bitter; harsh	bitter	*skid- 'bitter' (reserve, ancestor §3.3): Hal scidis > scid	*skid-	*skid-		letters: s.k.i.d	reserve	harsh
O2230	scidel		adj	S	bitterish, sharp		scid 'bitter' + -el (singulative, 'little')	*skid-	scid+el		letters: s.k.i.d.e.l	tier3-sys	
O2231	scidyth		n	S	bitterness; the quality of being bitter		scid 'bitter' + -Oth (abstract)	*skid-	scid+Oth		letters: s.k.i.d.O.th	tier3-sys	
O2232	scyndal	sciundalis	n,v	B	a scream	a scream	*skeundal- 'a scream' (reserve, ancestor §3.3): Hal sciundalis > scyndal	*skeundal-	*skeundal-		letters: s.k.y.n.d.a.l	reserve	scream
O2233	scyndalard		n	B	one who screams		scyndal 'a scream' + -Ard (agent)	*skeundal-	scyndal+Ard		letters: s.k.y.n.d.a.l.A.r.d	tier3-sys	
O2234	scyndalat		adj	B	screamed (the participle)		scyndal 'a scream' + -At (participle)	*skeundal-	scyndal+At		letters: s.k.y.n.d.a.l.A.t	tier3-sys	
O2235	scyndalol		n	B	screaming; the act of screaming		scyndal 'a scream' + -Ol (verbal noun)	*skeundal-	scyndal+Ol		letters: s.k.y.n.d.a.l.O.l	tier3-sys	
O2236	sedh	sedhis	n	S	a fen	a fen	*seð- 'soft wet ground': *sedh-i-s > Hal sedhis > sedh (H2)	*seð-	*sedh-i-s	WADH+still (305)	@sedh	canon	fen
O2237	sedhan		n	B	the fen-folk		sedh 'a fen' + -an (collective, 'the folk of')	*seð-	sedh+an	WADH+still (305) + a n	@sedh+a.n	tier3-sys	
O2238	sedhel		n	S	a small fen; a single fen		sedh 'a fen' + -el (singulative, 'little')	*seð-	sedh+el	WADH+still (305) + e l	@sedh+e.l	tier3-sys	
O2239	sedhen		adj	S	fen-born ('of the fen'); of fens; fen-like		sedh 'a fen' + -en ('of, belonging to')	*seð-	sedh+en	WADH+still (305) + e n	@sedh+e.n	tier3	fen-born
O2240	Sedhnell		name	S	Fenholm ('fen-islet'); Fenholm (fen-islet)	Fenholm ('fen-islet')	canon formation: sedh + nell (Fenholm)		sedh+nell		s.e.dh.n.e.l.l	canon	Fenholm
O2241	sell	sellis	adj,v	S	long; stretch	long	*sell- 'long': *sell-i-s > Hal sellis > sell (H2)	*sell-	*sell-i-s	VENN+course (268)	@sell	canon	long, stretch
O2242	sellel		adj	S	longish		sell 'long' + -el (singulative, 'little')	*sell-	sell+el	VENN+course (268) + e l	@sell+e.l	tier3-sys	
O2243	sellerd		n	S	one who stretches		sell 'long' + -Ard (agent)	*sell-	sell+Ard	VENN+course (268) + A r d	@sell+A.r.d	tier3-sys	
O2244	sellet		adj	S	stretched (the participle)		sell 'long' + -At (participle)	*sell-	sell+At	VENN+course (268) + A t	@sell+A.t	tier3-sys	
O2245	sellyl		n	S	stretching; the act of stretching		sell 'long' + -Ol (verbal noun)	*sell-	sell+Ol	VENN+course (268) + O l	@sell+O.l	tier3-sys	
O2246	sellyth		n	S	a length; longness; the quality of being long		sell 'long' + -Oth (abstract)	*sell-	sell+Oth	VENN+course (268) + O th	@sell+O.th	tier3	length
O2247	selm	selmos	n	S	the moon; a month	the moon; a month	*selm- 'the moon' (reserve, ancestor §3.3): Hal selmos > selm	*selm-	*selm-	ORL+gap (144)	@selm	reserve	
O2248	selmwaegyth		n	S	moonlight		selm 'the moon' + S baeg 'bright' + -Oth (abstract) (compound: the head softened, §3.10)	*selm-, *baig-	selm^baeg+Oth		letters: s.e.l.m.w.a.e.g.O.th	tier3	
O2249	semm	semmis	n,v	S	a tear; to weep; cry, weep	a tear; to weep	*samm- 'a tear' (reserve, ancestor §3.3): Hal semmis > semm	*samm-	*samm-	LORR+pale (132)	@semm	reserve	cry, tear, weep
O2250	semmerd		n	S	one who cries or weeps		semm 'a tear' + -Ard (agent)	*samm-	semm+Ard	LORR+pale (132) + A r d	@semm+A.r.d	tier3-sys	
O2251	semmet		adj	S	cried, wept (the participle)		semm 'a tear' + -At (participle)	*samm-	semm+At	LORR+pale (132) + A t	@semm+A.t	tier3-sys	
O2252	semmyl		n	S	crying; weeping; the act of crying		semm 'a tear' + -Ol (verbal noun)	*samm-	semm+Ol	LORR+pale (132) + O l	@semm+O.l	tier3-sys	
O2253	senn	sennis	v	S	(v.) die: go out, as a fire in peace; set (of the sun: go down)	(v.) die: go out, as a fire in peace	*senn- 'down, below': *senn-i-s > Hal sennis > senn (H2)	*senn-	*senn-i-s	VORR+fade (154)	@senn	canon	die, set
O2254	Senneir		loan	S	Senneir, the Deep-Beneath		a Mystaeri word, borrowed by sound (orrowen_v2 §6.14 D7: loan words and Mystaeri names are spelled by sound, the knock as a wedge inside the word)	(Seilrhass)	loan		s.e.n.n.e.i.r	tier3	Senneir
O2255	sennerd		n	S	one who dies		senn 'die' + -Ard (agent)	*senn-	senn+Ard	VORR+fade (154) + A r d	@senn+A.r.d	tier3-sys	
O2256	sennet		adj	S	dead ('gone out'); died (the participle)		senn 'die' + -At (participle)	*senn-	senn+At	VORR+fade (154) + A t	@senn+A.t	tier3	dead
O2257	sennyl		n	S	dying, death; dying; the act of dying	dying, death	canon formation: senn + -ol (dying, death)		senn+-ol	VORR+fade (154) + O l	@senn+O.l	canon	death
O2258	ser	seris	v	S	go on, carry forward	go on, carry forward	*ser- 'go on, carry forward': *ser-i-s > Hal seris > ser (H2)	*ser-	*ser-i-s		letters: s.e.r	canon	
O2259	serdul	serdulos	v,n	B	trade, exchange goods	trade, exchange goods	*swairdul- 'trade, exchange goods' (reserve, ancestor §3.3): Hal serdulos > serdul	*swairdul-	*swairdul-		letters: s.e.r.d.u.l	reserve	trade
O2260	serdulard		n	B	one who trades or exchanges goods		serdul 'trade, exchange goods' + -Ard (agent)	*swairdul-	serdul+Ard		letters: s.e.r.d.u.l.A.r.d	tier3-sys	
O2261	serdulat		adj	B	traded, exchanged goods (the participle)		serdul 'trade, exchange goods' + -At (participle)	*swairdul-	serdul+At		letters: s.e.r.d.u.l.A.t	tier3-sys	
O2262	serdulol		n	B	trading; exchanging goods; the act of trading		serdul 'trade, exchange goods' + -Ol (verbal noun)	*swairdul-	serdul+Ol		letters: s.e.r.d.u.l.O.l	tier3-sys	
O2263	serdulow		n	B	a trading-post		serdul 'trade, exchange goods' + -ow (place)	*swairdul-	serdul+ow		letters: s.e.r.d.u.l.o.w	tier3-sys	
O2264	serdulyenth		n	S	a trade-table		serdul 'trade, exchange goods' + S genth 'a table' (compound: the head softened, §3.10)	*swairdul-, *geinth-	serdul^genth		letters: s.e.r.d.u.l.y.e.n.th	tier3	trade-tables
O2265	Seren	sereŋos	name	S	Seren, 'a single sorrow that overcomes' (a name); a single sorrow that overcomes (Jack's note 6)	Seren, 'a single sorrow that overcomes' (a name); a single sorrow that overcomes (Jack's note 6)	*swe- / swo- 'one's own': *swe- 'one's own; one alone, single' + *reŋ- 'a sorrow that is carried and does not break the one who carries it' + the nominative *-o-s: *swe-reŋ-o-s > Hal SEREŊOS (O4 sw- > s-) > sereŋ (H2) > seren (H4 ŋ > n); Jack's note 6	*reŋ-, *swe-	*swe-reŋ-o-s		s.e.r.e.n	canon	Seren
O2266	Seren Pa Luth		name	B	Seren Two-Inks	Seren Two-Inks	canon (orrowen_v2): Seren Seren + Pa two(+S) + Luth ink	*reŋ-, *swe-, *pa-, *luθ-	phrase	TRENN+fade (47)	s.e.r.e.n %p @luth	canon	
O2267	serr	serros	n	S	the tongue; a tongue (of the mouth)	the tongue	*seirr- 'the tongue' (reserve, ancestor §3.3): Hal serros > serr	*seirr-	*seirr-		letters: s.e.r.r	reserve	tongue
O2268	serrel		n	S	a small tongue; a single tongue		serr 'the tongue' + -el (singulative, 'little')	*seirr-	serr+el		letters: s.e.r.r.e.l	tier3-sys	
O2269	serren		adj	S	of tongues; tongue-like		serr 'the tongue' + -en ('of, belonging to')	*seirr-	serr+en		letters: s.e.r.r.e.n	tier3-sys	
O2270	serull	serullos	n	B	a coin, a struck piece	a coin, a struck piece	*serull- 'a coin, a struck piece' (reserve, ancestor §3.3): Hal serullos > serull	*serull-	*serull-	TOLM+notch (17)	@serull	reserve	coin
O2271	serullard		n	B	a moneyer ('the one of the coin')		serull 'a coin, a struck piece' + -Ard (agent)	*serull-	serull+Ard	TOLM+notch (17) + A r d	@serull+A.r.d	tier3-sys	
O2272	serullel		n	S	a small coin; a single coin		serull 'a coin, a struck piece' + -el (singulative, 'little')	*serull-	serull+el	TOLM+notch (17) + e l	@serull+e.l	tier3-sys	
O2273	serullen		adj	S	of coins; coin-like		serull 'a coin, a struck piece' + -en ('of, belonging to')	*serull-	serull+en	TOLM+notch (17) + e n	@serull+e.n	tier3-sys	
O2274	serullow		n	B	a treasury, a place of coins		serull 'a coin, a struck piece' + -ow (place)	*serull-	serull+ow	TOLM+notch (17) + o w	@serull+o.w	tier3-sys	
O2275	ses	sesis	n	S	a fish	a fish	*sas- 'a fish' (reserve, ancestor §3.3): Hal sesis > ses	*sas-	*sas-		letters: s.e.s	reserve	
O2276	sesan		n	B	a shoal of fish		ses 'a fish' + -an (collective, 'the folk of')	*sas-	ses+an		letters: s.e.s.a.n	tier3-sys	
O2277	sesel		n	S	little fish, dear fish		ses 'a fish' + -el (singulative, 'little')	*sas-	ses+el		letters: s.e.s.e.l	tier3-sys	
O2278	seserd		n	S	a fisherman ('the one of the fish')		ses 'a fish' + -Ard (agent)	*sas-	ses+Ard		letters: s.e.s.A.r.d	tier3-sys	
O2279	sesk	seskis	v	S	(v.) know a fact; be aware, know; know (a thing that is so)	(v.) know a fact	*sesk- 'know': *sesk-i-s > Hal seskis > sesk (H2)	*sesk-	*sesk-i-s	TUM+cope (121)	@sesk	canon	aware, know
O2280	seskerd		n	S	one who knows a fact		sesk 'know a fact' + -Ard (agent)	*sesk-	sesk+Ard	TUM+cope (121) + A r d	@sesk+A.r.d	tier3-sys	
O2281	sesket		adj	S	known a fact (the participle)		sesk 'know a fact' + -At (participle)	*sesk-	sesk+At	TUM+cope (121) + A t	@sesk+A.t	tier3-sys	
O2282	seskyl		n	S	knowing a fact; the act of knowing a fact		sesk 'know a fact' + -Ol (verbal noun)	*sesk-	sesk+Ol	TUM+cope (121) + O l	@sesk+O.l	tier3-sys	
O2283	sesow		n	B	a fishing-ground		ses 'a fish' + -ow (place)	*sas-	ses+ow		letters: s.e.s.o.w	tier3-sys	
O2284	sest	sestos	n	S	the shoulder; a shoulder	the shoulder	*seʔst- 'the shoulder' (reserve, ancestor §3.3): Hal sestos > sest	*seʔst-	*seʔst-		letters: s.e.s.t	reserve	shoulder
O2285	sestel		n	S	a small shoulder; a single shoulder		sest 'the shoulder' + -el (singulative, 'little')	*seʔst-	sest+el		letters: s.e.s.t.e.l	tier3-sys	
O2286	sesten		adj	S	of shoulders; shoulder-like		sest 'the shoulder' + -en ('of, belonging to')	*seʔst-	sest+en		letters: s.e.s.t.e.n	tier3-sys	
O2287	sestow		n	B	the back ('the shoulder-place'); the stern of a hull; a stern		sest 'the shoulder' + -ow (place)	*seʔst-	sest+ow		letters: s.e.s.t.o.w	tier3	back, stern
O2288	sestow flennath		n	B	the appendix (the back of the Book)		a phrase: sestow back + flennath Book	*seʔst-	phrase	TRENN+three (48) + a th	letters: s.e.s.t.o.w @flenn+a.th	tier3	appendix
O2289	sestyarl		n	B	an arm ('shoulder-hand')		sest 'the shoulder' + S garl 'a hand' (compound: the head softened, §3.10)	*seʔst-, *garl-	sest^garl		letters: s.e.s.t.y.a.r.l	tier3	arm
O2290	sevess	sevessos	v	S	lie in wait	lie in wait	*swefeiss- 'lie in wait' (reserve, ancestor §3.3): Hal sevessos > sevess	*swefeiss-	*swefeiss-		letters: s.e.v.e.s.s	reserve	
O2291	sevesserd		n	S	one who lies in wait		sevess 'lie in wait' + -Ard (agent)	*swefeiss-	sevess+Ard		letters: s.e.v.e.s.s.A.r.d	tier3-sys	
O2292	sevesset		adj	S	lain in wait (the participle)		sevess 'lie in wait' + -At (participle)	*swefeiss-	sevess+At		letters: s.e.v.e.s.s.A.t	tier3-sys	
O2293	sevessow		n	B	an ambush-place		sevess 'lie in wait' + -ow (place)	*swefeiss-	sevess+ow		letters: s.e.v.e.s.s.o.w	tier3-sys	
O2294	sevessyl		n	S	lying in wait; the act of lying in wait		sevess 'lie in wait' + -Ol (verbal noun)	*swefeiss-	sevess+Ol		letters: s.e.v.e.s.s.O.l	tier3-sys	
O2295	sevir	seviros	n	S	a volley, a shower of shot; a bombardment	a volley, a shower of shot	*sofir- 'a volley, a shower of shot' (reserve, ancestor §3.3): Hal seviros > sevir	*sofir-	*sofir-	CRESK+rim (86)	@sevir	reserve	bombardment, volley
O2296	simm	simmos	n	S	the belly, the womb; a lap	the belly, the womb	*siʔmm- 'the belly, the womb' (reserve, ancestor §3.3): Hal simmos > simm	*siʔmm-	*siʔmm-		letters: s.i.m.m	reserve	lap
O2297	simmel		n	S	a small belly; a single belly		simm 'the belly, the womb' + -el (singulative, 'little')	*siʔmm-	simm+el		letters: s.i.m.m.e.l	tier3-sys	
O2298	simmen		adj	S	of bellies; belly-like		simm 'the belly, the womb' + -en ('of, belonging to')	*siʔmm-	simm+en		letters: s.i.m.m.e.n	tier3-sys	
O2299	sinth	sinthos	n	S	a flower; a bloom	a flower	*siʔnth- 'a flower' (reserve, ancestor §3.3): Hal sinthos > sinth	*siʔnth-	*siʔnth-	MESK+star (192)	@sinth	reserve	bloom
O2300	sinthan		n	B	a garland		sinth 'a flower' + -an (collective, 'the folk of')	*siʔnth-	sinth+an	MESK+star (192) + a n	@sinth+a.n	tier3-sys	
O2301	sinthel		n	S	a small flower; a single flower		sinth 'a flower' + -el (singulative, 'little')	*siʔnth-	sinth+el	MESK+star (192) + e l	@sinth+e.l	tier3-sys	
O2302	sinthen		adj	S	of flowers; flower-like		sinth 'a flower' + -en ('of, belonging to')	*siʔnth-	sinth+en	MESK+star (192) + e n	@sinth+e.n	tier3-sys	
O2303	sinthow		n	B	a flower-bed, a place of flowers		sinth 'a flower' + -ow (place)	*siʔnth-	sinth+ow	MESK+star (192) + o w	@sinth+o.w	tier3-sys	
O2304	sirr	sirris	n	S	glass	glass	*sirr- 'a clear hard thing': *sirr-i-s > Hal sirris > sirr (H2)	*sirr-	*sirr-i-s	TOLM+star (9)	@sirr	canon	glass
O2305	sirren		adj	S	of glass, glassy		sirr 'glass' + -en ('of, belonging to')	*sirr-	sirr+en	TOLM+star (9) + e n	@sirr+e.n	tier3-sys	
O2306	sirret		adj	S	glazed ('provided with X': -At on a noun)		sirr 'glass' + -At (participle)	*sirr-	sirr+At	TOLM+star (9) + A t	@sirr+A.t	tier3-sys	
O2307	sirrow		n	B	a glass-house		sirr 'glass' + -ow (place)	*sirr-	sirr+ow	TOLM+star (9) + o w	@sirr+o.w	tier3-sys	
O2308	Sirrvell		name	S	Glasspire ('glass-spire'); Glasspire (glass-spire)	Glasspire ('glass-spire')	canon formation: sirr + pell (Glasspire (p > v))		sirr+pell		s.i.r.r.v.e.l.l	canon	Glasspire
O2309	sivur	sivuris	n	B	a spear	a spear	*swifur- 'a spear' (reserve, ancestor §3.3): Hal sivuris > sivur	*swifur-	*swifur-		letters: s.i.v.u.r	reserve	
O2310	sivuran		n	B	a thicket of spears		sivur 'a spear' + -an (collective, 'the folk of')	*swifur-	sivur+an		letters: s.i.v.u.r.a.n	tier3-sys	
O2311	sivurard		n	B	a spearman ('the one of the spear')		sivur 'a spear' + -Ard (agent)	*swifur-	sivur+Ard		letters: s.i.v.u.r.A.r.d	tier3-sys	
O2312	sivurel		n	S	a small spear; a single spear		sivur 'a spear' + -el (singulative, 'little')	*swifur-	sivur+el		letters: s.i.v.u.r.e.l	tier3-sys	
O2313	sivuren		adj	S	of spears; spear-like		sivur 'a spear' + -en ('of, belonging to')	*swifur-	sivur+en		letters: s.i.v.u.r.e.n	tier3-sys	
O2314	so	soa	pron	B	they; their (+S); they/their	they; their (+S); they/their	*so- 'they': *so-a > Hal soa > so (H2)	*so-	*so-a		left out (a mortar word, D2)	canon	they
O2315	sodh	sādhos	v,n	B	play; a game	play; a game	*saʔdh- 'play' (reserve, ancestor §3.3): Hal sādhos > sodh	*saʔdh-	*saʔdh-		letters: s.o.dh	reserve	game
O2316	sodhard		n	B	one who plays		sodh 'play' + -Ard (agent)	*saʔdh-	sodh+Ard		letters: s.o.dh.A.r.d	tier3-sys	
O2317	sodhat		adj	B	played (the participle)		sodh 'play' + -At (participle)	*saʔdh-	sodh+At		letters: s.o.dh.A.t	tier3-sys	
O2318	sodhol		n	B	playing; the act of playing		sodh 'play' + -Ol (verbal noun)	*saʔdh-	sodh+Ol		letters: s.o.dh.O.l	tier3-sys	
O2319	sodhow		n	B	a playing-field, a game-ground		sodh 'play' + -ow (place)	*saʔdh-	sodh+ow		letters: s.o.dh.o.w	tier3-sys	
O2320	sodhvell		n	S	a skipping-song		sodh 'play' + S vell 'a song' (compound: the head softened, §3.10)	*saʔdh-, *fell-	sodh^vell		letters: s.o.dh.v.e.l.l	tier3	
O2321	sol	solos	v,adj	B	(v.) rest, lie still; still, at rest	(v.) rest, lie still	*sol- / soʔl- 'lie still': *sol-o-s > Hal solos > sol (H2)	*sol-	*sol-o-s		letters: s.o.l	canon	rest, still
O2322	solard		n	B	one who rests or lies still		sol 'rest, lie still' + -Ard (agent)	*sol-	sol+Ard		letters: s.o.l.A.r.d	tier3-sys	
O2323	solat		adj	B	rested, lain still (the participle)		sol 'rest, lie still' + -At (participle)	*sol-	sol+At		letters: s.o.l.A.t	tier3-sys	
O2324	sollan	sollanos	n	B	peace ('the rest after the work'); peace	peace ('the rest after the work'); peace	*sol- / soʔl- 'lie still': *soʔl-an-o-s > Hal sollanos > sollan (O1,H2)	*sol-	*soʔl-an-o-s	GARL+still (217)	@sollan	canon	peace
O2325	sollanen		adj	S	peaceful		sollan 'peace' + -en ('of, belonging to')	*sol-	sollan+en	GARL+still (217) + e n	@sollan+e.n	tier3-sys	
O2326	solol		n	B	resting; lying still; the act of resting		sol 'rest, lie still' + -Ol (verbal noun)	*sol-	sol+Ol		letters: s.o.l.O.l	tier3-sys	
O2327	soloth		n	B	stillness; the quality of being still		sol 'rest, lie still' + -Oth (abstract)	*sol-	sol+Oth		letters: s.o.l.O.th	tier3-sys	
O2328	solow		n	B	a resting-place		sol 'rest, lie still' + -ow (place)	*sol-	sol+ow		letters: s.o.l.o.w	tier3-sys	
O2329	somm	soŋmas	conj	B	while, as long as; as, while	while, as long as	*soŋ- 'the length of a thing': *soŋ-ma-s > Hal soŋmas > somm (H2,H4)	*soŋ-	*soŋ-ma-s	TOVV+still (167)	@somm	canon	as, while
O2330	sona	sonā	pron	B	they two (+S); they two	they two (+S); they two	*so- 'they': *so-naʔ > Hal sonā > sona (O1,H3)	*so-	*so-naʔ		left out (a mortar word, D2)	canon	
O2331	sorenn	sorennis	n	S	the middle of the day, noon	the middle of the day, noon	*sorenn- 'the middle of the day, noon' (reserve, ancestor §3.3): Hal sorennis > sorenn	*sorenn-	*sorenn-		letters: s.o.r.e.n.n	reserve	noon
O2332	sorth	sorthos	n	B	a ridge	a ridge	*sorθ- 'a back of land': *sorth-o-s > Hal sorthos > sorth (H2)	*sorθ-	*sorth-o-s	BRUNN+rim (319)	@sorth	canon	ridge
O2333	sorthan		n	B	the ridges; the ridge-folk		sorth 'a ridge' + -an (collective, 'the folk of')	*sorθ-	sorth+an	BRUNN+rim (319) + a n	@sorth+a.n	tier3-sys	
O2334	sorthel		n	S	a small ridge; a single ridge		sorth 'a ridge' + -el (singulative, 'little')	*sorθ-	sorth+el	BRUNN+rim (319) + e l	@sorth+e.l	tier3-sys	
O2335	sorthen		adj	S	of ridges; ridge-like		sorth 'a ridge' + -en ('of, belonging to')	*sorθ-	sorth+en	BRUNN+rim (319) + e n	@sorth+e.n	tier3-sys	
O2336	sost	sostos	pron,adv,adj	B	self, very; self, very: et dask sost 'the very end'; even; own; so (very)	self, very; self, very: et dask sost 'the very end'	*swe- / swo- 'one's own': *swo-st-o-s > Hal sostos > sost (O4,H2)	*swe-	*swo-st-o-s		left out (a mortar word, D2)	canon	even, own, so, very
O2337	spant	spantos	n	B	surf, breaking water	surf, breaking water	*spant- 'surf, breaking water' (reserve, ancestor §3.3): Hal spantos > spant	*spant-	*spant-	WADH+wedge (316)	@spant	reserve	surf
O2338	spantdhrenn		n	S	the surf-line		spant 'surf, breaking water' + S trenn 'a course of stones' (compound: the head softened, §3.10)	*spant-, *trenn-	spant^trenn	WADH+wedge (316) · TRENN (39)	@spant@trenn	tier3	
O2339	spantel		n	S	a small surf; a single surf		spant 'surf, breaking water' + -el (singulative, 'little')	*spant-	spant+el	WADH+wedge (316) + e l	@spant+e.l	tier3-sys	
O2340	spanten		adj	S	of surves; surf-like		spant 'surf, breaking water' + -en ('of, belonging to')	*spant-	spant+en	WADH+wedge (316) + e n	@spant+e.n	tier3-sys	
O2341	spenn	spennos	n	S	mud	mud	*speʔnn- 'mud' (reserve, ancestor §3.3): Hal spennos > spenn	*speʔnn-	*speʔnn-	LODH+zig (300)	@spenn	reserve	
O2342	spennet		adj	S	muddied ('provided with X': -At on a noun)		spenn 'mud' + -At (participle)	*speʔnn-	spenn+At	LODH+zig (300) + A t	@spenn+A.t	tier3-sys	
O2343	stacorn	stacornis	adj,v	B	pale; blanch, go pale	pale	*stakorn- 'pale' (reserve, ancestor §3.3): Hal stacornis > stacorn	*stakorn-	*stakorn-		letters: s.t.a.k.o.r.n	reserve	blanch, pale
O2344	stacornard		n	B	one who blanches or goes pale		stacorn 'pale' + -Ard (agent)	*stakorn-	stacorn+Ard		letters: s.t.a.k.o.r.n.A.r.d	tier3-sys	
O2345	stacornat		adj	B	blanched, gone pale (the participle)		stacorn 'pale' + -At (participle)	*stakorn-	stacorn+At		letters: s.t.a.k.o.r.n.A.t	tier3-sys	
O2346	stacornel		adj	S	palish, wan		stacorn 'pale' + -el (singulative, 'little')	*stakorn-	stacorn+el		letters: s.t.a.k.o.r.n.e.l	tier3-sys	
O2347	stacornol		n	B	blanching; going pale; the act of blanching		stacorn 'pale' + -Ol (verbal noun)	*stakorn-	stacorn+Ol		letters: s.t.a.k.o.r.n.O.l	tier3-sys	
O2348	stacornoth		n	B	paleness; the quality of being pale		stacorn 'pale' + -Oth (abstract)	*stakorn-	stacorn+Oth		letters: s.t.a.k.o.r.n.O.th	tier3-sys	
O2349	stann	stannos	v	B	(v.) quarry, cut stone from the bed	(v.) quarry, cut stone from the bed	*stann- 'cut out of its bed': *stann-o-s > Hal stannos > stann (H2)	*stann-	*stann-o-s	TOLM+wedge (7)	@stann	canon	quarry
O2350	Stannard	stannardos	name,n	B	Stannard, 'quarrier' (a name); a quarryman, a quarrier	Stannard, 'quarrier' (a name)	*stann- 'cut out of its bed': *stann-ard-o-s > Hal stannardos > stannard (H2)	*stann-	*stann-ard-o-s		s.t.a.n.n.a.r.d	canon	quarryman, Stannard
O2351	stannat		adj	B	quarried, cut stone from the bed (the participle)		stann 'quarry, cut stone from the bed' + -At (participle)	*stann-	stann+At	TOLM+wedge (7) + A t	@stann+A.t	tier3-sys	
O2352	stannol		n	B	quarrying; cutting stone from the bed; the act of quarrying		stann 'quarry, cut stone from the bed' + -Ol (verbal noun)	*stann-	stann+Ol	TOLM+wedge (7) + O l	@stann+O.l	tier3-sys	
O2353	stannow		n	B	a quarry	a quarry	canon formation: stann + -ow (place -ow)		stann+-ow	TOLM+wedge (7) + o w	@stann+o.w	canon	quarry
O2354	stannowan		n	B	the quarry-folk		stannow 'a quarry' + -an (collective, 'the folk of')		stannow+an	TOLM+wedge (7) + o w + a n	@stann+o.w+a.n	tier3-sys	
O2355	stannowvard		n	B	a quarry-warden		stannow 'a quarry' + S pard 'a warden, a keeper' (compound: the head softened, §3.10)	*par-	stannow^pard		letters: s.t.a.n.n.o.w.v.a.r.d	tier3	quarry-wardens
O2356	stathul	stathulos	n,v	B	praise; honour	praise	*stathul- 'praise' (reserve, ancestor §3.3): Hal stathulos > stathul	*stathul-	*stathul-	BROD+cope (211)	@stathul	reserve	honour
O2357	stell	stellis	n	S	a cairn; a heap	a cairn	*stell- 'a heap of stones': *stell-i-s > Hal stellis > stell (H2)	*stell-	*stell-i-s	TOLM+three (5)	@stell	canon	cairn, heap
O2358	stellan		n	B	a field of cairns		stell 'a cairn' + -an (collective, 'the folk of')	*stell-	stell+an	TOLM+three (5) + a n	@stell+a.n	tier3-sys	
O2359	stelldholm		n	B	a cairn-stone		stell 'a cairn' + S tolm 'a stone' (compound: the head softened, §3.10)	*stell-, *tol-	stell^tolm	TOLM+three (5) · TOLM (1)	@stell@tolm	tier3	
O2360	stellel		n	S	one stone of a cairn (the singulative)		stell 'a cairn' + -el (singulative, 'little')	*stell-	stell+el	TOLM+three (5) + e l	@stell+e.l	tier3-sys	
O2361	stellen		adj	S	of cairns; cairn-like		stell 'a cairn' + -en ('of, belonging to')	*stell-	stell+en	TOLM+three (5) + e n	@stell+e.n	tier3-sys	
O2362	stellerd		n	S	a cairn-builder ('the one of the cairn')		stell 'a cairn' + -Ard (agent)	*stell-	stell+Ard	TOLM+three (5) + A r d	@stell+A.r.d	tier3-sys	
O2363	stellet		adj	S	cairned, marked with a cairn ('provided with X': -At on a noun)		stell 'a cairn' + -At (participle)	*stell-	stell+At	TOLM+three (5) + A t	@stell+A.t	tier3-sys	
O2364	stelleth		n	S	cairns; a burial-field (a plural with a sense of its own)		stell 'a cairn' + -Ath (plural)	*stell-	stell+Ath	TOLM+three (5) + A th	@stell+A.th	tier3-sys	
O2365	stellow		n	B	a field of cairns		stell 'a cairn' + -ow (place)	*stell-	stell+ow	TOLM+three (5) + o w	@stell+o.w	tier3-sys	
O2366	stellvard		n	B	a cairn-keeper		stell 'a cairn' + S pard 'a warden, a keeper' (compound: the head softened, §3.10)	*stell-, *par-	stell^pard		letters: s.t.e.l.l.v.a.r.d	tier3	
O2367	stemir	stemiris	n	S	a battle	a battle	*stomir- 'a battle' (reserve, ancestor §3.3): Hal stemiris > stemir	*stomir-	*stomir-	CRESK+notch (85)	@stemir	reserve	battle
O2368	stendor	stendoris	n	B	a crane, a lifting-beam	a crane, a lifting-beam	*stendor- 'a crane, a lifting-beam' (reserve, ancestor §3.3): Hal stendoris > stendor [banned ending -dor (§2.5): the reserve root owes a re-draw; not used in tier-3 text]	*stendor-	*stendor-		letters: s.t.e.n.d.o.r	reserve	
O2369	stidor	stidoros	n	B	one who cries news	one who cries news	*stidor- 'one who cries news' (reserve, ancestor §3.3): Hal stidoros > stidor [banned ending -dor (§2.5): the reserve root owes a re-draw; not used in tier-3 text]	*stidor-	*stidor-	ULD+zig (246)	@stidor	reserve	
O2370	stin	stinos	v	S	cut	cut	*stin- 'cut' (reserve, ancestor §3.3): Hal stinos > stin	*stin-	*stin-		letters: s.t.i.n	reserve	cut
O2371	stinal	stinalos	n	B	a raised stone of offering	a raised stone of offering	*stinal- 'a raised stone of offering' (reserve, ancestor §3.3): Hal stinalos > stinal	*stinal-	*stinal-	TOLM+door (18)	@stinal	reserve	
O2372	stinalel		n	S	a small raised stone of offering; a single raised stone of offering		stinal 'a raised stone of offering' + -el (singulative, 'little')	*stinal-	stinal+el	TOLM+door (18) + e l	@stinal+e.l	tier3-sys	
O2373	stinalen		adj	S	of raised stone of offerings; raised stone of offering-like		stinal 'a raised stone of offering' + -en ('of, belonging to')	*stinal-	stinal+en	TOLM+door (18) + e n	@stinal+e.n	tier3-sys	
O2374	stinalow		n	B	a holy place of offering-stones		stinal 'a raised stone of offering' + -ow (place)	*stinal-	stinal+ow	TOLM+door (18) + o w	@stinal+o.w	tier3-sys	
O2375	stinel		n	S	a stroke ('a single cut')		stin 'cut' + -el (singulative, 'little')	*stin-	stin+el		letters: s.t.i.n.e.l	tier3	stroke
O2376	stinel dhant		n	B	salt-cuts		a phrase: stinel stroke + dhant S·salt	*stin-, *tant-	phrase	WADH+drop (317)	letters: s.t.i.n.e.l @tant	tier3	salt-cuts
O2377	stinerd		n	S	one who cuts		stin 'cut' + -Ard (agent)	*stin-	stin+Ard		letters: s.t.i.n.A.r.d	tier3-sys	
O2378	stinet		adj	S	cut (the participle)		stin 'cut' + -At (participle)	*stin-	stin+At		letters: s.t.i.n.A.t	tier3-sys	
O2379	stinyl		n	S	a cutting; cutting; the act of cutting		stin 'cut' + -Ol (verbal noun)	*stin-	stin+Ol		letters: s.t.i.n.O.l	tier3	cutting
O2380	stomorn	stomornos	n	B	a beam; a frame	a beam	*stomorn- 'a beam' (reserve, ancestor §3.3): Hal stomornos > stomorn	*stomorn-	*stomorn-		letters: s.t.o.m.o.r.n	reserve	beam, frame
O2381	stomornan		n	B	a frame of beams, a roofing		stomorn 'a beam' + -an (collective, 'the folk of')	*stomorn-	stomorn+an		letters: s.t.o.m.o.r.n.a.n	tier3-sys	
O2382	stomornat		adj	B	beamed ('provided with X': -At on a noun)		stomorn 'a beam' + -At (participle)	*stomorn-	stomorn+At		letters: s.t.o.m.o.r.n.A.t	tier3-sys	
O2383	stomornel		n	S	a small beam; a single beam		stomorn 'a beam' + -el (singulative, 'little')	*stomorn-	stomorn+el		letters: s.t.o.m.o.r.n.e.l	tier3-sys	
O2384	stomornen		adj	S	of beams; beam-like		stomorn 'a beam' + -en ('of, belonging to')	*stomorn-	stomorn+en		letters: s.t.o.m.o.r.n.e.n	tier3-sys	
O2385	stomornow		n	B	a timber-yard		stomorn 'a beam' + -ow (place)	*stomorn-	stomorn+ow		letters: s.t.o.m.o.r.n.o.w	tier3-sys	
O2386	ston	stonos	v,adj	B	(v.) stand (of a wall), make stand, hold firm; steady; sustain; It stands (the close of every oath)	(v.) stand (of a wall), make stand, hold firm	*ston- 'stand firm, hold one's place': *ston-o-s > Hal stonos > ston (H2)	*ston-	*ston-o-s	TOLM+still (11)	@ston	canon	stand, steady, sustain
O2387	stonard		n	B	one who stands or makes stand		ston 'stand' + -Ard (agent)	*ston-	ston+Ard	TOLM+still (11) + A r d	@ston+A.r.d	tier3-sys	
O2388	stonat		adj	B	standing; stood, made stand (the participle)		ston 'stand' + -At (participle)	*ston-	ston+At	TOLM+still (11) + A t	@ston+A.t	tier3	standing
O2389	stondholm		n	B	a standing stone		ston 'stand' + S tolm 'a stone' (compound: the head softened, §3.10)	*ston-, *tol-	ston^tolm	TOLM+still (11) · TOLM (1)	@ston@tolm	tier3	
O2390	stonol		n	B	standing; making stand; the act of standing		ston 'stand' + -Ol (verbal noun)	*ston-	ston+Ol	TOLM+still (11) + O l	@ston+O.l	tier3-sys	
O2391	Stonos		phr	B	It stands (the Hal form, kept in liturgy)				phrase		letters: s.t.o.n.o.s	tier3	
O2392	stonoth		n	B	steadiness; the quality of being steady		ston 'stand' + -Oth (abstract)	*ston-	ston+Oth	TOLM+still (11) + O th	@ston+O.th	tier3-sys	
O2393	Stonwryt		n	S	the vow cut under a great work; the Stonwryt coin; trust	the vow cut under a great work; the Stonwryt coin; trust	canon formation: ston + ryt (Hal compound stonwryta, built on the Hal stems ston- and wryt- (hence its y); the guild keeps the w in spelling)		ston+ryt	TOLM+still (11) · TOLM+cut (8)	@ston@ryt	canon	Stonwryt
O2394	Stonwrytan		n	B	the guild; the Stonewrights; the Stonewrights, the guild	the guild; the Stonewrights	canon formation: stonwryt + -an (collective)		stonwryt+-an	TOLM+still (11) · TOLM+cut (8) + a n	@ston@ryt+a.n	canon	guild, Stonewrights
O2395	stonwrytel		n	S	one Stonewright; a Stonewright	one Stonewright	canon formation: stonwryt + -el (singulative)		stonwryt+-el	TOLM+still (11) · TOLM+cut (8) + e l	@ston@ryt+e.l	canon	Stonewright
O2396	strom	stromos	adj	B	great; sovereign; vast	great	*strom- 'wide, great': *strom-o-s > Hal stromos > strom (H2)	*strom-	*strom-o-s	VENN+rim (269)	@strom	canon	great, sovereign, vast
O2397	stromel		adj	S	largish, sizeable		strom 'great' + -el (singulative, 'little')	*strom-	strom+el	VENN+rim (269) + e l	@strom+e.l	tier3-sys	
O2398	stromoth		n	B	size, greatness; greatness; the quality of being great		strom 'great' + -Oth (abstract)	*strom-	strom+Oth	VENN+rim (269) + O th	@strom+O.th	tier3	size
O2399	stromrunn		n	B	a ram ('great-hammer')		strom 'great' + S drunn 'a mallet, a hammer' (compound: the head softened, §3.10)	*strom-, *drunn-	strom^drunn	VENN+rim (269) · GARL+wedge (218)	@strom@drunn	tier3	ram
O2400	stykil	stykilos	v,n	S	wonder; astonish, amaze ('make wonder'); an enchantment, a wonder	wonder	*stukil- 'wonder' (reserve, ancestor §3.3): Hal stykilos > stykil	*stukil-	*stukil-	VESK+star (231)	@stykil	reserve	astonish, enchantment
O2401	stykilerd		n	S	one who wonders		stykil 'wonder' + -Ard (agent)	*stukil-	stykil+Ard	VESK+star (231) + A r d	@stykil+A.r.d	tier3-sys	
O2402	stykilet		n,adj	S	a curiosity (a thing wondered at); wondered (the participle)		stykil 'wonder' + -At (participle)	*stukil-	stykil+At	VESK+star (231) + A t	@stykil+A.t	tier3	curiosity
O2403	stykilyl		n	S	wondering; the act of wondering		stykil 'wonder' + -Ol (verbal noun)	*stukil-	stykil+Ol	VESK+star (231) + O l	@stykil+O.l	tier3-sys	
O2404	stynnil	stynnilos	n	S	a fern	a fern	*stunnil- 'a fern' (reserve, ancestor §3.3): Hal stynnilos > stynnil	*stunnil-	*stunnil-		letters: s.t.y.n.n.i.l	reserve	
O2405	stynnilel		n	S	a small fern; a single fern		stynnil 'a fern' + -el (singulative, 'little')	*stunnil-	stynnil+el		letters: s.t.y.n.n.i.l.e.l	tier3-sys	
O2406	stynnilen		adj	S	of ferns; fern-like		stynnil 'a fern' + -en ('of, belonging to')	*stunnil-	stynnil+en		letters: s.t.y.n.n.i.l.e.n	tier3-sys	
O2407	styvess	stiuvessis	n	S	myrrh	myrrh	*steuweiss- 'myrrh' (reserve, ancestor §3.3): Hal stiuvessis > styvess	*steuweiss-	*steuweiss-		letters: s.t.y.v.e.s.s	reserve	myrrh
O2408	styvessen		adj	S	of myrrh		styvess 'myrrh' + -en ('of, belonging to')	*steuweiss-	styvess+en		letters: s.t.y.v.e.s.s.e.n	tier3-sys	
O2409	styvil	styvilos	n	S	gold, the metal	gold, the metal	*stufil- 'gold, the metal' (reserve, ancestor §3.3): Hal styvilos > styvil	*stufil-	*stufil-		letters: s.t.y.v.i.l	reserve	gold
O2410	styvilen		adj	S	of gold (the metal)		styvil 'gold, the metal' + -en ('of, belonging to')	*stufil-	styvil+en		letters: s.t.y.v.i.l.e.n	tier3-sys	
O2411	styvilow		n	B	a gold-working		styvil 'gold, the metal' + -ow (place)	*stufil-	styvil+ow		letters: s.t.y.v.i.l.o.w	tier3-sys	
O2412	sugorn	sugornis	n	B	a fisher	a fisher	*swugorn- 'a fisher' (reserve, ancestor §3.3): Hal sugornis > sugorn	*swugorn-	*swugorn-	SCETH+drop (184)	@sugorn	reserve	fisher
O2413	sugornan		n	B	the fisher-folk		sugorn 'a fisher' + -an (collective, 'the folk of')	*swugorn-	sugorn+an	SCETH+drop (184) + a n	@sugorn+a.n	tier3	fisher-folk
O2414	sugornel		n	S	little fisher, dear fisher		sugorn 'a fisher' + -el (singulative, 'little')	*swugorn-	sugorn+el	SCETH+drop (184) + e l	@sugorn+e.l	tier3-sys	
O2415	sulenn	sulennos	n	S	a scar, a healed cut	a scar, a healed cut	*sulenn- 'a scar, a healed cut' (reserve, ancestor §3.3): Hal sulennos > sulenn	*sulenn-	*sulenn-	LORR+cut (133)	@sulenn	reserve	
O2416	sulennel		n	S	a small scar; a single scar		sulenn 'a scar, a healed cut' + -el (singulative, 'little')	*sulenn-	sulenn+el	LORR+cut (133) + e l	@sulenn+e.l	tier3-sys	
O2417	sulennen		adj	S	of scars; scar-like		sulenn 'a scar, a healed cut' + -en ('of, belonging to')	*sulenn-	sulenn+en	LORR+cut (133) + e n	@sulenn+e.n	tier3-sys	
O2418	sull	sullos	num	B	three	three	*sull- 'a set of three': *sull-o-s > Hal sullos > sull (H2)	*sull-	*sull-o-s		%s	canon	three
O2419	sull murr		num	B	sixty (three twenties)		the numbers count in twenties (§5.11): sixty (three twenties)		phrase		%sm	tier3-sys	
O2420	sull murr eth noth		num	B	seventy		the numbers count in twenties (§5.11): seventy		phrase		%smn	tier3-sys	
O2421	sullast		num	B	a third; the unbonded third of a hearth	a third; the unbonded third of a hearth	canon formation: sull + -ast (ordinal)		sull+-ast		letters: s.u.l.l.A.s.t	canon	third
O2422	sullnoth		num	B	thirteen	thirteen	canon formation: sull + noth (thirteen)		sull+noth		%ns	canon	
O2423	sulter	sulteros	n	S	a small boat; a boat	a small boat	*sulter- 'a small boat' (reserve, ancestor §3.3): Hal sulteros > sulter	*sulter-	*sulter-	SCETH+lone (176)	@sulter	reserve	boat
O2424	Sulter Myst		name	S	The Grey Boat (the rhyme)		a phrase: Sulter small.boat + Myst sea-fog	*sulter-, *mus-	phrase	SCETH+lone (176) · WADH+fade (302)	@sulter @myst	tier3	
O2425	Sulter sa vorr		name	B	IV.5 The Burning Boat (the boat that burns)		a phrase: Sulter small.boat + sa REL(+S) + vorr fire	*sulter-, *sa, *forr-	phrase	SCETH+lone (176) · VORR (153)	@sulter @vorr	tier3	
O2426	sulterel		n	S	a small small boat; a single small boat		sulter 'a small boat' + -el (singulative, 'little')	*sulter-	sulter+el	SCETH+lone (176) + e l	@sulter+e.l	tier3-sys	
O2427	sulteren		adj	S	of small boats; small boat-like		sulter 'a small boat' + -en ('of, belonging to')	*sulter-	sulter+en	SCETH+lone (176) + e n	@sulter+e.n	tier3-sys	
O2428	sultererd		n	S	a boatman ('the one of the small boat')		sulter 'a small boat' + -Ard (agent)	*sulter-	sulter+Ard	SCETH+lone (176) + A r d	@sulter+A.r.d	tier3-sys	
O2429	sulterow		n	B	a boat-yard, a boat-strand		sulter 'a small boat' + -ow (place)	*sulter-	sulter+ow	SCETH+lone (176) + o w	@sulter+o.w	tier3-sys	
O2430	sultervesk		n	S	boat-timber		sulter 'a small boat' + S mesk 'a tree' (compound: the head softened, §3.10)	*sulter-, *mosk-	sulter^mesk	SCETH+lone (176) · MESK (186)	@sulter@mesk	tier3	
O2431	sulv	sulvos	n,adj	B	snow; (adj.) white	snow; (adj.) white	*sulf- 'snow': *sulf-o-s > Hal sulvos > sulv (O4,H2)	*sulf-	*sulf-o-s	BRUNN+pale (320)	@sulv	canon	snow, white
O2432	sulvat		adj	B	snowed over, snow-covered ('provided with X': -At on a noun)		sulv 'snow' + -At (participle)	*sulf-	sulv+At	BRUNN+pale (320) + A t	@sulv+A.t	tier3-sys	
O2433	sulvel		adj	S	whitish		sulv 'snow' + -el (singulative, 'little')	*sulf-	sulv+el	BRUNN+pale (320) + e l	@sulv+e.l	tier3-sys	
O2434	sulven		adj	S	snowy		sulv 'snow' + -en ('of, belonging to')	*sulf-	sulv+en	BRUNN+pale (320) + e n	@sulv+e.n	tier3-sys	
O2435	sulvhenth		n	S	a snow-cloud		sulv 'snow' + S henth 'a cloud' (compound: the head softened, §3.10)	*sulf-, *heʔnth-	sulv^henth	BRUNN+pale (320) · BRUNN+zig (327)	@sulv@henth	tier3	
O2436	sulvoth		n	B	whiteness; the quality of being white		sulv 'snow' + -Oth (abstract)	*sulf-	sulv+Oth	BRUNN+pale (320) + O th	@sulv+O.th	tier3-sys	
O2437	sulvow		n	B	a snowfield		sulv 'snow' + -ow (place)	*sulf-	sulv+ow	BRUNN+pale (320) + o w	@sulv+o.w	tier3-sys	
O2438	sumess	sumessis	adj	S	glad, content	glad, content	*sumeiss- 'glad, content' (reserve, ancestor §3.3): Hal sumessis > sumess	*sumeiss-	*sumeiss-		letters: s.u.m.e.s.s	reserve	
O2439	sumesserd		n	S	a glad one		sumess 'glad, content' + -Ard (agent)	*sumeiss-	sumess+Ard		letters: s.u.m.e.s.s.A.r.d	tier3-sys	
O2440	sumessyth		n	S	gladness; the quality of being glad		sumess 'glad, content' + -Oth (abstract)	*sumeiss-	sumess+Oth		letters: s.u.m.e.s.s.O.th	tier3-sys	
O2441	suress	suressis	n	S	a fever, a burning of the body	a fever, a burning of the body	*swureiss- 'a fever, a burning of the body' (reserve, ancestor §3.3): Hal suressis > suress	*swureiss-	*swureiss-		letters: s.u.r.e.s.s	reserve	fever
O2442	surr	surros	n	B	a year	a year	*surr- 'a turn of the seasons': *surr-o-s > Hal surros > surr (H2)	*surr-	*surr-o-s	ORL+turn (139)	@surr	canon	year
O2443	surrask		n	B	the year's end		surr 'a year' + S dask 'the end' (compound: the head softened, §3.10)	*surr-, *dask-	surr^dask	ORL+turn (139) · TRENN+cope (44)	@surr@dask	tier3	
O2444	surrath		n	B	age, the years of a life (a plural with a sense of its own)		surr 'a year' + -Ath (plural)	*surr-	surr+Ath	ORL+turn (139) + A th	@surr+A.th	tier3-sys	
O2445	surren		adj	S	yearly		surr 'a year' + -en ('of, belonging to')	*surr-	surr+en	ORL+turn (139) + e n	@surr+e.n	tier3-sys	
O2446	susk	suskos	adj	B	high; tall	high	*suʔsk- 'high' (reserve, ancestor §3.3): Hal suskos > susk	*suʔsk-	*suʔsk-	BRUNN+cope (325)	@susk	reserve	high, tall
O2447	suskel		adj	S	highish		susk 'high' + -el (singulative, 'little')	*suʔsk-	susk+el	BRUNN+cope (325) + e l	@susk+e.l	tier3-sys	
O2448	suskoth		n	B	highness; the quality of being high		susk 'high' + -Oth (abstract)	*suʔsk-	susk+Oth	BRUNN+cope (325) + O th	@susk+O.th	tier3-sys	
O2449	suskow		n	B	a height, a high place		susk 'high' + -ow (place)	*suʔsk-	susk+ow	BRUNN+cope (325) + o w	@susk+o.w	tier3-sys	
O2450	sy	siu	det	S	this (after the noun); this	this (after the noun); this	*siu 'this, here': *siu > Hal siu > sy (H4)	*siu	*siu		left out (a mortar word, D2)	canon	this
O2451	syllorn	siullornos	n	B	courage; nerve, courage	courage	*sweullorn- 'courage' (reserve, ancestor §3.3): Hal siullornos > syllorn	*sweullorn-	*sweullorn-	MOLT+wedge (112)	@syllorn	reserve	nerve
O2452	syllornen		adj	S	courageous		syllorn 'courage' + -en ('of, belonging to')	*sweullorn-	syllorn+en	MOLT+wedge (112) + e n	@syllorn+e.n	tier3-sys	
O2453	syndal	siundalos	v	B	kindle; light, kindle	kindle	*sweundal- 'kindle' (reserve, ancestor §3.3): Hal siundalos > syndal	*sweundal-	*sweundal-	VORR+bough (159)	@syndal	reserve	light
O2454	syndalard		n	B	one who kindles		syndal 'kindle' + -Ard (agent)	*sweundal-	syndal+Ard	VORR+bough (159) + A r d	@syndal+A.r.d	tier3-sys	
O2455	syndalat		adj	B	kindled (the participle)		syndal 'kindle' + -At (participle)	*sweundal-	syndal+At	VORR+bough (159) + A t	@syndal+A.t	tier3-sys	
O2456	syndalol		n	B	kindling; kindling; the act of kindling		syndal 'kindle' + -Ol (verbal noun)	*sweundal-	syndal+Ol	VORR+bough (159) + O l	@syndal+O.l	tier3	kindling
O2457	syst	siustos	n	S	summer	summer	*seust- 'summer' (reserve, ancestor §3.3): Hal siustos > syst	*seust-	*seust-		letters: s.y.s.t	reserve	summer
O2458	systen		adj	S	of summer		syst 'summer' + -en ('of, belonging to')	*seust-	syst+en		letters: s.y.s.t.e.n	tier3-sys	
O2459	systorl		n	B	a summer's day		syst 'summer' + S orl 'a day' (compound: the head softened, §3.10)	*seust-, *orl-	syst^orl		letters: s.y.s.t.o.r.l	tier3	
O2460	syther	siutheros	n	S	a room	a room	*sweuther- 'a room' (reserve, ancestor §3.3): Hal siutheros > syther	*sweuther-	*sweuther-		letters: s.y.th.e.r	reserve	room
O2461	sytherel		n	S	a small room; a single room		syther 'a room' + -el (singulative, 'little')	*sweuther-	syther+el		letters: s.y.th.e.r.e.l	tier3-sys	
O2462	sytheren		adj	S	of rooms; room-like		syther 'a room' + -en ('of, belonging to')	*sweuther-	syther+en		letters: s.y.th.e.r.e.n	tier3-sys	
O2463	tald	taldos	v	B	rise, stand up (v.); rise, stand up	rise, stand up (v.); rise, stand up	*tol- / tal- 'rise, stand up tall': *tal-d-o-s > Hal taldos > tald (H2)	*tol-	*tal-d-o-s	TOLM+rim (3)	@tald	canon	rise, stand
O2464	taldard		n	B	one who rises or stands up		tald 'rise, stand up' + -Ard (agent)	*tol-	tald+Ard	TOLM+rim (3) + A r d	@tald+A.r.d	tier3-sys	
O2465	taldat		adj	B	exalted, raised high; risen, stood up (the participle)		tald 'rise, stand up' + -At (participle)	*tol-	tald+At	TOLM+rim (3) + A t	@tald+A.t	tier3	exalt
O2466	taldol		n	B	rising; standing up; the act of rising		tald 'rise, stand up' + -Ol (verbal noun)	*tol-	tald+Ol	TOLM+rim (3) + O l	@tald+O.l	tier3-sys	
O2467	taldow	taldū	n	B	a tower, a high place	a tower, a high place	*tol- / tal- 'rise, stand up tall': *tal-d-uʔ > Hal taldū > taldow (O1,H3)	*tol-	*tal-d-uʔ	HALD+rim (26)	@taldow	canon	tower
O2468	Taldow Helv		n,name	S	Highreach ('the high place of the sky'); Highreach (the high place of the sky)	Highreach ('the high place of the sky')	canon formation: taldow + helv (Highreach)		taldow+helv	HALD+rim (26) · ORL+cope (141)	@taldow @helv	canon	Highreach
O2469	taldowel		n	S	a small tower; a single tower		taldow 'a tower, a high place' + -el (singulative, 'little')	*tol-	taldow+el	HALD+rim (26) + e l	@taldow+e.l	tier3-sys	
O2470	taldowen		adj	S	of towers; tower-like		taldow 'a tower, a high place' + -en ('of, belonging to')	*tol-	taldow+en	HALD+rim (26) + e n	@taldow+e.n	tier3-sys	
O2471	taldowhelv		n	S	the sky over a tower		taldow 'a tower, a high place' + S helv 'the sky, the upper air' (compound: the head softened, §3.10)	*tol-, *half-	taldow^helv	HALD+rim (26) · ORL+cope (141)	@taldow@helv	tier3	
O2472	taldowvard		n	B	a tower-warden		taldow 'a tower, a high place' + S pard 'a warden, a keeper' (compound: the head softened, §3.10)	*tol-, *par-	taldow^pard		letters: t.a.l.d.o.w.v.a.r.d	tier3	
O2473	taless	talessis	n	S	a strake, a line of planking	a strake, a line of planking	*taleiss- 'a strake, a line of planking' (reserve, ancestor §3.3): Hal talessis > taless	*taleiss-	*taleiss-		letters: t.a.l.e.s.s	reserve	strake
O2474	talessel		n	S	a small strake; a single strake		taless 'a strake, a line of planking' + -el (singulative, 'little')	*taleiss-	taless+el		letters: t.a.l.e.s.s.e.l	tier3-sys	
O2475	talessen		adj	S	of strakes; strake-like		taless 'a strake, a line of planking' + -en ('of, belonging to')	*taleiss-	taless+en		letters: t.a.l.e.s.s.e.n	tier3-sys	
O2476	Tamm	tammos	name	B	Tamm	Tamm	*tamm-o-s > Hal tammos > tamm (H2); a name: names are names (no sense given)		*tamm-o-s		t.a.m.m	canon	Tamm
O2477	tant	tantos	n	B	salt	salt	*tant- 'salt' (reserve, ancestor §3.3): Hal tantos > tant	*tant-	*tant-	WADH+drop (317)	@tant	reserve	salt
O2478	tantat		adj	B	salted ('provided with X': -At on a noun)		tant 'salt' + -At (participle)	*tant-	tant+At	WADH+drop (317) + A t	@tant+A.t	tier3-sys	
O2479	tanten		adj	S	salty, of salt		tant 'salt' + -en ('of, belonging to')	*tant-	tant+en	WADH+drop (317) + e n	@tant+e.n	tier3-sys	
O2480	tantnynth		n	S	salt-water, brine		tant 'salt' + S nynth 'a spring, a well' (compound: the head softened, §3.10)	*tant-, *naunth-	tant^nynth		letters: t.a.n.t.n.y.n.th	tier3	
O2481	tantow		n	B	a salt-pan		tant 'salt' + -ow (place)	*tant-	tant+ow	WADH+drop (317) + o w	@tant+o.w	tier3-sys	
O2482	Tarnel	tarnelos	name	S	Tarnel, 'little net' (tarn- 'a net' + -el)	Tarnel, 'little net' (tarn- 'a net' + -el)	*tarn-el-o-s > Hal tarnelos > tarnel (H2)		*tarn-el-o-s		t.a.r.n.e.l	canon	Tarnel
O2483	tav	tavos	v	B	(v.) come ashore, land a boat; beach (a boat)	(v.) come ashore, land a boat	*taf- 'come to land': *taf-o-s > Hal tavos > tav (O4,H2)	*taf-	*taf-o-s	SCETH+turn (175)	@tav	canon	beach, land
O2484	tavard		n	B	one who comes ashore or lands a boat		tav 'come ashore, land a boat' + -Ard (agent)	*taf-	tav+Ard	SCETH+turn (175) + A r d	@tav+A.r.d	tier3-sys	
O2485	tavat		adj	B	come ashore, landed a boat (the participle)		tav 'come ashore, land a boat' + -At (participle)	*taf-	tav+At	SCETH+turn (175) + A t	@tav+A.t	tier3-sys	
O2486	tavol		n	B	coming ashore; landing a boat; the act of coming ashore		tav 'come ashore, land a boat' + -Ol (verbal noun)	*taf-	tav+Ol	SCETH+turn (175) + O l	@tav+O.l	tier3-sys	
O2487	tavow	tavū	n	B	a harbour, a landing; a quay	a harbour, a landing	*taf- 'come to land': *taf-uʔ > Hal tavū > tavow (O1,O4,H3)	*taf-	*taf-uʔ		letters: t.a.v.o.w	canon	harbour, quay
O2488	Tavow Hemm		n,name	S	Eldhythe ('the old landing'); Eldhythe (the old landing)	Eldhythe ('the old landing')	canon formation: tavow + hemm (Eldhythe)		tavow+hemm	ULD+notch (240)	letters: t.a.v.o.w @hemm	canon	Eldhythe
O2489	Tavow Vorr		n,name	B	Emberhythe ('the landing of fire'); Emberhythe (the landing of fire)	Emberhythe ('the landing of fire')	canon formation: tavow + vorr (Emberhythe)		tavow+vorr	VORR (153)	letters: t.a.v.o.w @vorr	canon	Emberhythe
O2490	tavowan		n	B	the harbour-folk		tavow 'a harbour, a landing' + -an (collective, 'the folk of')	*taf-	tavow+an		letters: t.a.v.o.w.a.n	tier3-sys	
O2491	tavoward		n	B	a harbourmaster ('the one of the harbour')		tavow 'a harbour, a landing' + -Ard (agent)	*taf-	tavow+Ard		letters: t.a.v.o.w.A.r.d	tier3-sys	
O2492	tavowel		n	S	a small harbour; a single harbour		tavow 'a harbour, a landing' + -el (singulative, 'little')	*taf-	tavow+el		letters: t.a.v.o.w.e.l	tier3-sys	
O2493	tavowen		adj	S	of harbours; harbour-like		tavow 'a harbour, a landing' + -en ('of, belonging to')	*taf-	tavow+en		letters: t.a.v.o.w.e.n	tier3-sys	
O2494	tavowhinnar		n	B	a harbour-city		tavow 'a harbour, a landing' + S hinnar 'a walled town' (compound: the head softened, §3.10)	*taf-, *xinnar-	tavow^hinnar		letters: t.a.v.o.w.h.i.n.n.a.r	tier3	harbour-cities, harbour-city
O2495	tavowlest		n	S	a harbour-house		tavow 'a harbour, a landing' + S lest 'a house' (compound: the head softened, §3.10)	*taf-, *last-	tavow^lest		letters: t.a.v.o.w.l.e.s.t	tier3	harbour-houses, harbour-house
O2496	tavowvard		n	B	a harbour-warden		tavow 'a harbour, a landing' + S pard 'a warden, a keeper' (compound: the head softened, §3.10)	*taf-, *par-	tavow^pard		letters: t.a.v.o.w.v.a.r.d	tier3	
O2497	teltor	teltoris	n	B	mercy	mercy	*teiltor- 'mercy' (reserve, ancestor §3.3): Hal teltoris > teltor	*teiltor-	*teiltor-	MOLT+gap (113)	@teltor	reserve	
O2498	ternil	ternilis	n	S	a rite, a thing done in order; a ceremony; a custom	a rite, a thing done in order	*ternil- 'a rite, a thing done in order' (reserve, ancestor §3.3): Hal ternilis > ternil	*ternil-	*ternil-	LUMM+course (253)	@ternil	reserve	ceremony, custom, rite
O2499	Ternil et Gorndholm		name	B	I.4 The Rite of the Cornerstone		a phrase: Ternil rite + et the + Gorndholm cornerstone	*ternil-, *et-	phrase	LUMM+course (253) · TOLM+turn (6) · TOLM (1)	@ternil @gorn@tolm	tier3	
O2500	Ternil Yorndholm		name	B	the Rite of the Cornerstone (gorndholm softened as possessor)		a phrase: Ternil rite + Yorndholm S·cornerstone	*ternil-	phrase	LUMM+course (253) · TOLM+turn (6) · TOLM (1)	@ternil @gorn@tolm	tier3	
O2501	ternilel		n	S	a small rite; a single rite		ternil 'a rite, a thing done in order' + -el (singulative, 'little')	*ternil-	ternil+el	LUMM+course (253) + e l	@ternil+e.l	tier3-sys	
O2502	ternilen		adj	S	of rites; rite-like		ternil 'a rite, a thing done in order' + -en ('of, belonging to')	*ternil-	ternil+en	LUMM+course (253) + e n	@ternil+e.n	tier3-sys	
O2503	ternilflenn		n	S	a leaf of the Rite (the slate leaves)		ternil 'a rite, a thing done in order' + S flenn 'a leaf of a book or of slate' (compound: the head softened, §3.10)	*ternil-, *xwle-	ternil^flenn	LUMM+course (253) · TRENN+three (48)	@ternil@flenn	tier3	
O2504	terril	terrilos	adj	S	grey (as ash)	grey (as ash)	*tairril- 'grey' (reserve, ancestor §3.3): Hal terrilos > terril	*tairril-	*tairril-		letters: t.e.r.r.i.l	reserve	
O2505	terrilel		adj	S	greyish		terril 'grey' + -el (singulative, 'little')	*tairril-	terril+el		letters: t.e.r.r.i.l.e.l	tier3-sys	
O2506	terrilyth		n	S	greiness; the quality of being grey		terril 'grey' + -Oth (abstract)	*tairril-	terril+Oth		letters: t.e.r.r.i.l.O.th	tier3-sys	
O2507	tesk	teskis	n	S	a generation	a generation	*tesk- 'a layer, a laying-down': *tesk-i-s > Hal teskis > tesk (H2)	*tesk-	*tesk-i-s	TRENN+drop (45)	@tesk	canon	generation
O2508	tesken		adj	S	of generations; generation-like		tesk 'a generation' + -en ('of, belonging to')	*tesk-	tesk+en	TRENN+drop (45) + e n	@tesk+e.n	tier3-sys	
O2509	tesketh		n	S	the generations, the old line (a plural with a sense of its own)		tesk 'a generation' + -Ath (plural)	*tesk-	tesk+Ath	TRENN+drop (45) + A th	@tesk+A.th	tier3-sys	
O2510	tess	tessis	v	S	(v.) answer; stand surety for; owe (stand surety for)	(v.) answer; stand surety for	*tess- 'give back an answer': *tess-i-s > Hal tessis > tess (H2)	*tess-	*tess-i-s	BROD+turn (201)	@tess	canon	answer, owe
O2511	tessen	tessana	v	S	we two answer (1du)	we two answer (1du)	*tess- 'give back an answer': *tess-ana > Hal tessana > tessen (H2,H6)	*tess-	*tess-ana		letters: t.e.s.s.e.n	canon	
O2512	tesserd		n	S	one who answers		tess 'answer' + -Ard (agent)	*tess-	tess+Ard	BROD+turn (201) + A r d	@tess+A.r.d	tier3-sys	
O2513	tesset		n,adj	S	a judgement (a verdict: 'a thing answered'); a Judgement (of a Throne: its verdict); Judgements; answered (the participle)		tess 'answer' + -At (participle)	*tess-	tess+At	BROD+turn (201) + A t	@tess+A.t	tier3	judgment, Judgement, Judgements
O2514	tessyl		n	S	an answer, an answering; a confession (an answering for a deed); answering; the act of answering		tess 'answer' + -Ol (verbal noun)	*tess-	tess+Ol	BROD+turn (201) + O l	@tess+O.l	tier3	answer, confession
O2515	tev	tevis	n,v	S	a child; grow, sprout	a child	*taw- 'sprout, grow': *taw-i-s > Hal tevis > tev (O3,O4,H2)	*taw-	*taw-i-s	ULD+bough (239)	@tev	canon	child, grow
O2516	tevan		n	B	the children's folk, the young of a hearth		tev 'a child' + -an (collective, 'the folk of')	*taw-	tev+an	ULD+bough (239) + a n	@tev+a.n	tier3-sys	
O2517	tevar	tevaros	n,adv	B	early, before the time; already, before the time	early, before the time	*tefar- 'early, before the time' (reserve, ancestor §3.3): Hal tevaros > tevar	*tefar-	*tefar-		letters: t.e.v.a.r	reserve	already
O2518	tevarel		n	S	a small already; a single already		tevar 'early, before the time' + -el (singulative, 'little')	*tefar-	tevar+el		letters: t.e.v.a.r.e.l	tier3-sys	
O2519	tevaren		adj	S	of alreadies; already-like		tevar 'early, before the time' + -en ('of, belonging to')	*tefar-	tevar+en		letters: t.e.v.a.r.e.n	tier3-sys	
O2520	tevath		n	B	children: the plural of tev (irregular: from old tevāthi, an old ā-plural)	children: the plural of tev (irregular: from old tevāthi, an old ā-plural)	canon formation: tev + -ath (Hal tevāthi: the broad plural of an old ā-plural)		tev+-ath	ULD+bough (239) + a th	@tev+a.th	canon	
O2521	tevath sugornan		n	B	the fisher-children		a phrase: tevath children + sugornan fisher-folk	*swugorn-	phrase	ULD+bough (239) + a th · SCETH+drop (184) + a n	@tev+a.th @sugorn+a.n	tier3	fisher-children
O2522	tevel		adj	S	young	young	canon formation: tev + -el ('young')		tev+-el	ULD+bough (239) + e l	@tev+e.l	canon	young
O2523	tevelyth		n	S	youth, youngness		tevel 'young' + -Oth (abstract)		tevel+Oth	ULD+bough (239) + e l + O th	@tev+e.l+O.th	tier3-sys	
O2524	teverd		n	S	one who grows or sprouts		tev 'a child' + -Ard (agent)	*taw-	tev+Ard	ULD+bough (239) + A r d	@tev+A.r.d	tier3-sys	
O2525	tevet		adj	S	born (grown, brought forth); grown, sprouted (the participle)		tev 'a child' + -At (participle)	*taw-	tev+At	ULD+bough (239) + A t	@tev+A.t	tier3	born
O2526	tevir	teviros	n,v	S	hatred; to hate	hatred; to hate	*tafir- 'hatred' (reserve, ancestor §3.3): Hal teviros > tevir	*tafir-	*tafir-		letters: t.e.v.i.r	reserve	
O2527	tevow		n	B	a cradle	a cradle	canon formation: tev + -ow (Hal tevū, built on tev- after the i-colouring)		tev+-ow	ULD+bough (239) + o w	@tev+o.w	canon	cradle
O2528	tevowvoll		n	B	a cradle-name		tevow 'a cradle' + S voll 'a name' (compound: the head softened, §3.10)	*woll-	tevow^voll		letters: t.e.v.o.w.v.o.l.l	tier3	
O2529	tevvell		n	S	a children's rhyme		tev 'a child' + S vell 'a song' (compound: the head softened, §3.10)	*taw-, *fell-	tev^vell	ULD+bough (239) · TRENN+zig (46)	@tev@vell	tier3	
O2530	tevyl		n	S	a birth; a growing; growth; V.6 Of the Growing; growing; sprouting; the act of growing		tev 'a child' + -Ol (verbal noun)	*taw-	tev+Ol	ULD+bough (239) + O l	@tev+O.l	tier3	birth, growing, growth
O2531	tevyth		n	S	childhood		tev 'a child' + -Oth (abstract)	*taw-	tev+Oth	ULD+bough (239) + O th	@tev+O.th	tier3-sys	
O2532	Thaesaen		loan	S	Thaesaen, the Tide-Heart		a Mystaeri word, borrowed by sound (orrowen_v2 §6.14 D7: loan words and Mystaeri names are spelled by sound, the knock as a wedge inside the word)	(Seilrhass)	loan		th.a.e.s.a.e.n	tier3	Thaesaen
O2533	theld	theldis	n	S	a family, a household	a family, a household	*θald- 'those of one hearth': *thald-i-s > Hal theldis > theld (O3,H2)	*θald-	*thald-i-s	ODH+drop (59)	@theld	canon	family, household
O2534	theldel		n	S	one of a household (the singulative)		theld 'a family, a household' + -el (singulative, 'little')	*θald-	theld+el	ODH+drop (59) + e l	@theld+e.l	tier3-sys	
O2535	thelden		adj	S	of families; family-like		theld 'a family, a household' + -en ('of, belonging to')	*θald-	theld+en	ODH+drop (59) + e n	@theld+e.n	tier3-sys	
O2536	theldvoll		n	B	a family name		theld 'a family, a household' + S voll 'a name' (compound: the head softened, §3.10)	*θald-, *woll-	theld^voll	ODH+drop (59) · BROD+lone (202)	@theld@voll	tier3	
O2537	theldyth		n	S	the bond of a household		theld 'a family, a household' + -Oth (abstract)	*θald-	theld+Oth	ODH+drop (59) + O th	@theld+O.th	tier3-sys	
O2538	thell	thellis	num	S	eight	eight	*θell- 'eight': *thell-i-s > Hal thellis > thell (H2)	*θell-	*thell-i-s		%th	canon	eight
O2539	thellest		num	S	eighth (the ordinal)		thell 'eight' + -Ast (ordinal)	*θell-	thell+Ast		letters: th.e.l.l.A.s.t	tier3-sys	
O2540	thellnoth		num	B	eighteen		thell 'eight' + S noth 'ten' (compound: the head softened, §3.10) (the teens: unit + ten, as hosnoth, sullnoth)	*θell-, *noθ-	thell^noth		%nth	tier3-sys	
O2541	thenn	thennis	n	S	a bay, a bend of the shore	a bay, a bend of the shore	*theʔnn- 'a bay, a bend of the shore' (reserve, ancestor §3.3): Hal thennis > thenn	*theʔnn-	*theʔnn-		letters: th.e.n.n	reserve	
O2542	thenndhavow		n	B	a bay-harbour		thenn 'a bay, a bend of the shore' + S tavow 'a harbour, a landing' (compound: the head softened, §3.10)	*theʔnn-, *taf-	thenn^tavow		letters: th.e.n.n.dh.a.v.o.w	tier3	
O2543	thennel		n	S	a small bay; a single bay		thenn 'a bay, a bend of the shore' + -el (singulative, 'little')	*theʔnn-	thenn+el		letters: th.e.n.n.e.l	tier3-sys	
O2544	thennen		adj	S	of bays; bay-like		thenn 'a bay, a bend of the shore' + -en ('of, belonging to')	*theʔnn-	thenn+en		letters: th.e.n.n.e.n	tier3-sys	
O2545	thenth	thenthis	adj	S	wet	wet	*thaʔnth- 'wet' (reserve, ancestor §3.3): Hal thenthis > thenth	*thaʔnth-	*thaʔnth-		letters: th.e.n.th	reserve	wet
O2546	thenthel		adj	S	dampish, damp		thenth 'wet' + -el (singulative, 'little')	*thaʔnth-	thenth+el		letters: th.e.n.th.e.l	tier3-sys	
O2547	thenthow		n	B	a wet place, a marsh		thenth 'wet' + -ow (place)	*thaʔnth-	thenth+ow		letters: th.e.n.th.o.w	tier3-sys	
O2548	thenthyth		n	S	wetness; the quality of being wet		thenth 'wet' + -Oth (abstract)	*thaʔnth-	thenth+Oth		letters: th.e.n.th.O.th	tier3-sys	
O2549	tho	thoe	pron	B	you; your (sg., +S); you/your; you (one)	you; your (sg., +S); you/your	*θo- 'you': *tho-e > Hal thoe > tho (H2)	*θo-	*tho-e		left out (a mortar word, D2)	canon	you
O2550	thykir	thiukiros	n	S	a gorge, a canyon	a gorge, a canyon	*theukir- 'a gorge, a canyon' (reserve, ancestor §3.3): Hal thiukiros > thykir	*theukir-	*theukir-		letters: th.y.k.i.r	reserve	canyon
O2551	thykirel		n	S	a small gorge; a single gorge		thykir 'a gorge, a canyon' + -el (singulative, 'little')	*theukir-	thykir+el		letters: th.y.k.i.r.e.l	tier3-sys	
O2552	thykiren		adj	S	of gorges; gorge-like		thykir 'a gorge, a canyon' + -en ('of, belonging to')	*theukir-	thykir+en		letters: th.y.k.i.r.e.n	tier3-sys	
O2553	tolm	tolmos	n	B	a stone; a letter of the course-hand; a dressed stone of a wall; an ashlar	a stone; a letter of the course-hand; a dressed stone of a wall	*tol- / tal- 'rise, stand up tall': *tolm-o-s > Hal tolmos > tolm (H2)	*tol-	*tolm-o-s	TOLM (1)	@tolm	canon	ashlar, letter, stone
O2554	Tolm hy et Myst		name	S	the Stone out of the Grey		a phrase: Tolm stone + hy from(+S) + et the + Myst sea-fog	*tol-, *xui, *et-, *mus-	phrase	TOLM (1) · WADH+fade (302)	@tolm @myst	tier3	
O2555	tolm kylet		n	S	the turned stone: the NOT mark of the dry cut; the turned stone (the NOT mark)	the turned stone: the NOT mark of the dry cut	canon (orrowen_v2): tolm stone + kylet changed	*tol-, *kul-	phrase	TOLM (1) · KYL (278) + A t	@tolm @kyl+A.t	canon	
O2556	Tolm Myst		n	S	Myststone; Myststone (stone of the grey)	Myststone	canon formation: tolm + myst (Myststone)		tolm+myst	TOLM (1) · WADH+fade (302)	@tolm @myst	canon	Myststone
O2557	Tolm Vardh		n	B	a Theolith; a Theolith ('a stone of God'); pl. Tolmath Vardh	a Theolith; a Theolith ('a stone of God'); pl. Tolmath Vardh	canon formation: tolm + mardh (construct, possessor softened (m > v))		tolm+mardh	TOLM (1) · LUMM+cope (251)	@tolm @mardh	canon	
O2558	tolman		n	B	a heap of dressed stone, the stones of a work		tolm 'a stone' + -an (collective, 'the folk of')	*tol-	tolm+an	TOLM (1) + a n	@tolm+a.n	tier3-sys	
O2559	tolmard		n	B	a mason ('stone-one'); a mason ('the one of the stone')		tolm 'a stone' + -Ard (agent)	*tol-	tolm+Ard	TOLM (1) + A r d	@tolm+A.r.d	tier3	mason
O2560	tolmath		n	B	stonework, masonry ('the stones') (a plural with a sense of its own)		tolm 'a stone' + -Ath (plural)	*tol-	tolm+Ath	TOLM (1) + A th	@tolm+A.th	tier3-sys	
O2561	tolmath nawrodh		n	B	the mute stones		a phrase: tolmath stonework + nawrodh mute	*tol-, *bro-	phrase	TOLM (1) + A th · the turned stone + BROD+course (198)	@tolm+A.th !@brodh	tier3	
O2562	Tolmath Vardh		n	B	the Theoliths ('stones of God'); the Theoliths (stones of God)	the Theoliths ('stones of God')	canon formation: tolm + -ath + mardh (plural)		tolm+-ath+mardh	TOLM (1) + A th · LUMM+cope (251)	@tolm+A.th @mardh	canon	Theoliths
O2563	tolmel		n	S	a small stone; a single stone		tolm 'a stone' + -el (singulative, 'little')	*tol-	tolm+el	TOLM (1) + e l	@tolm+e.l	tier3-sys	
O2564	tolmen		adj	S	of stones; stone-like		tolm 'a stone' + -en ('of, belonging to')	*tol-	tolm+en	TOLM (1) + e n	@tolm+e.n	tier3-sys	
O2565	tolmow		n	B	a stone-yard, where dressed stone is stacked		tolm 'a stone' + -ow (place)	*tol-	tolm+ow	TOLM (1) + o w	@tolm+o.w	tier3-sys	
O2566	tolmstell		n	S	a heap of stones, a rubble-pile		tolm 'a stone' + S stell 'a cairn' (compound: the head softened, §3.10)	*tol-, *stell-	tolm^stell	TOLM (1) · TOLM+three (5)	@tolm@stell	tier3	
O2567	Tolmvard		name	B	Stone-Warden: Halvard's epithet; Stone-Warden, Halvard's epithet	Stone-Warden: Halvard's epithet	canon formation: tolm + pard (Stone-Warden, Halvard's epithet)		tolm+pard		t.o.l.m.v.a.r.d	canon	stone-warden
O2568	tolmwresk		n	S	a stone-chisel, the mason's chisel		tolm 'a stone' + S bresk 'a chisel' (compound: the head softened, §3.10)	*tol-, *brask-	tolm^bresk	TOLM (1) · GARL+cut (219)	@tolm@bresk	tier3	
O2569	tovv	tovvos	v	B	wait; stay	wait	*toff- 'stay where one is': *toff-o-s > Hal tovvos > tovv (O4,H2)	*toff-	*toff-o-s	TOVV (164)	@tovv	canon	stay, wait
O2570	tovvard		n	B	one who waits		tovv 'wait' + -Ard (agent)	*toff-	tovv+Ard	TOVV (164) + A r d	@tovv+A.r.d	tier3-sys	
O2571	tovvat		adj	B	waited (the participle)		tovv 'wait' + -At (participle)	*toff-	tovv+At	TOVV (164) + A t	@tovv+A.t	tier3-sys	
O2572	tovvesk		name	S	Yew ('the waiting tree')		tovv 'wait' + S mesk 'a tree' (compound: the head softened, §3.10)	*toff-, *mosk-	tovv^mesk		t.o.v.v.e.s.k	tier3	
O2573	tovvol		n	B	waiting; the act of waiting		tovv 'wait' + -Ol (verbal noun)	*toff-	tovv+Ol	TOVV (164) + O l	@tovv+O.l	tier3-sys	
O2574	tovvow		n	B	a waiting-place, an anchorage		tovv 'wait' + -ow (place)	*toff-	tovv+ow	TOVV (164) + o w	@tovv+o.w	tier3-sys	
O2575	tragul	tragulis	n,v	B	promise; a promise	promise; a promise	*tragul- 'promise' (reserve, ancestor §3.3): Hal tragulis > tragul	*tragul-	*tragul-	TRENN+bough (56)	@tragul	reserve	promise
O2576	tragulard		n	B	one who promises		tragul 'promise' + -Ard (agent)	*tragul-	tragul+Ard	TRENN+bough (56) + A r d	@tragul+A.r.d	tier3-sys	
O2577	tragulat		adj	B	promised (the participle)		tragul 'promise' + -At (participle)	*tragul-	tragul+At	TRENN+bough (56) + A t	@tragul+A.t	tier3-sys	
O2578	tragulol		n	B	promising; the act of promising		tragul 'promise' + -Ol (verbal noun)	*tragul-	tragul+Ol	TRENN+bough (56) + O l	@tragul+O.l	tier3-sys	
O2579	trenn	trennos	n	S	a course of stones; a line of writing; a tale laid in one night; a column (a line of people); a legend; a myth, an old tale; a paragraph; a rank; a row; a sentence (a course of words); a story	a course of stones; a line of writing; a tale laid in one night	*trenn- 'a running line': *trenn-o-s > Hal trennos > trenn (H2)	*trenn-	*trenn-o-s	TRENN (39)	@trenn	canon	column, course, legend, line, myth, paragraph, rank, row, sentence, story, tale
O2580	trenn rask		n,name	B	the epilogue (the tale of the end); the Epilogue ('the tale of the end': trenn + dask, the possessor softened)		a phrase: trenn course.of.stones + rask S·end	*trenn-, *dask-	phrase	TRENN (39) · TRENN+cope (44)	@trenn @dask	tier3	epilogue
O2581	trennan		n	B	the courses of a wall		trenn 'a course of stones' + -an (collective, 'the folk of')	*trenn-	trenn+an	TRENN (39) + a n	@trenn+a.n	tier3-sys	
O2582	trenndholm		n	B	the tale-stone	the tale-stone	canon formation: trenn + tolm (compound, softened)		trenn+tolm	TRENN (39) · TOLM (1)	@trenn@tolm	canon	
O2583	trennel		n	S	one stone of a course (the singulative)		trenn 'a course of stones' + -el (singulative, 'little')	*trenn-	trenn+el	TRENN (39) + e l	@trenn+e.l	tier3-sys	
O2584	trennen		adj	S	of course of stoneses; course of stones-like		trenn 'a course of stones' + -en ('of, belonging to')	*trenn-	trenn+en	TRENN (39) + e n	@trenn+e.n	tier3-sys	
O2585	trennet		adj	S	coursed, laid in courses ('provided with X': -At on a noun)		trenn 'a course of stones' + -At (participle)	*trenn-	trenn+At	TRENN (39) + A t	@trenn+A.t	tier3-sys	
O2586	trenneth		n	S	the courses of a wall; the tales of a night (a plural with a sense of its own)		trenn 'a course of stones' + -Ath (plural)	*trenn-	trenn+Ath	TRENN (39) + A th	@trenn+A.th	tier3-sys	
O2587	trennryt		n	S	a course-cut, an inscription run along a course		trenn 'a course of stones' + S ryt 'a cut vow, an oath' (compound: the head softened, §3.10)	*trenn-, *wrut-	trenn^ryt	TRENN (39) · TOLM+cut (8)	@trenn@ryt	tier3	
O2588	trennvell		n	S	a lay, a tale in verse		trenn 'a course of stones' + S vell 'a song' (compound: the head softened, §3.10)	*trenn-, *fell-	trenn^vell	TRENN (39) · TRENN+zig (46)	@trenn@vell	tier3	
O2589	tresk	treskis	n,v	S	a cleft, a split; (v.) cleave, rive, tear; a crack; a gap; separate	a cleft, a split; (v.) cleave, rive, tear	*trosk- 'split, cleave': *trosk-i-s > Hal treskis > tresk (O3,H2)	*trosk-	*trosk-i-s	CRESK+gap (74)	@tresk	canon	cleft, crack, gap, separate, split, tear
O2590	Treskan		name	B	the Rivenmen	the Rivenmen	canon formation: tresk + -an (the cleft-folk (broad: the spec keeps tresk's old broad suffixes, as in treskat))		tresk+-an		t.r.e.s.k.a.n	canon	Rivenmen
O2591	treskard		n	S	one who cleaves or rives		tresk 'a cleft, a split' + -Ard (agent)	*trosk-	tresk+Ard	CRESK+gap (74) + a r d	@tresk+a.r.d	tier3-sys	
O2592	treskat		adj	B	riven, torn; cleaved, rived (the participle)	riven, torn	canon formation: tresk + -at (riven, torn (an old broad suffix: see §11b of the spec))		tresk+-at	CRESK+gap (74) + a t	@tresk+a.t	canon	riven
O2593	treskol		n	S	a separation; cleaving; riving; the act of cleaving		tresk 'a cleft, a split' + -Ol (verbal noun)	*trosk-	tresk+Ol	CRESK+gap (74) + o l	@tresk+o.l	tier3	separation
O2594	trovul	trovulis	n	B	a seam	a seam	*troful- 'a seam' (reserve, ancestor §3.3): Hal trovulis > trovul	*troful-	*troful-		letters: t.r.o.v.u.l	reserve	seam
O2595	trovulel		n	S	a small seam; a single seam		trovul 'a seam' + -el (singulative, 'little')	*troful-	trovul+el		letters: t.r.o.v.u.l.e.l	tier3-sys	
O2596	trovulen		adj	S	of seams; seam-like		trovul 'a seam' + -en ('of, belonging to')	*troful-	trovul+en		letters: t.r.o.v.u.l.e.n	tier3-sys	
O2597	trun	trunos	n	B	ground; the water a battery watches; (on the wall) the water a battery watches; the ground; soil; the world ('the ground')	ground; the water a battery watches; (on the wall) the water a battery watches	*trun- 'the ground under one': *trun-o-s > Hal trunos > trun (H2)	*trun-	*trun-o-s	LODH+still (293)	@trun	canon	ground, soil, world
O2598	trundholm		n	B	a paving stone		trun 'ground' + S tolm 'a stone' (compound: the head softened, §3.10)	*trun-, *tol-	trun^tolm	LODH+still (293) · TOLM (1)	@trun@tolm	tier3	
O2599	trunen		adj	S	earthen, of the ground		trun 'ground' + -en ('of, belonging to')	*trun-	trun+en	LODH+still (293) + e n	@trun+e.n	tier3-sys	
O2600	trunow		n	B	a plot of ground, a field		trun 'ground' + -ow (place)	*trun-	trun+ow	LODH+still (293) + o w	@trun+o.w	tier3-sys	
O2601	tul	tulo	adv	B	yet, still; still, yet	yet, still	*tul- 'still, as yet': *tul-o > Hal tulo > tul (H2)	*tul-	*tul-o	TOVV+course (166)	@tul	canon	still, yet
O2602	tum	tumos	v	B	(v.) remember; recall	(v.) remember	*tum- 'hold, keep': *tum-o-s > Hal tumos > tum (H2)	*tum-	*tum-o-s	TUM (120)	@tum	canon	recall, remember
O2603	tumar		v	B	we remember: the hearth's answer, and Orrowen's 'yes'	we remember: the hearth's answer, and Orrowen's 'yes'	canon formation: tum + -ar (we remember: the hearth's answer, and Orrowen's 'yes')		tum+-ar		letters: t.u.m.a.r	canon	
O2604	tumard		n	B	one who remembers		tum 'remember' + -Ard (agent)	*tum-	tum+Ard	TUM (120) + A r d	@tum+A.r.d	tier3-sys	
O2605	tumat		adj	B	remembered (the participle)		tum 'remember' + -At (participle)	*tum-	tum+At	TUM (120) + A t	@tum+A.t	tier3-sys	
O2606	tumol	tumola	n	B	remembering; memory; remembering; the act of remembering	remembering; memory	canon formation: tum + -ol (memory (also inherited whole: *tum-ol-a))	*tum-	tum+-ol	TUM (120) + O l	@tum+O.l	canon	memory
O2607	tunn	tunnos	adj,v	B	whole, complete; complete, achieve, bring to wholeness; entire; finish	whole, complete	*tann- / tunn- 'shut in': *tunn-o-s > Hal tunnos > tunn (H2)	*tann-	*tunn-o-s	VENN+cope (265)	@tunn	canon	achieve, entire, finish, whole
O2608	tunnard		n	B	one who completes or achieves		tunn 'whole, complete' + -Ard (agent)	*tann-	tunn+Ard	VENN+cope (265) + A r d	@tunn+A.r.d	tier3-sys	
O2609	tunnat		adj	B	completed, achieved (the participle)		tunn 'whole, complete' + -At (participle)	*tann-	tunn+At	VENN+cope (265) + A t	@tunn+A.t	tier3-sys	
O2610	tunnol		n	B	completing; achieving; the act of completing		tunn 'whole, complete' + -Ol (verbal noun)	*tann-	tunn+Ol	VENN+cope (265) + O l	@tunn+O.l	tier3-sys	
O2611	tunnoth		n	B	wholeness; completion; wholeness; the quality of being whole	wholeness	canon formation: tunn + -oth (wholeness)		tunn+-oth	VENN+cope (265) + O th	@tunn+O.th	canon	completion
O2612	tuss	tussos	n	B	dust	dust	*tuʔss- 'dust' (reserve, ancestor §3.3): Hal tussos > tuss	*tuʔss-	*tuʔss-	LODH+three (296)	@tuss	reserve	dust
O2613	tussat		adj	B	dusted, dusty ('provided with X': -At on a noun)		tuss 'dust' + -At (participle)	*tuʔss-	tuss+At	LODH+three (296) + A t	@tuss+A.t	tier3-sys	
O2614	tussen		adj	S	dusty		tuss 'dust' + -en ('of, belonging to')	*tuʔss-	tuss+en	LODH+three (296) + e n	@tuss+e.n	tier3-sys	
O2615	tussow		n	B	a dusty place, a waste		tuss 'dust' + -ow (place)	*tuʔss-	tuss+ow	LODH+three (296) + o w	@tuss+o.w	tier3-sys	
O2616	tussvesk		name	S	Ashwood ('dust-tree')		tuss 'dust' + S mesk 'a tree' (compound: the head softened, §3.10)	*tuʔss-, *mosk-	tuss^mesk		t.u.s.s.v.e.s.k	tier3	
O2617	tymorn	tiumornos	n	B	a torch	a torch	*teumorn- 'a torch' (reserve, ancestor §3.3): Hal tiumornos > tymorn	*teumorn-	*teumorn-	VORR+course (161)	@tymorn	reserve	
O2618	tymornan		n	B	a torchlit line, a procession		tymorn 'a torch' + -an (collective, 'the folk of')	*teumorn-	tymorn+an	VORR+course (161) + a n	@tymorn+a.n	tier3-sys	
O2619	tymornard		n	B	a torch-bearer ('the one of the torch')		tymorn 'a torch' + -Ard (agent)	*teumorn-	tymorn+Ard	VORR+course (161) + A r d	@tymorn+A.r.d	tier3-sys	
O2620	tymornel		n	S	a small torch; a single torch		tymorn 'a torch' + -el (singulative, 'little')	*teumorn-	tymorn+el	VORR+course (161) + e l	@tymorn+e.l	tier3-sys	
O2621	tymornen		adj	S	of torches; torch-like		tymorn 'a torch' + -en ('of, belonging to')	*teumorn-	tymorn+en	VORR+course (161) + e n	@tymorn+e.n	tier3-sys	
O2622	tynt	tyntis	n	S	a pebble	a pebble	*tunt- 'a pebble' (reserve, ancestor §3.3): Hal tyntis > tynt	*tunt-	*tunt-	TOLM+cup (20)	@tynt	reserve	
O2623	tyntel		n	S	a small pebble; a single pebble		tynt 'a pebble' + -el (singulative, 'little')	*tunt-	tynt+el	TOLM+cup (20) + e l	@tynt+e.l	tier3-sys	
O2624	tynten		adj	S	of pebbles; pebble-like		tynt 'a pebble' + -en ('of, belonging to')	*tunt-	tynt+en	TOLM+cup (20) + e n	@tynt+e.n	tier3-sys	
O2625	tyntow		n	B	a pebble-beach		tynt 'a pebble' + -ow (place)	*tunt-	tynt+ow	TOLM+cup (20) + o w	@tynt+o.w	tier3-sys	
O2626	tynur	tiunuros	n	B	a siege, a sitting-down around	a siege, a sitting-down around	*teunur- 'a siege, a sitting-down around' (reserve, ancestor §3.3): Hal tiunuros > tynur	*teunur-	*teunur-	HALD+notch (30)	@tynur	reserve	siege
O2627	tynurorl		n	B	a siege-day (four-and-twenty hours)		tynur 'a siege, a sitting-down around' + S orl 'a day' (compound: the head softened, §3.10)	*teunur-, *orl-	tynur^orl	HALD+notch (30) · ORL (136)	@tynur@orl	tier3	
O2628	ul	ulan	prep	B	in (+N); in; into; within	in (+N); in	*ul- 'in, within': *ul-an > Hal ulan > ul (H1,H2)	*ul-	*ul-an		left out (a mortar word, D2)	canon	in, into, within
O2629	ul garm		adv	B	aloud (in a voice: ul + N carm)		a phrase: ul in(+N) + garm N·call	*ul-, *karm-	phrase	BROD+wedge (199)	@carm	tier3	aloud
O2630	ul gor reskow		adv	B	anywhere, everywhere (in every place)		a phrase: ul in(+N) + gor every(+S) + reskow place	*ul-, *gor-, *rask-	phrase	ODH+cope (63) + o w	@resk+o.w	tier3	anywhere, everywhere
O2631	ul lern		prep,adv	S	against, in the face of; ahead, in front; before, in front of (in the face of)		a phrase: ul in(+N) + lern face	*ul-, *leirn-	phrase	VESK+rim (230)	@lern	tier3	against, ahead, before
O2632	ul lodh		prep	B	between (in the mortar of: what lies between stones)		a phrase: ul in(+N) + lodh mortar	*ul-, *loð-	phrase	LODH (291)	@lodh	tier3	between
O2633	ul molt		prep	B	among, amid, in the middle of (in the heart of)		a phrase: ul in(+N) + molt heart	*ul-, *molt-	phrase	MOLT (105)	@molt	tier3	among
O2634	ul naedh		adv	S	asleep (in sleep: ul + N aedh)		a phrase: ul in(+N) + naedh N·sleep	*ul-, *eʔdh-	phrase	ODH+fade (64)	@aedh	tier3	asleep
O2635	ul neld		prep	S	beyond (in the far of); past, beyond		a phrase: ul in(+N) + neld N·far	*ul-, *deʔld-	phrase	VESK+fade (235)	@deld	tier3	beyond, past
O2636	ul reskow		adv	B	somewhere (in a place)		a phrase: ul in(+N) + reskow place	*ul-, *rask-	phrase	ODH+cope (63) + o w	@resk+o.w	tier3	somewhere
O2637	ul sestow		prep	B	after, behind (in the back of)		a phrase: ul in(+N) + sestow back	*ul-, *seʔst-	phrase		letters: s.e.s.t.o.w	tier3	after, behind
O2638	ul susk		prep	B	above, over (in the height of)		a phrase: ul in(+N) + susk high	*ul-, *suʔsk-	phrase	BRUNN+cope (325)	@susk	tier3	above
O2639	ul vimm		prep	S	below, under (in the low of); beneath		a phrase: ul in(+N) + vimm low	*ul-, *fiʔm-	phrase	BRUNN+still (326)	@vimm	tier3	below, beneath, under
O2640	ul vimm misk		adv	S	underfoot (under foot)		a phrase: ul in(+N) + vimm low + misk foot	*ul-, *fiʔm-, *miʔsk-	phrase	BRUNN+still (326) · ULD+still (248)	@vimm @misk	tier3	underfoot
O2641	ul vodh		adv	B	where ('in what')		a phrase: ul in(+N) + vodh what	*ul-, *ka-, wo- + -ð-	phrase		left out (mortar words only)	tier3	where
O2642	ul vorr		adv	B	alight, on fire (in fire)		a phrase: ul in(+N) + vorr fire	*ul-, *forr-	phrase	VORR (153)	@vorr	tier3	alight
O2643	uld	uldos	n	B	a man; a grown person	a man; a grown person	*uld- 'grown': *uld-o-s > Hal uldos > uld (H2)	*uld-	*uld-o-s	ULD (237)	@uld	canon	man
O2644	uldan		n	B	mankind, the menfolk		uld 'a man' + -an (collective, 'the folk of')	*uld-	uld+an	ULD (237) + a n	@uld+a.n	tier3-sys	
O2645	uldel		n	S	little man, dear man		uld 'a man' + -el (singulative, 'little')	*uld-	uld+el	ULD (237) + e l	@uld+e.l	tier3-sys	
O2646	Ulden	uldenos	name	S	Ulden	Ulden	*uld-en-o-s > Hal uldenos > ulden (H2); a name: names are names (no sense given)		*uld-en-o-s		u.l.d.e.n	canon	Ulden
O2647	uldoth		n	B	manhood		uld 'a man' + -Oth (abstract)	*uld-	uld+Oth	ULD (237) + O th	@uld+O.th	tier3-sys	
O2648	ull	ullo	det	B	that (after the noun)	that (after the noun)	*ull- 'that, there': *ull-o > Hal ullo > ull (H2)	*ull-	*ull-o		left out (a mortar word, D2)	canon	that
O2649	ullen		det,adj,n	S	another; different, other; left (the other hand); the rest, the others		ull 'that' + -en ('of, belonging to')	*ull-	ull+en		letters: u.l.l.e.n	tier3	another, different, left, other, rest
O2650	ulo		prep	B	in him, it		ul 'in' + the 3SG.M ending (§3.6, conjugated prepositions: 'the other prepositions follow the same pattern')	*ul-	ul+3SG.M		letters: u.l.o	tier3-sys	
O2651	ulom		prep	B	in me		ul 'in' + the 1SG ending (§3.6, conjugated prepositions: 'the other prepositions follow the same pattern')	*ul-	ul+1SG		letters: u.l.o.m	tier3-sys	
O2652	ulona		prep	B	in us two		ul 'in' + the 1DU ending (§3.6, conjugated prepositions: 'the other prepositions follow the same pattern')	*ul-	ul+1DU		letters: u.l.o.n.a	tier3-sys	
O2653	ulont		prep	B	in them		ul 'in' + the 3PL ending (§3.6, conjugated prepositions: 'the other prepositions follow the same pattern')	*ul-	ul+3PL		letters: u.l.o.n.t	tier3-sys	
O2654	ulonta		prep	B	in them two		ul 'in' + the 3DU ending (§3.6, conjugated prepositions: 'the other prepositions follow the same pattern')	*ul-	ul+3DU		letters: u.l.o.n.t.a	tier3-sys	
O2655	ulor		prep	B	in us		ul 'in' + the 1PL ending (§3.6, conjugated prepositions: 'the other prepositions follow the same pattern')	*ul-	ul+1PL		letters: u.l.o.r	tier3-sys	
O2656	ulos		prep	B	in you (many)		ul 'in' + the 2PL ending (§3.6, conjugated prepositions: 'the other prepositions follow the same pattern')	*ul-	ul+2PL		letters: u.l.o.s	tier3-sys	
O2657	uloth		prep	B	in you (one)		ul 'in' + the 2SG ending (§3.6, conjugated prepositions: 'the other prepositions follow the same pattern')	*ul-	ul+2SG		letters: u.l.o.th	tier3-sys	
O2658	uloy		prep	S	in her		ul 'in' + the 3SG.F ending (§3.6, conjugated prepositions: 'the other prepositions follow the same pattern')	*ul-	ul+3SG.F		letters: u.l.o.y	tier3-sys	
O2659	ulvenn		adj,adv	S	inner; inward	inner	canon formation: ul + venn (inner: 'true-in')		ul+venn	VENN+cup (271)	@ulvenn	canon	inner, inward
O2660	ulvennyth		n	S	inwardness, the inner life		ulvenn 'inner' + -Oth (abstract)		ulvenn+Oth	VENN+cup (271) + O th	@ulvenn+O.th	tier3-sys	
O2661	um	umo	prep	B	upon, on (+S); upon, on; about, concerning (what a thing is told upon); across, over; onto	upon, on (+S); upon, on	*um- 'upon': *um-o > Hal umo > um (H2)	*um-	*um-o		left out (a mortar word, D2)	canon	about, across, on, onto, over, upon
O2662	um gor lern		prep,adv	S	around, round about (on every side of); round, around		a phrase: um upon(+S) + gor every(+S) + lern face	*um-, *gor-, *leirn-	phrase	VESK+rim (230)	@lern	tier3	around, round
O2663	umo		prep	B	upon him, it (feeling: Doss X umo, 'he feels X')	upon him, it (feeling: Doss X umo, 'he feels X')	um 'upon' + the 3SG.M ending (§3.6, conjugated prepositions)	*um-	um+3SG.M		letters: u.m.o	canon	
O2664	umom		prep	B	upon me (feeling: Doss X umom, 'I feel X')	upon me (feeling: Doss X umom, 'I feel X')	um 'upon' + the 1SG ending (§3.6, conjugated prepositions)	*um-	um+1SG		letters: u.m.o.m	canon	
O2665	umona		prep	B	upon us two (feeling: Doss X umona, 'we two feel X')	upon us two (feeling: Doss X umona, 'we two feel X')	um 'upon' + the 1DU ending (§3.6, conjugated prepositions)	*um-	um+1DU		letters: u.m.o.n.a	canon	
O2666	umont		prep	B	upon them (feeling: Doss X umont, 'they feel X')	upon them (feeling: Doss X umont, 'they feel X')	um 'upon' + the 3PL ending (§3.6, conjugated prepositions)	*um-	um+3PL		letters: u.m.o.n.t	canon	
O2667	umonta		prep	B	upon them two (feeling: Doss X umonta, 'they two feel X')	upon them two (feeling: Doss X umonta, 'they two feel X')	um 'upon' + the 3DU ending (§3.6, conjugated prepositions)	*um-	um+3DU		letters: u.m.o.n.t.a	canon	
O2668	umor		prep	B	upon us (feeling: Doss X umor, 'we feel X')	upon us (feeling: Doss X umor, 'we feel X')	um 'upon' + the 1PL ending (§3.6, conjugated prepositions)	*um-	um+1PL		letters: u.m.o.r	canon	
O2669	umos		prep	B	upon you (many) (feeling: Doss X umos, 'you feel X')	upon you (many) (feeling: Doss X umos, 'you feel X')	um 'upon' + the 2PL ending (§3.6, conjugated prepositions)	*um-	um+2PL		letters: u.m.o.s	canon	
O2670	umoth		prep	B	upon you (one) (feeling: Doss X umoth, 'you feel X')	upon you (one) (feeling: Doss X umoth, 'you feel X')	um 'upon' + the 2SG ending (§3.6, conjugated prepositions)	*um-	um+2SG		letters: u.m.o.th	canon	
O2671	umoy		prep	S	upon her (feeling: Doss X umoy, 'she feels X')	upon her (feeling: Doss X umoy, 'she feels X')	um 'upon' + the 3SG.F ending (§3.6, conjugated prepositions)	*um-	um+3SG.F		letters: u.m.o.y	canon	
O2672	unth	unthos	adj	B	red	red	*uʔnth- 'red' (reserve, ancestor §3.3): Hal unthos > unth	*uʔnth-	*uʔnth-	LORR+star (131)	@unth	reserve	red
O2673	unthel		adj	S	reddish		unth 'red' + -el (singulative, 'little')	*uʔnth-	unth+el	LORR+star (131) + e l	@unth+e.l	tier3-sys	
O2674	unthoth		n	B	redness; the quality of being red		unth 'red' + -Oth (abstract)	*uʔnth-	unth+Oth	LORR+star (131) + O th	@unth+O.th	tier3-sys	
O2675	va	van	pron	B	you; your (pl., +N); you (pl); you (many)	you; your (pl., +N); you (pl)	*wa- 'you': *wa-n > Hal van > va (O4,H1)	*wa-	*wa-n		left out (a mortar word, D2)	canon	you
O2676	vadull	vadullos	n	B	a forebear; the old line	a forebear; the old line	*wadull- 'a forebear' (reserve, ancestor §3.3): Hal vadullos > vadull	*wadull-	*wadull-	ODH+notch (65)	@vadull	reserve	forebear
O2677	vadullan		n	B	the forebears, the old line		vadull 'a forebear' + -an (collective, 'the folk of')	*wadull-	vadull+an	ODH+notch (65) + a n	@vadull+a.n	tier3-sys	
O2678	vadullel		n	S	little forebear, dear forebear		vadull 'a forebear' + -el (singulative, 'little')	*wadull-	vadull+el	ODH+notch (65) + e l	@vadull+e.l	tier3-sys	
O2679	vadullen		n	S	an inheritance (what belongs to the forebears)		vadull 'a forebear' + -en ('of, belonging to')	*wadull-	vadull+en	ODH+notch (65) + e n	@vadull+e.n	tier3	inheritance
O2680	Vaelress		loan	S	Vaelress, the Grain That Rots		a Mystaeri word, borrowed by sound (orrowen_v2 §6.14 D7: loan words and Mystaeri names are spelled by sound, the knock as a wedge inside the word)	(Seilrhass)	loan		v.a.e.l.r.e.s.s	tier3	Vaelress
O2681	vaenal	vēnalis	adj	B	brown	brown	*weinal- 'brown' (reserve, ancestor §3.3): Hal vēnalis > vaenal	*weinal-	*weinal-		letters: v.a.e.n.a.l	reserve	
O2682	vaenalel		adj	S	brownish		vaenal 'brown' + -el (singulative, 'little')	*weinal-	vaenal+el		letters: v.a.e.n.a.l.e.l	tier3-sys	
O2683	vaenaloth		n	B	brownness; the quality of being brown		vaenal 'brown' + -Oth (abstract)	*weinal-	vaenal+Oth		letters: v.a.e.n.a.l.O.th	tier3-sys	
O2684	vall	vallos	v	B	(v.) love; like	(v.) love	*waʔl- 'the inward bent of a thing': *waʔl-o-s > Hal vallos > vall (O1,O4,H2)	*waʔl-	*waʔl-o-s	MOLT+turn (108)	@vall	canon	like
O2685	vallard		n	B	one who loves		vall 'love' + -Ard (agent)	*waʔl-	vall+Ard	MOLT+turn (108) + A r d	@vall+A.r.d	tier3-sys	
O2686	vallat		adj	B	loved (the participle)		vall 'love' + -At (participle)	*waʔl-	vall+At	MOLT+turn (108) + A t	@vall+A.t	tier3-sys	
O2687	vallol		n	B	loving; the act of loving		vall 'love' + -Ol (verbal noun)	*waʔl-	vall+Ol	MOLT+turn (108) + O l	@vall+O.l	tier3-sys	
O2688	varn	varnos	n	B	home	home	*waʔr- 'stillness': *waʔr-n-o-s > Hal varnos > varn (O1,O4,O5,H2)	*waʔr-	*waʔr-n-o-s	ODH+still (58)	@varn	canon	home
O2689	varnel		n	S	a small home; a single home		varn 'home' + -el (singulative, 'little')	*waʔr-	varn+el	ODH+still (58) + e l	@varn+e.l	tier3-sys	
O2690	varnen		adj	S	of homes; home-like		varn 'home' + -en ('of, belonging to')	*waʔr-	varn+en	ODH+still (58) + e n	@varn+e.n	tier3-sys	
O2691	varnvell		n	S	a song of home		varn 'home' + S vell 'a song' (compound: the head softened, §3.10)	*waʔr-, *fell-	varn^vell	ODH+still (58) · TRENN+zig (46)	@varn@vell	tier3	
O2692	vaskorn	vaskornis	n	B	a trader, one who carries goods; a merchant	a trader, one who carries goods	*faskorn- 'a trader, one who carries goods' (reserve, ancestor §3.3): Hal vaskornis > vaskorn	*faskorn-	*faskorn-		letters: v.a.s.k.o.r.n	reserve	merchant
O2693	vaskornan		n	B	the traders, the merchants' guild		vaskorn 'a trader, one who carries goods' + -an (collective, 'the folk of')	*faskorn-	vaskorn+an		letters: v.a.s.k.o.r.n.a.n	tier3-sys	
O2694	vaskornel		n	S	little trader, dear trader		vaskorn 'a trader, one who carries goods' + -el (singulative, 'little')	*faskorn-	vaskorn+el		letters: v.a.s.k.o.r.n.e.l	tier3-sys	
O2695	vathur	vathuros	n	B	a breach	a breach	*fathur- 'a breach' (reserve, ancestor §3.3): Hal vathuros > vathur	*fathur-	*fathur-	HALD+fork (27)	@vathur	reserve	breach
O2696	vathurel		n	S	a small breach; a single breach		vathur 'a breach' + -el (singulative, 'little')	*fathur-	vathur+el	HALD+fork (27) + e l	@vathur+e.l	tier3-sys	
O2697	vathuren		adj	S	of breaches; breach-like		vathur 'a breach' + -en ('of, belonging to')	*fathur-	vathur+en	HALD+fork (27) + e n	@vathur+e.n	tier3-sys	
O2698	vell	vellis	n,v	S	a song; a rhyme; sing; verse	a song	*fell- 'a song': *fell-i-s > Hal vellis > vell (O4,H2)	*fell-	*fell-i-s	TRENN+zig (46)	@vell	canon	rhyme, sing, song, verse
O2699	Vell et Covv Treskat		name	B	The Lay of the Torn Cloak (the song of the Torn Cloak)		a phrase: Vell song + et the + Covv cloak + Treskat riven	*fell-, *et-, *koff-	phrase	TRENN+zig (46) · ULD+cope (242) · CRESK+gap (74) + a t	@vell @covv @tresk+a.t	tier3	
O2700	Vell et Surrath		name	B	The Song of the Years		a phrase: Vell song + et the + Surrath age	*fell-, *et-, *surr-	phrase	TRENN+zig (46) · ORL+turn (139) + A th	@vell @surr+A.th	tier3	
O2701	vellan		n	B	a song-cycle		vell 'a song' + -an (collective, 'the folk of')	*fell-	vell+an	TRENN+zig (46) + a n	@vell+a.n	tier3-sys	
O2702	vellerd		n	S	a singer; one who sings		vell 'a song' + -Ard (agent)	*fell-	vell+Ard	TRENN+zig (46) + A r d	@vell+A.r.d	tier3	singer
O2703	vellet		adj	S	sung (the participle)		vell 'a song' + -At (participle)	*fell-	vell+At	TRENN+zig (46) + A t	@vell+A.t	tier3-sys	
O2704	vellow		n	B	a singing-place, a choir		vell 'a song' + -ow (place)	*fell-	vell+ow	TRENN+zig (46) + o w	@vell+o.w	tier3-sys	
O2705	vellyl		n	S	singing; the act of singing		vell 'a song' + -Ol (verbal noun)	*fell-	vell+Ol	TRENN+zig (46) + O l	@vell+O.l	tier3-sys	
O2706	velv	velvis	adj	S	quiet; silent	quiet	*felf- 'quiet' (reserve, ancestor §3.3): Hal velvis > velv	*felf-	*felf-		letters: v.e.l.v	reserve	quiet, silent
O2707	velvel		adj	S	quietish, hushed		velv 'quiet' + -el (singulative, 'little')	*felf-	velv+el		letters: v.e.l.v.e.l	tier3-sys	
O2708	velverd		n	S	a quiet one		velv 'quiet' + -Ard (agent)	*felf-	velv+Ard		letters: v.e.l.v.A.r.d	tier3-sys	
O2709	velvow		n	B	a quiet place, a retreat		velv 'quiet' + -ow (place)	*felf-	velv+ow		letters: v.e.l.v.o.w	tier3-sys	
O2710	velvyth		n	S	silence; quietness; the quality of being quiet		velv 'quiet' + -Oth (abstract)	*felf-	velv+Oth		letters: v.e.l.v.O.th	tier3	silence
O2711	vem	vemos	n	S	a flame	a flame	*fem- 'a flame' (reserve, ancestor §3.3): Hal vemos > vem	*fem-	*fem-	VORR+lone (156)	@vem	reserve	flame
O2712	vemel		n	S	a small flame; a single flame		vem 'a flame' + -el (singulative, 'little')	*fem-	vem+el	VORR+lone (156) + e l	@vem+e.l	tier3-sys	
O2713	vemen		adj	S	of flames; flame-like		vem 'a flame' + -en ('of, belonging to')	*fem-	vem+en	VORR+lone (156) + e n	@vem+e.n	tier3-sys	
O2714	vemow		n	B	a burning-place, a pyre		vem 'a flame' + -ow (place)	*fem-	vem+ow	VORR+lone (156) + o w	@vem+o.w	tier3-sys	
O2715	venn	vennis	adj,adv	S	true; plumb; faithful; honest; just; natural, true; plain (straight, honest: 'tell it plain'; NOT 'ordinary': a plain soldier's cloak is hosel, 'only a soldier's'); plainly; right, true; right-hand; rightly; sound, whole; straight; truly; upright	true; plumb; faithful	*weinn- 'sound, whole, true': *weinn-i-s > Hal vennis > venn (O2,O4,H2)	*weinn-	*weinn-i-s	VENN (264)	@venn	canon	honest, just, natural, plain, plainly, plumb, right, rightly, sound, straight, true, truly, upright
O2716	venndhrenn		n	S	a plumb-line ('true-line')		venn 'true' + S trenn 'a course of stones' (compound: the head softened, §3.10)	*weinn-, *trenn-	venn^trenn	VENN (264) · TRENN (39)	@venn@trenn	tier3	plumb-line
O2717	vennoth		n	B	faith; truth; faithfulness	faith; truth; faithfulness	canon formation: venn + -oth (abstract (the spec's slip: by harmony vennyth))		venn+-oth	VENN (264) + o th	@venn+o.th	canon	faith, truth
O2718	vennuld		n	B	a True Man	a True Man	canon formation: venn + uld (compound: a True Man)		venn+uld	VENN (264) · ULD (237)	@venn@uld	canon	
O2719	vennyth		n	S	trueness; the quality of being true		venn 'true' + -Oth (abstract)	*weinn-	venn+Oth	VENN (264) + O th	@venn+O.th	tier3-sys	
O2720	venth	venthis	n	S	shallow water	shallow water	*feʔnth- 'shallow water' (reserve, ancestor §3.3): Hal venthis > venth	*feʔnth-	*feʔnth-		letters: v.e.n.th	reserve	shallow
O2721	venthel		n	S	a small shallow water; a single shallow water		venth 'shallow water' + -el (singulative, 'little')	*feʔnth-	venth+el		letters: v.e.n.th.e.l	tier3-sys	
O2722	venthen		adj	S	shallow; of shallow waters; shallow water-like		venth 'shallow water' + -en ('of, belonging to')	*feʔnth-	venth+en		letters: v.e.n.th.e.n	tier3	shallow
O2723	vernul	vernulos	n	B	one who shuts in, a gaoler	one who shuts in, a gaoler	*fairnul- 'one who shuts in, a gaoler' (reserve, ancestor §3.3): Hal vernulos > vernul	*fairnul-	*fairnul-		letters: v.e.r.n.u.l	reserve	gaoler
O2724	vernulel		n	S	little one who shuts in, dear one who shuts in		vernul 'one who shuts in, a gaoler' + -el (singulative, 'little')	*fairnul-	vernul+el		letters: v.e.r.n.u.l.e.l	tier3-sys	
O2725	verr	verris	n	S	a wife, the woman of a hearth	a wife, the woman of a hearth	*faʔrr- 'a wife, the woman of a hearth' (reserve, ancestor §3.3): Hal verris > verr	*faʔrr-	*faʔrr-		letters: v.e.r.r	reserve	wife
O2726	verran		n	B	the wives		verr 'a wife, the woman of a hearth' + -an (collective, 'the folk of')	*faʔrr-	verr+an		letters: v.e.r.r.a.n	tier3-sys	
O2727	verrel		n	S	little wife, dear wife		verr 'a wife, the woman of a hearth' + -el (singulative, 'little')	*faʔrr-	verr+el		letters: v.e.r.r.e.l	tier3-sys	
O2728	verryth		n	S	wifehood		verr 'a wife, the woman of a hearth' + -Oth (abstract)	*faʔrr-	verr+Oth		letters: v.e.r.r.O.th	tier3-sys	
O2729	vesk	veskis	v	S	(v.) see; read (letters, or a cradle); look; seem (be seen)	(v.) see; read (letters, or a cradle)	*wesk- 'look at closely': *wesk-i-s > Hal veskis > vesk (O4,H2)	*wesk-	*wesk-i-s	VESK (229)	@vesk	canon	look, read, see, seem
O2730	veskerd		n	S	a seer; a reader; one who sees	a seer	canon formation: vesk + -ard (agent, slender)		vesk+-ard	VESK (229) + A r d	@vesk+A.r.d	canon	reader, seer
O2731	vesket		n,adj	S	a colour, a look (what is seen); seen (the participle)		vesk 'see' + -At (participle)	*wesk-	vesk+At	VESK (229) + A t	@vesk+A.t	tier3	colour
O2732	veskow		n	B	an eye ('the seeing-place')		vesk 'see' + -ow (place)	*wesk-	vesk+ow	VESK (229) + o w	@vesk+o.w	tier3	eye
O2733	vesksirr		n	S	a mirror ('see-glass')		vesk 'see' + S sirr 'glass' (compound: the head softened, §3.10)	*wesk-, *sirr-	vesk^sirr	VESK (229) · TOLM+star (9)	@vesk@sirr	tier3	mirror
O2734	Vesksirr ul Meskdhrenn		name	S	V.7 The Mirror in the Grain		a phrase: Vesksirr mirror + ul in(+N) + Meskdhrenn grain.of.wood	*wesk-, *sirr-, *ul-, *mosk-, *trenn-	phrase	VESK (229) · TOLM+star (9) · MESK (186) · TRENN (39)	@vesk@sirr @mesk@trenn	tier3	
O2735	veskyl		n	S	sight; seeing; the act of seeing		vesk 'see' + -Ol (verbal noun)	*wesk-	vesk+Ol	VESK (229) + O l	@vesk+O.l	tier3	sight
O2736	vess	vessis	n	S	a night	a night	*feʔ- 'fade, go dark': *feʔs-i-s > Hal vessis > vess (O1,O4,H2)	*feʔ-	*feʔs-i-s	ORL+fade (137)	@vess	canon	night
O2737	vess sy		adv	S	tonight (this night)		a phrase: vess night + sy this	*feʔ-, *siu	phrase	ORL+fade (137)	@vess	tier3	tonight
O2738	Vess Vollol		name	B	the Night of the Naming		a phrase: Vess night + Vollol naming	*feʔ-, *woll-	phrase	ORL+fade (137) · BROD+lone (202) + O l	@vess @voll+O.l	tier3	
O2739	vessen		adj	S	nightly, of the night		vess 'a night' + -en ('of, belonging to')	*feʔ-	vess+en	ORL+fade (137) + e n	@vess+e.n	tier3-sys	
O2740	vesshelv		n	S	the night sky		vess 'a night' + S helv 'the sky, the upper air' (compound: the head softened, §3.10)	*feʔ-, *half-	vess^helv	ORL+fade (137) · ORL+cope (141)	@vess@helv	tier3	
O2741	vessvar		n	B	a night-watch		vess 'a night' + S par 'guard, protect' (compound: the head softened, §3.10)	*feʔ-, *par-	vess^par	ORL+fade (137) · PAR (92)	@vess@par	tier3	night-watches
O2742	vestul	vestulis	n	B	a chest	a chest	*festul- 'a chest' (reserve, ancestor §3.3): Hal vestulis > vestul	*festul-	*festul-	GANNA+cope (290)	@vestul	reserve	chest
O2743	vestul rytow		n	B	the archive chest (the chest of the archive)		a phrase: vestul chest + rytow archive	*festul-, *wrut-	phrase	GANNA+cope (290) · TOLM+cut (8) + o w	@vestul @ryt+o.w	tier3	
O2744	vestulard		n	B	a chest-keeper, a steward ('the one of the chest')		vestul 'a chest' + -Ard (agent)	*festul-	vestul+Ard	GANNA+cope (290) + A r d	@vestul+A.r.d	tier3-sys	
O2745	vestulel		n	S	a small chest; a single chest		vestul 'a chest' + -el (singulative, 'little')	*festul-	vestul+el	GANNA+cope (290) + e l	@vestul+e.l	tier3-sys	
O2746	vestulen		adj	S	of chests; chest-like		vestul 'a chest' + -en ('of, belonging to')	*festul-	vestul+en	GANNA+cope (290) + e n	@vestul+e.n	tier3-sys	
O2747	vestulow		n	B	a store-room of chests		vestul 'a chest' + -ow (place)	*festul-	vestul+ow	GANNA+cope (290) + o w	@vestul+o.w	tier3-sys	
O2748	vestulvard		n	B	a chest-keeper		vestul 'a chest' + S pard 'a warden, a keeper' (compound: the head softened, §3.10)	*festul-, *par-	vestul^pard		letters: v.e.s.t.u.l.v.a.r.d	tier3	
O2749	veth	vetho	conj,adv	S	but, rather; anyway, rather; though	but, rather	*weθ- 'on the other side, rather': *weth-o > Hal vetho > veth (O4,H2)	*weθ-	*weth-o		left out (a mortar word, D2)	canon	anyway, but, rather, though
O2750	vidh	vīdhos	v	S	pour; spill	pour	*fiʔdh- 'pour' (reserve, ancestor §3.3): Hal vīdhos > vidh	*fiʔdh-	*fiʔdh-		letters: v.i.dh	reserve	spill
O2751	vidherd		n	S	one who pours		vidh 'pour' + -Ard (agent)	*fiʔdh-	vidh+Ard		letters: v.i.dh.A.r.d	tier3-sys	
O2752	vidhet		adj	S	poured (the participle)		vidh 'pour' + -At (participle)	*fiʔdh-	vidh+At		letters: v.i.dh.A.t	tier3-sys	
O2753	vidhyl		n	S	pouring; the act of pouring		vidh 'pour' + -Ol (verbal noun)	*fiʔdh-	vidh+Ol		letters: v.i.dh.O.l	tier3-sys	
O2754	villur	villuris	v	B	yield, give oneself up	yield, give oneself up	*fillur- 'yield, give oneself up' (reserve, ancestor §3.3): Hal villuris > villur	*fillur-	*fillur-	LUNN+fade (262)	@villur	reserve	
O2755	villurard		n	B	one who yields or gives oneself up		villur 'yield, give oneself up' + -Ard (agent)	*fillur-	villur+Ard	LUNN+fade (262) + A r d	@villur+A.r.d	tier3-sys	
O2756	villurat		adj	B	yielded, given oneself up (the participle)		villur 'yield, give oneself up' + -At (participle)	*fillur-	villur+At	LUNN+fade (262) + A t	@villur+A.t	tier3-sys	
O2757	villurol		n	B	yielding; giving oneself up; the act of yielding		villur 'yield, give oneself up' + -Ol (verbal noun)	*fillur-	villur+Ol	LUNN+fade (262) + O l	@villur+O.l	tier3-sys	
O2758	vilv	vilvis	v	S	dance	dance	*fiʔlf- 'dance' (reserve, ancestor §3.3): Hal vilvis > vilv	*fiʔlf-	*fiʔlf-		letters: v.i.l.v	reserve	dance
O2759	vilverd		n	S	one who dances		vilv 'dance' + -Ard (agent)	*fiʔlf-	vilv+Ard		letters: v.i.l.v.A.r.d	tier3-sys	
O2760	vilvet		adj	S	danced (the participle)		vilv 'dance' + -At (participle)	*fiʔlf-	vilv+At		letters: v.i.l.v.A.t	tier3-sys	
O2761	vilvhellur		n	B	a dancing-hall		vilv 'dance' + S hellur 'a hall' (compound: the head softened, §3.10)	*fiʔlf-, *xeillur-	vilv^hellur		letters: v.i.l.v.h.e.l.l.u.r	tier3	dancing-hall
O2762	vilvow		n	B	a dancing-floor		vilv 'dance' + -ow (place)	*fiʔlf-	vilv+ow		letters: v.i.l.v.o.w	tier3-sys	
O2763	vilvyl		n	S	a dance, dancing; dancing; the act of dancing		vilv 'dance' + -Ol (verbal noun)	*fiʔlf-	vilv+Ol		letters: v.i.l.v.O.l	tier3	dance
O2764	vimm	vimmos	adj	S	low	low	*fiʔm- 'low' (reserve, ancestor §3.3): Hal vimmos > vimm	*fiʔm-	*fiʔm-	BRUNN+still (326)	@vimm	reserve	low
O2765	vimmel		adj	S	lowish		vimm 'low' + -el (singulative, 'little')	*fiʔm-	vimm+el	BRUNN+still (326) + e l	@vimm+e.l	tier3-sys	
O2766	vimmlern		n	S	an underside ('low-face')		vimm 'low' + S lern 'the face' (compound: the head softened, §3.10)	*fiʔm-, *leirn-	vimm^lern	BRUNN+still (326) · VESK+rim (230)	@vimm@lern	tier3	underside
O2767	vimmow		n	B	a low place, a bottom		vimm 'low' + -ow (place)	*fiʔm-	vimm+ow	BRUNN+still (326) + o w	@vimm+o.w	tier3-sys	
O2768	vimmyth		n	S	lowness; the quality of being low		vimm 'low' + -Oth (abstract)	*fiʔm-	vimm+Oth	BRUNN+still (326) + O th	@vimm+O.th	tier3-sys	
O2769	virr	virros	adj,adv	S	near; about, nearly; almost, nearly; close, near	near	*fiʔr- 'near' (reserve, ancestor §3.3): Hal virros > virr	*fiʔr-	*fiʔr-	VESK+cup (234)	@virr	reserve	about, almost, close, near
O2770	virrel		adj	S	near at hand		virr 'near' + -el (singulative, 'little')	*fiʔr-	virr+el	VESK+cup (234) + e l	@virr+e.l	tier3-sys	
O2771	virryth		n	S	nearness; the quality of being near		virr 'near' + -Oth (abstract)	*fiʔr-	virr+Oth	VESK+cup (234) + O th	@virr+O.th	tier3-sys	
O2772	vodh	vodho	pron	B	what?; which (asking)	what?	*ka-, wo- + -ð- 'which one?': *wo-dh-o > Hal vodho > vodh (O4,H2)	*ka-, wo- + -ð-	*wo-dh-o		left out (a mortar word, D2)	canon	what, which
O2773	voll	vollos	n,v	B	a name; call by name, name	a name	*woll- 'a calling, a name': *woll-o-s > Hal vollos > voll (O4,H2)	*woll-	*woll-o-s	BROD+lone (202)	@voll	canon	call, name
O2774	vollard		n	B	one who calls by name or names		voll 'a name' + -Ard (agent)	*woll-	voll+Ard	BROD+lone (202) + A r d	@voll+A.r.d	tier3-sys	
O2775	vollat		adj	B	called by name, named (the participle)		voll 'a name' + -At (participle)	*woll-	voll+At	BROD+lone (202) + A t	@voll+A.t	tier3-sys	
O2776	vollol		n	B	a naming; calling by name; naming; the act of calling by name		voll 'a name' + -Ol (verbal noun)	*woll-	voll+Ol	BROD+lone (202) + O l	@voll+O.l	tier3	naming
O2777	Vollol et Treskan		name	B	I.5 The Naming of the Rivenmen		a phrase: Vollol naming + et the + Treskan Treskan	*woll-, *et-	phrase	BROD+lone (202) + O l	@voll+O.l t.r.e.s.k.a.n	tier3	
O2778	vonul	vonulos	n	B	a calm, windless water	a calm, windless water	*fonul- 'a calm, windless water' (reserve, ancestor §3.3): Hal vonulos > vonul	*fonul-	*fonul-		letters: v.o.n.u.l	reserve	
O2779	vorr	vorros	n,v	B	fire; burn	fire	*forr- 'fire': *forr-o-s > Hal vorros > vorr (O4,H2)	*forr-	*forr-o-s	VORR (153)	@vorr	canon	burn, fire
O2780	vorrard		n	B	one who burns		vorr 'fire' + -Ard (agent)	*forr-	vorr+Ard	VORR (153) + A r d	@vorr+A.r.d	tier3-sys	
O2781	vorrat		adj	B	charred, burnt; burned (the participle)		vorr 'fire' + -At (participle)	*forr-	vorr+At	VORR (153) + A t	@vorr+A.t	tier3	char
O2782	vorrdholm		n	B	a brick ('fire-stone')		vorr 'fire' + S tolm 'a stone' (compound: the head softened, §3.10)	*forr-, *tol-	vorr^tolm	VORR (153) · TOLM (1)	@vorr@tolm	tier3	brick
O2783	vorrdhuss		n	B	ash ('fire-dust')		vorr 'fire' + S tuss 'dust' (compound: the head softened, §3.10)	*forr-, *tuʔss-	vorr^tuss	VORR (153) · LODH+three (296)	@vorr@tuss	tier3	ash
O2784	vorren		adj	S	fiery		vorr 'fire' + -en ('of, belonging to')	*forr-	vorr+en	VORR (153) + e n	@vorr+e.n	tier3-sys	
O2785	vorrol		n	B	burning; the act of burning; (a name) the Burning: the shore's name for Esthaer, a Throne (the soldiers' Magma Titan)		vorr 'fire' + -Ol (verbal noun) [wf8: the sense '(a name) the Burning' added by units S05, S10, S11]	*forr-	vorr+Ol	VORR (153) + O l	@vorr+O.l	tier3-sys	burning, the Burning
O2786	vorrow		n	B	a fire-place, a hearth-pit		vorr 'fire' + -ow (place)	*forr-	vorr+ow	VORR (153) + o w	@vorr+o.w	tier3-sys	
O2787	vorrsceth		n	S	a fire-ship		vorr 'fire' + S sceth 'a ship, a hull' (compound: the head softened, §3.10)	*forr-, *skeθ-	vorr^sceth	VORR (153) · SCETH (173)	@vorr@sceth	tier3	fire-ships
O2788	vorrvesk		n	S	firewood		vorr 'fire' + S mesk 'a tree' (compound: the head softened, §3.10)	*forr-, *mosk-	vorr^mesk	VORR (153) · MESK (186)	@vorr@mesk	tier3	
O2789	Voss	vossos	name	B	Voss	Voss	*woss-o-s > Hal vossos > voss (O4,H2); a name: names are names (no sense given)		*woss-o-s		v.o.s.s	canon	Voss
O2790	Voss sa re vess		name	S	Voss who asked	Voss who asked	canon (orrowen_v2): Voss Voss + sa REL(+S) + re PST(+S) + vess S·ask	*sa, *re, *pess-	phrase	BROD+gap (200)	v.o.s.s @pess	canon	
O2791	vost	vostos	n	B	a brother	a brother	*foʔst- 'a brother' (reserve, ancestor §3.3): Hal vostos > vost	*foʔst-	*foʔst-		letters: v.o.s.t	reserve	
O2792	vostan		n	B	a brotherhood		vost 'a brother' + -an (collective, 'the folk of')	*foʔst-	vost+an		letters: v.o.s.t.a.n	tier3-sys	
O2793	vostel		n	S	little brother, dear brother		vost 'a brother' + -el (singulative, 'little')	*foʔst-	vost+el		letters: v.o.s.t.e.l	tier3-sys	
O2794	vostoth		n	B	brotherhood (the bond of brothers)		vost 'a brother' + -Oth (abstract)	*foʔst-	vost+Oth		letters: v.o.s.t.O.th	tier3-sys	
O2795	voth	vāthis	v	B	tend, care for	tend, care for	*faʔth- 'tend, care for' (reserve, ancestor §3.3): Hal vāthis > voth	*faʔth-	*faʔth-	ODH+gap (72)	@voth	reserve	
O2796	vothard		n	B	one who tends or cares for		voth 'tend, care for' + -Ard (agent)	*faʔth-	voth+Ard	ODH+gap (72) + A r d	@voth+A.r.d	tier3-sys	
O2797	vothat		adj	B	tended, cared for (the participle)		voth 'tend, care for' + -At (participle)	*faʔth-	voth+At	ODH+gap (72) + A t	@voth+A.t	tier3-sys	
O2798	vothen		adj,adv	S	careful, heedful ('of tending'); carefully		voth 'tend, care for' + -en ('of, belonging to')	*faʔth-	voth+en	ODH+gap (72) + e n	@voth+e.n	tier3	careful, carefully
O2799	vothol		n	B	tending; caring for; the act of tending		voth 'tend, care for' + -Ol (verbal noun)	*faʔth-	voth+Ol	ODH+gap (72) + O l	@voth+O.l	tier3-sys	
O2800	vran	vranos	num	B	six	six	*fran- 'six': *fran-o-s > Hal vranos > vran (O4,H2)	*fran-	*fran-o-s		%v	canon	six
O2801	vranast		num	B	sixth (the ordinal)		vran 'six' + -Ast (ordinal)	*fran-	vran+Ast		letters: v.r.a.n.A.s.t	tier3-sys	
O2802	vrannoth		num	B	sixteen		vran 'six' + S noth 'ten' (compound: the head softened, §3.10) (the teens: unit + ten, as hosnoth, sullnoth)	*fran-, *noθ-	vran^noth		%nv	tier3-sys	
O2803	vundor	vundoros	v	B	measure	measure	*wundor- 'measure' (reserve, ancestor §3.3): Hal vundoros > vundor [banned ending -dor (§2.5): the reserve root owes a re-draw; not used in tier-3 text]	*wundor-	*wundor-		letters: v.u.n.d.o.r	reserve	
O2804	vyssor	viussoros	v	B	spend	spend	*weussor- 'spend' (reserve, ancestor §3.3): Hal viussoros > vyssor	*weussor-	*weussor-		letters: v.y.s.s.o.r	reserve	spend
O2805	vyssorard		n	B	one who spends		vyssor 'spend' + -Ard (agent)	*weussor-	vyssor+Ard		letters: v.y.s.s.o.r.A.r.d	tier3-sys	
O2806	vyssorat		adj	B	spent (the participle)		vyssor 'spend' + -At (participle)	*weussor-	vyssor+At		letters: v.y.s.s.o.r.A.t	tier3-sys	
O2807	vyssorol		n	B	spending; the act of spending		vyssor 'spend' + -Ol (verbal noun)	*weussor-	vyssor+Ol		letters: v.y.s.s.o.r.O.l	tier3-sys	
O2808	vysul	viusulos	n	B	a threshold	a threshold	*weusul- 'a threshold' (reserve, ancestor §3.3): Hal viusulos > vysul	*weusul-	*weusul-	GANNA+still (286)	@vysul	reserve	
O2809	vysulel		n	S	a small threshold; a single threshold		vysul 'a threshold' + -el (singulative, 'little')	*weusul-	vysul+el	GANNA+still (286) + e l	@vysul+e.l	tier3-sys	
O2810	vysulen		adj	S	of thresholds; threshold-like		vysul 'a threshold' + -en ('of, belonging to')	*weusul-	vysul+en	GANNA+still (286) + e n	@vysul+e.n	tier3-sys	
O2811	wadh	wadhos	n	B	the sea	the sea	*gwað- 'the great water': *gwadh-o-s > Hal wadhos > wadh (O4,H2)	*gwað-	*gwadh-o-s	WADH (301)	@wadh	canon	sea
O2812	wadhan		n	B	the sea-folk		wadh 'the sea' + -an (collective, 'the folk of')	*gwað-	wadh+an	WADH (301) + a n	@wadh+a.n	tier3-sys	
O2813	wadhard		n	B	a seafarer ('sea-one'); a seafarer ('the one of the sea')		wadh 'the sea' + -Ard (agent)	*gwað-	wadh+Ard	WADH (301) + A r d	@wadh+A.r.d	tier3	seafarer
O2814	wadhdhrenn		n	S	a sea-lane		wadh 'the sea' + S trenn 'a course of stones' (compound: the head softened, §3.10)	*gwað-, *trenn-	wadh^trenn	WADH (301) · TRENN (39)	@wadh@trenn	tier3	
O2815	wadhen		adj	S	of the sea, sea-going		wadh 'the sea' + -en ('of, belonging to')	*gwað-	wadh+en	WADH (301) + e n	@wadh+e.n	tier3-sys	
O2816	wadhhelv		n	S	the sea-sky, the horizon		wadh 'the sea' + S helv 'the sky, the upper air' (compound: the head softened, §3.10)	*gwað-, *half-	wadh^helv	WADH (301) · ORL+cope (141)	@wadh@helv	tier3	
O2817	wadhnas		n	B	a seabird		wadh 'the sea' + S nas 'a bird' (compound: the head softened, §3.10)	*gwað-, *nas-	wadh^nas		letters: w.a.dh.n.a.s	tier3	
O2818	wadhses		n	S	a sea-fish		wadh 'the sea' + S ses 'a fish' (compound: the head softened, §3.10)	*gwað-, *sas-	wadh^ses		letters: w.a.dh.s.e.s	tier3	
O2819	wemm	wemmis	n	S	a sail	a sail	*gwemm- 'a cloth that fills': *gwemm-i-s > Hal wemmis > wemm (O4,H2)	*gwemm-	*gwemm-i-s	SCETH+zig (174)	@wemm	canon	sail
O2820	wemman		n	B	a spread of sails		wemm 'a sail' + -an (collective, 'the folk of')	*gwemm-	wemm+an	SCETH+zig (174) + a n	@wemm+a.n	tier3-sys	
O2821	wemmel		n	S	a small sail; a single sail		wemm 'a sail' + -el (singulative, 'little')	*gwemm-	wemm+el	SCETH+zig (174) + e l	@wemm+e.l	tier3-sys	
O2822	wemmen		adj	S	of sails; sail-like		wemm 'a sail' + -en ('of, belonging to')	*gwemm-	wemm+en	SCETH+zig (174) + e n	@wemm+e.n	tier3-sys	
O2823	wemmerd		n	S	a sailmaker ('the one of the sail')		wemm 'a sail' + -Ard (agent)	*gwemm-	wemm+Ard	SCETH+zig (174) + A r d	@wemm+A.r.d	tier3-sys	
O2824	wemmet		adj	S	rigged, under sail ('provided with X': -At on a noun)		wemm 'a sail' + -At (participle)	*gwemm-	wemm+At	SCETH+zig (174) + A t	@wemm+A.t	tier3-sys	
O2825	wemmeth		n	S	sails; a fleet under sail (a plural with a sense of its own)		wemm 'a sail' + -Ath (plural)	*gwemm-	wemm+Ath	SCETH+zig (174) + A th	@wemm+A.th	tier3-sys	
O2826	wemmeth myst		n	S	the grey sails		a phrase: wemmeth sails + myst sea-fog	*gwemm-, *mus-	phrase	SCETH+zig (174) + A th · WADH+fade (302)	@wemm+A.th @myst	tier3	
O2827	wesk	weskis	v	S	find	find	*gweʔsk- 'find' (reserve, ancestor §3.3): Hal weskis > wesk	*gweʔsk-	*gweʔsk-	GARL+star (223)	@wesk	reserve	find
O2828	weskerd		n	S	one who finds		wesk 'find' + -Ard (agent)	*gweʔsk-	wesk+Ard	GARL+star (223) + A r d	@wesk+A.r.d	tier3-sys	
O2829	wesket		adj	S	found (the participle)		wesk 'find' + -At (participle)	*gweʔsk-	wesk+At	GARL+star (223) + A t	@wesk+A.t	tier3-sys	
O2830	weskyl		n	S	finding; the act of finding		wesk 'find' + -Ol (verbal noun)	*gweʔsk-	wesk+Ol	GARL+star (223) + O l	@wesk+O.l	tier3-sys	
O2831	yal		v	B	was, were (re yal-: the suppletive past of doss, from old gal-)	was, were (re yal-: the suppletive past of doss, from old gal-)	canon formation: gal (was: re + S gal (g > y))		gal		left out (a mortar word, D2)	canon	
O2832	yala		v	B	was, were, 3DU	was, were, 3DU	the state verb doss (§3.4): softened (after re): 3DU	*doss-	gal+3DU		letters: y.a.l.a	canon	
O2833	yalan		v	B	was, were, 1DU	was, were, 1DU	the state verb doss (§3.4): softened (after re): 1DU	*doss-	gal+1DU		letters: y.a.l.a.n	canon	
O2834	yalant		v	B	was, were, 3PL	was, were, 3PL	the state verb doss (§3.4): softened (after re): 3PL	*doss-	gal+3PL		letters: y.a.l.a.n.t	canon	
O2835	yalar		v	B	was, were, 1PL	was, were, 1PL	the state verb doss (§3.4): softened (after re): 1PL	*doss-	gal+1PL		letters: y.a.l.a.r	canon	
O2836	yalith		v	S	was, were, 2SG	was, were, 2SG	the state verb doss (§3.4): softened (after re): 2SG	*doss-	gal+2SG		letters: y.a.l.i.th	canon	
O2837	yalom		v	B	was, were, 1SG	was, were, 1SG	the state verb doss (§3.4): softened (after re): 1SG	*doss-	gal+1SG		letters: y.a.l.o.m	canon	
O2838	yalos		v	B	was, were, 2PL	was, were, 2PL	the state verb doss (§3.4): softened (after re): 2PL	*doss-	gal+2PL		letters: y.a.l.o.s	canon	
O2839	-a		suf	B	the old dual; feminine names; the pair-name lintel	the old dual; feminine names; the pair-name lintel	*-aʔ > the living suffix -a (harmony: §3.2)	*-aʔ	*-aʔ		letters, after the sign (D5)	canon	
O2840	-A		suf	B	3du, they two (-a, -e)	3du, they two (-a, -e)	*-aʔ > the living suffix -A (harmony: §3.2)	*-aʔ	*-aʔ		letters, after the sign (D5)	canon	
O2841	-an		suf	B	'the folk of', a collective	'the folk of', a collective	*-an > the living suffix -an (harmony: §3.2)	*-an	*-an		letters, after the sign (D5)	canon	
O2842	-An		suf	B	1du, we two (-an, -en)	1du, we two (-an, -en)	*-ana > the living suffix -An (harmony: §3.2)	*-ana	*-ana		letters, after the sign (D5)	canon	
O2843	-Ant		suf	B	3pl, they (-ant, -ent)	3pl, they (-ant, -ent)	*-ant > the living suffix -Ant (harmony: §3.2)	*-ant	*-ant		letters, after the sign (D5)	canon	
O2844	-Ar		suf	B	1pl, we (-ar, -er)	1pl, we (-ar, -er)	*-ar > the living suffix -Ar (harmony: §3.2)	*-ar	*-ar		letters, after the sign (D5)	canon	
O2845	-Ard		suf	B	agent: one who does (-ard, -erd)	agent: one who does (-ard, -erd)	*-ard > the living suffix -Ard (harmony: §3.2)	*-ard	*-ard		letters, after the sign (D5)	canon	
O2846	-Ast		suf	B	ordinal (-ast, -est)	ordinal (-ast, -est)	*-ast > the living suffix -Ast (harmony: §3.2)	*-ast	*-ast		letters, after the sign (D5)	canon	
O2847	-At		suf	B	participle: done, made (-at, -et)	participle: done, made (-at, -et)	*-at > the living suffix -At (harmony: §3.2)	*-at	*-at		letters, after the sign (D5)	canon	
O2848	-Ath		suf	B	plural (-ath broad, -eth slender)	plural (-ath broad, -eth slender)	*-aθi > the living suffix -Ath (harmony: §3.2)	*-aθi	*-aθi		letters, after the sign (D5)	canon	
O2849	-el		suf	S	singulative; 'little, dear'	singulative; 'little, dear'	*-el > the living suffix -el (harmony: §3.2)	*-el	*-el		letters, after the sign (D5)	canon	
O2850	-en		suf	S	'of, belonging to'; an old name-ending	'of, belonging to'; an old name-ending	*-en > the living suffix -en (harmony: §3.2)	*-en	*-en		letters, after the sign (D5)	canon	
O2851	-ith		suf	S	2sg	2sg	*-iθ > the living suffix -ith (harmony: §3.2)	*-iθ	*-iθ		letters, after the sign (D5)	canon	
O2852	-na		suf	B	dual of a pronoun	dual of a pronoun	*-naʔ > the living suffix -na (harmony: §3.2)	*-naʔ	*-naʔ		letters, after the sign (D5)	canon	
O2853	-Ol		suf	B	verbal noun (-ol, -yl)	verbal noun (-ol, -yl)	*-ol-a > the living suffix -Ol (harmony: §3.2)	*-ol-a	*-ol-a		letters, after the sign (D5)	canon	
O2854	-Om		suf	B	1sg (-om, -ym)	1sg (-om, -ym)	*-om > the living suffix -Om (harmony: §3.2)	*-om	*-om		letters, after the sign (D5)	canon	
O2855	-Os		suf	B	2pl, you (-os, -ys)	2pl, you (-os, -ys)	*-us > the living suffix -Os (harmony: §3.2)	*-us	*-us		letters, after the sign (D5)	canon	
O2856	-Oth		suf	B	abstract quality (-oth, -yth)	abstract quality (-oth, -yth)	*-oθ > the living suffix -Oth (harmony: §3.2)	*-oθ	*-oθ		letters, after the sign (D5)	canon	
O2857	-ow		suf	B	place of	place of	*-uʔ > the living suffix -ow (harmony: §3.2)	*-uʔ	*-uʔ		letters, after the sign (D5)	canon	
O2858	hos eth ullen		phr,adv	B	by turns; the one and then the other (two voices, or two inks, taking a telling in turn)		a phrase: hos one + eth and + ullen other ('of that one'); the pair's antiphony (orrowen_v2 §3.9 item 5) in three small words. Made for Seren's headnote to IV.4, 'Told by Halyna, by turns, in two inks' (wf7/pilot_IV4.md)	*hos-, *eθ-, *ull-	phrase		%h , letters: u.l.l.e.n	tier3	by turns
O2859	cadh et tolm hosast		phr,v	B	begin (a work, a tale, a telling): 'lay the first stone'		a phrase: cadh lay + et the + tolm stone + hosast first; the Shoreland metaphor 'to tell a tale is to lay a course' (orrowen_v2 §5, cadh trenn). Used where the reserve mosk 'begin' would sound like the Creed's nath mosk (lexicon_orrowen.md §8 item 2); first in Seren's headnote to IV.4, 'it was he who began the telling' (wf7/pilot_IV4.md)	*kað-, *tolm-, *hos-	phrase	TRENN+still (43) · TOLM (1) · FORE (328)	@cadh @tolm @hosast	tier3	begin
O2860	nahovv		v	B	take off (a cloak, a garment); unwear (na-, the reversative of covv 'wear')		na- 'un-' (+S) + covv 'a cloak; wear' (c > h), the reversative, as nahadh 'unlay' and nawysk 'untie'; pilot I.1	*koff-	na-covv	the turned stone + ULD+cope (242)	!@covv	tier3	take off
O2861	nath re		part	B	did not, had not (the negative past: NEG + PST, the tense particle next to the verb, which it softens)		a phrase: nath NEG(+N) + re PST(+S); nath's bedding falls on re, which cannot change, and re softens the verb (nath re yal, nath re hylym); the tense particle stays next to the verb as in sa re (Voss sa re vess). A grammar proposal: lexicon_orrowen.md §8.3 left the negative past open; pilot I.1	*na-, *re	phrase	the turned stone (NOT)	!	tier3	did not
O2862	hos eth hos		adv	B	one by one ('one and one')		a phrase: hos one + eth and + hos one; pilot I.1	*hos-, *eθ-	phrase		%h , %h	tier3	one by one
O2863	hosen amm		conj	B	as if, as though ('as when')		a phrase: hosen as + amm when (amm is also 'if'); pilot I.1	*hos-, *aŋ-	phrase	TOVV+notch (168)	letters: h.o.s.e.n @amm	tier3	as if
O2864	ul drenn vodh		adv	B	in what order ('in the course of what'): the order of a line of people, as of a course of stones		a phrase: ul in(+N) + drenn N·course (trenn) + vodh what; pilot I.1	*ul-, *trenn-	phrase	TRENN (39)	@trenn	tier3	order
O2865	orl ull		adv	B	that day		a phrase: orl day + ull that (as vess sy 'tonight'); pilot I.1	*orl-, *ull-	phrase	ORL (136)	@orl	tier3	that day
O2866	grem sy		adv	S	this winter		a phrase: grem winter + sy this (as vess sy 'tonight'); pilot I.1	*grem-, *siu	phrase	ORL+pale (140)	@grem	tier3	this winter
O2867	gor orl		adv	B	every day; all through a span of days (gor orl et hollarol sell, all through the long retreat)		a phrase: gor every(+S) + orl day (a vowel, unchanged); pilot I.1	*gor-, *orl-	phrase	ORL (136)	@orl	tier3	every day, all through
O2868	crest hull		n	B	river-ice ('the ice of a river'); the ice going out on a river in spring		a phrase: crest ice + hull S·river (rhull, rh > h: the possessor softened); pilot I.1	*krest-, *xrull-	phrase	WADH+cope (308) · WADH+course (304)	@crest @rhull	tier3	river-ice
O2869	rytvard et vennuldath		n	B	the oath-keeper of the True Men (Kael's office)		a phrase: rytvard oath-keeper + et the + vennuldath True.Man-PL; pilot I.1	*wrut-, *par-	phrase	VENN (264) · ULD (237) + A th	letters: r.y.t.v.a.r.d @venn@uld+A.th	tier3	oath-keeper
O2870	Stannard Sorth		name	B	Stannard of the Ridge, of the True Men (Kael adds 'the quarryman': et stannard)		a phrase: Stannard + Sorth ridge (the epithet construct, the possessor softened: s unchanged, as Rhyna Yanna Ulvenn); pilot I.1	*stann-, *sorθ-	phrase	BRUNN+rim (319)	s.t.a.n.n.a.r.d @sorth	tier3	
O2871	Corlen Dhavow		name	B	Corlen of the Harbour, of the True Men		a phrase: Corlen + Dhavow S·harbour (tavow, t > dh); pilot I.1	*taf-	phrase		k.o.r.l.e.n letters: t.a.v.o.w	tier3	
O2872	Tamm Sull Heskal		name	B	Tamm of the Three Spans, of the True Men		a phrase: Tamm + Sull three (s unchanged) + Heskal span (a numeral before a singular noun); pilot I.1	*sull-, *heiskal-	phrase	GANNA+course (288)	t.a.m.m %s @heskal	tier3	
O2873	Marl Sedhen		name	S	Marl the Fen-born, of the True Men		apposition: Marl + sedhen fen-born ('of the fen'); pilot I.1	*seð-	phrase	WADH+still (305) + e n	m.a.r.l @sedh+e.n	tier3	
O2874	Aske Hrisur Lurr		name	B	Aske of the Canopy, of the True Men		a phrase: Aske + Hrisur S·roof (crisur, c > h, as the canon's Hrenn < Crenn) + Lurr forest: crisur lurr 'the canopy' as possessor; pilot I.1	*krisur-, *lurr-	phrase	MESK+three (187)	a.s.k.e letters: k.r.i.s.u.r @lurr	tier3	
O2875	Garvel Runnowath		name	B	Garvel of the Smithies, of the True Men		a phrase: Garvel + Runnowath S·smithy-PL (drunnowath; dr- softened gives r-, the lexicon's seam rule, lexicon_orrowen.md §4.3); pilot I.1	*drunn-	phrase	GARL+wedge (218) + o w A th	g.a.r.v.e.l @drunn+o.w.A.th	tier3	
O2876	Harl Orrow sa Vorr		name	B	Harl of the Burning Shore ('of the shore that burns'), of the True Men		a phrase: Harl + Orrow shore + sa REL(+S) + Vorr burn (v unchanged), as Sulter sa vorr 'the Burning Boat'; pilot I.1	*orr-, *forr-	phrase	WADH+rim (310) · VORR (153)	h.a.r.l @orrow @vorr	tier3	
O2877	Ulden Salereth		name	S	Ulden of the Galleries, of the True Men		a phrase: Ulden + Salereth galleries (saler-PL; s unchanged); pilot I.1	*saler-	phrase		u.l.d.e.n letters: s.a.l.e.r.A.th	tier3	
O2878	Hesk Lynth		name	S	Hesk of the Mere, of the True Men		a phrase: Hesk + Lynth mere (l unchanged); pilot I.1	*launth-	phrase		h.e.s.k letters: l.y.n.th	tier3	
O2879	Lanner Gynten		name	S	Lanner of the Crags ('crag-born'), of the True Men		apposition: Lanner + gynten of crags (an adjective, which does not mutate; the construct would give Yynteth); pilot I.1	*geunt-	phrase	BRUNN+lone (322) + e n	l.a.n.n.e.r @gynt+e.n	tier3	
O2880	Pellow Vell		name	S	Pellow of the Spire, of the True Men		a phrase: Pellow + Vell S·spire (pell, p > v; the name is itself 'of the spire', and the hearth hears the chime); pilot I.1; NB homophone: Vell also reads as vell 'song' (backtrans I.1 read 'Pellow of Song'); the epithet is the construct, S·pell	*pell-	phrase	TOLM+lone (4)	p.e.l.l.o.w @pell	tier3	
O2881	Lodhan Helv		n	S	the Aetherbonded ('the mortar-folk of the sky'): the full name, of which et Lodhan 'the Bonded' is the guild's short one		a construct: canon Lodhan 'the Bonded' (lodh + -an) + S·helv 'the sky' (h unchanged), the definite possessor, as in canon Lodh Helv 'the Aetherbond' (lodh + helv); the head of a construct takes no article (orrowen_v2 §3.2). Made for the foreword ('They are of the Aetherbonded, whom the guild calls simply the Bonded', where et Lodhan alone would make the sentence say the same thing twice) and I.2 [wf8 units S01, S04]	*loð-, *half-	phrase	LODH (291) + a n · ORL+cope (141)	@lodh+a.n @helv	tier3	Aetherbonded
O2882	Hemm eth Hemma		n,phr	B	the Elder and the Elderess: an elder pair (Halyna, 'the elders of the guild at this Keep'; 'two elders who sat apart')		a phrase: canon Hemm Elder + eth and + canon Hemma Elderess (one rank: orrowen_v2 §5.2). Used where pa hemm 'two elders' would also be heard as S·cemm, 'two meetings' [wf8 unit S01]	*hemm-, *eθ-	phrase	ULD+notch (240) · ULD+notch (240) + a	@hemm , @hemm+a	tier3	elder, elders
O2883	tovv um		v,phr	B	wait on, wait for (one another; the one who is to move first): nath dovv hos um ullen, 'neither waits on the other'; cedh re dhovv um hedh, 'who waited on whom'		a phrase: canon tovv wait + canon um upon (+S; a vowel after it shows nothing). The literal 'wait upon'. dem 'until' (I.1's re dhovv o dem hos, 'waited for one') is avoided before ullen, because dem nasalises a vowel-initial word (dem mullen) [wf8 units S01, S11]	*toff-, *um-	phrase	TOVV (164)	@tovv	tier3	wait on
O2884	ul so lodh		prep,phr	B	between them ('in their mortar'); of two, ul sona lodh 'between them two'		a phrase: tier-3 ul lodh 'between' (O2632, 'in the mortar of') with the possessive so / sona (+S; l unchanged) set before the noun, as every possessive is (orrowen_v2 §3.5). Said of two cries, and of a line two voices share [wf8 units S01, S03]	*ul-, *so-, *loð-	phrase	LODH (291)	@lodh	tier3	between them, between
O2885	garl venn		n,phr	S	the right hand ('the true hand'); right (of the hand, the arm); lo yarl venn, 'at the right hand, on the right'		a phrase: canon garl hand + canon venn true (its senses already include 'right; right-hand', O2715); after lo (+S) garl is yarl. The facing leaves of the foreword ('the wood's on the right') [wf8 units S01, S04]	*garl-, *weinn-	phrase	GARL (213) · VENN (264)	@garl @venn	tier3	right (hand, side), right
O2886	garl ullen		n,phr	S	the left hand ('the other hand'); left (of the hand); lo yarl ullen, 'at the left hand, on the left'		a phrase: canon garl hand + tier-3 ullen other (its senses already include 'left (the other hand)', O2649); after lo (+S) garl is yarl. The facing leaves of the foreword ('ours on the left leaf') [wf8 units S01, S04]	*garl-, *ull-	phrase	GARL (213)	@garl letters: u.l.l.e.n	tier3	left (hand, side), left
O2887	hos ul lern ullen		adv,phr	S	facing each other ('one in the face of the other'): of the two facing leaves		a phrase: hos one + tier-3 ul lern 'in the face of, facing' (O2631) + ullen the other, as the possessor of lern (a vowel shows no softening); built as IV.4's doss o ul lern Yebb et Pard, 'it faces the Warden's Door' [wf8 unit S01]	*hos-, *ul-, *leirn-, *ull-	phrase	VESK+rim (230)	%h @lern letters: u.l.l.e.n	tier3	facing each other
O2888	cedh ew cedh		phr	S	which was which, who was who: nath seskym cedh ew cedh, 'I could not tell you which'		a phrase: canon cedh who + canon ew was (the copula, past) + cedh. No mutation: cedh and ew cause none, and neither stands after a trigger (after one, cedh would soften to hedh, which is also 'dusk') [wf8 unit S01]	*ka-, *el-	phrase		letters: k.e.dh , k.e.dh	tier3	which
O2889	Brodh gor sa heth o		phr	B	Whoever holds it tells: the rule of the tale-stone at the Long Hearth (the foreword and the Invocation)		a phrase: canon brodh tell + gor sa 'whoever' (gor every + the relative sa: lexicon_orrowen.md §5.3) + heth S·keth hold (after sa) + o it; verb first, the relative clause its subject. brodh, not cadh: the hearth tells with the stone in hand, and the tale is laid when the stone is set back (the foreword) [wf8 unit S01]	*bro-, *gor-, *sa, *keθ-	phrase	BROD+course (198) · GARL+cup (214)	@brodh @keth	tier3	whoever holds it tells
O2890	Hemma Rhyna		name	B	Elderess Rhyna		title + name: canon Hemma Elderess + canon Rhyna (a name is a name); I.2 ('She was Elderess Rhyna, Rhyna of the Inner Gate') [wf8 unit S01]	*hemm-, *xreun-	phrase	ULD+notch (240) + a	@hemm+a rh.y.n.a	tier3	Elderess Rhyna
O2891	Hemm Halvard		name	B	Elder Halvard		title + name: canon Hemm Elder + canon Halvard (a name is a name); I.2 ('He was Elder Halvard, Halvard Stone-Warden') [wf8 unit S01]	*hemm-, *par-	phrase	ULD+notch (240)	@hemm h.a.l.v.a.r.d	tier3	Elder Halvard
O2892	Gor wramm caldat, trenn nahadhat		phr	B	Every gun that is hauled is a course of stone not laid ('every hauled gun, a course unlaid'): the siege day's arithmetic (I.2)		a verbless saying, as Orrowen proverbs are (orrowen_v2 §11.7): gor every (+S) + S·bramm gun + caldat hauled (cald + -At); then, after the wedge, trenn course + nahadhat unlaid (na- + S·cadhat, O1513). No trigger stands before caldat, so the reserve cald keeps clear of hald 'wall' and gald 'build' (lexicon_orrowen.md §8 item 2) [wf8 unit S01]	*gor-, *bramm-, *kald-, *trenn-, *kað-	phrase	CRESK+star (79) · PAR+turn (102) + A t · TRENN (39) · the turned stone + TRENN+still (43) + A t	@bramm @cald+A.t , @trenn !@cadh+A.t	tier3	(saying)
O2893	Cadhan o hosen re yal cadhat lona		phr	B	This we (two) lay as it was laid for us (two): the hearth's closing formula in the dual, Halyna's close to every telling of theirs (the dual of O0234; O0238 is the singular)		a phrase: Cadhan lay-1DU + o it(+S) + hosen as + re PST(+S) + yal S·be.PST + cadhat laid + lona at-1DU; the dual of O0234 (Cadhar ... lor), because the Bonded speak of themselves as 'we two' and where the Book gives Halyna a plural verb the Orrowen original is dual (orrowen_v2 §3.9 item 1; the Stonwryt's own re hadhan o, §11.6) [wf8 units S02, S03, S04, S05, S06, S07, S10]	*kað-, *o-, *hos-, *re, *gal-, *lo-, *-ana	phrase	TRENN+still (43) · TRENN+still (43) + A t	@cadh letters: h.o.s.e.n @cadh+A.t	tier3	This we lay as it was laid for us, This we lay as it was laid for us (Halyna), lay, laid
O2894	Lodhan et Kethow		name	B	the Bonded of the Keep: Halyna's title		a phrase: Lodhan the Bonded (lodh + -an, canon, 'those of the mortar') + et the + Kethow keep; a construct, its head without the article (orrowen_v2 §3.2), the possessor definite [wf8 unit S02]	*loð-, *et-, *keθ-	phrase	LODH (291) + a n	@lodh+a.n letters: k.e.th.o.w	tier3	Bonded of the Keep
O2895	Hale Haskard		name	B	Hale the runner		a phrase: Hale (canon name; names are names) + haskard 'a runner' (canon: hask + -Ard); apposition, as Kael Nydherd (orrowen_v2 §3.10) [wf8 unit S02]	*hask-	phrase	TRENN+wedge (42) + A r d	h.a.l.e @hask+A.r.d	tier3	Hale the runner
O2896	Ketherd Hethow Dhresk		name	S	Commander of Rivenkeep: the name the Rite gave the Captain		a phrase: Ketherd the Commander (canon: keth + -Ard, 'the holder') + Hethow Dhresk, Kethow Dhresk softened as the possessor of a construct (k > h; orrowen_v2 §3.2, as lest Vardh); NB Hethow also reads as heth 'spring' + -ow (lexicon §8.2 finding 2); Dhresk after it settles the reading [wf8 unit S02]	*keθ-, *trosk-	phrase	GARL+cup (214) + A r d · CRESK+gap (74)	@keth+A.r.d letters: k.e.th.o.w @tresk	tier3	Commander of Rivenkeep
O2897	Lo et Crenn, clem sell hosen orl		phr	B	For the Captain, an hour lasts as long as a day: the wall's saying (I.3); 'at the Captain, an hour long as a day'		a phrase: lo at(+S) + et the + Crenn captain + clem hour + sell long + hosen as + orl day; verbless, as Orrowen proverbs are (orrowen_v2 §11.7) [wf8 unit S02]	*lo-, *et-, *krenn-, *klem-, *sell-, *hos-, *orl-	phrase	PAR+cope (93) · ORL+notch (138) · VENN+course (268) · ORL (136)	@crenn , @clem @sell letters: h.o.s.e.n @orl	tier3	an hour lasts as long as a day
O2898	bystir um wystir		adv	S	stair after stair ('stair upon stair')		a phrase: bystir a stair (reserve) + um upon(+S) + wystir S·bystir (b > w), as tolm um dholm [wf8 unit S02]	*beustir-, *um-	phrase	HALD+turn (35) · HALD+turn (35)	@bystir @bystir	tier3	stair after stair
O2899	hoss kethet		n	S	a held breath		a phrase: hoss breath (canon) + kethet held (keth + -At); the breath of the title Hoss Sell et Crenn, let out [wf8 unit S02]	*hoss-, *keθ-	phrase	MOLT+zig (106) · GARL+cup (214) + A t	@hoss @keth+A.t	tier3	a held breath
O2900	vess ull		adv	B	that night		a phrase: vess night + ull that, as orl ull 'that day' (O2865) and vess sy [wf8 unit S02]	*feʔ-, *ull-	phrase	ORL+fade (137)	@vess	tier3	that night
O2901	Crenn Hovv Treskat		name	B	the Captain of the Torn Cloak (his name at the hearth; the Captain is never named)		a phrase: canon crenn 'a captain' + canon Covv Treskat 'the Torn Cloak', softened as the possessor of a construct (orrowen_v2 §3.2; c > h, as the canon's S Hrenn, pilot I.1 G7) [wf8 unit S03]	*krenn-, *koff-, *trosk-	phrase	PAR+cope (93) · ULD+cope (242) · CRESK+gap (74) + a t	@crenn @covv @tresk+a.t	tier3	Captain of the Torn Cloak
O2902	tunn ullen		phr,v	S	the other finishes (it): of a pair speaking one line between them, one beginning it and the other ending it. In full: re vysk hos, eth re dhunn ullen, 'one of them said, and the other finished'		a phrase: canon tunn 'finish, complete' + ullen 'the other' (ull + -en); the pair's antiphony (orrowen_v2 §3.9 item 5) told from outside, as hos eth ullen 'by turns' (O2858) [wf8 unit S03]	*tann-, *ull-	phrase	VENN+cope (265)	@tunn letters: u.l.l.e.n	tier3	finish
O2903	tesk eth tesk		adv	S	generation by generation; generation after generation		a phrase: canon tesk 'a generation' + eth 'and' + tesk, as hos eth hos 'one by one' (O2862) [wf8 unit S03]	*tesk-, *eθ-	phrase	TRENN+drop (45)	@tesk , @tesk	tier3	generation by generation
O2904	grem eth grem		adv	S	winter after winter; every winter		a phrase: grem 'winter' + eth 'and' + grem, as hos eth hos (O2862); said where gor grem 'every winter' would soften to gor rem (a softened g drops before a consonant, orrowen_v2 §2.5) [wf8 unit S03]	*grem-, *eθ-	phrase	ORL+pale (140)	@grem , @grem	tier3	every winter
O2905	hos ul vimm ullen		adv	S	one beneath another (names cut down a lintel, stones down a wall)		a phrase: hos 'one' + ul vimm 'under, beneath' (in the low of) + ullen 'another', its possessor (a vowel, unchanged) [wf8 unit S03]	*hos-, *ul-, *fiʔm-, *ull-	phrase	BRUNN+still (326)	%h @vimm letters: u.l.l.e.n	tier3	one beneath another
O2906	hos um ullen		adv	S	at one another; one upon the other (the reciprocal after a verb of seeing: Re vesker hos um ullen, 'we looked at one another')		a phrase: hos 'one' + um 'upon' (+S; ullen, a vowel, unchanged) + ullen 'the other', as hos eth ullen (O2858) [wf8 unit S03]	*hos-, *um-, *ull-	phrase		%h letters: u.l.l.e.n	tier3	one another
O2907	ganna lodhat		n	B	a bonded pair ('a bonded gate': a pair is a gate)		a phrase: canon ganna 'a gate; a pair (a pair is a gate)' + canon lodhat 'bonded' (lodh + -At) [wf8 unit S03]	*gann-, *loð-	phrase	GANNA (284) · LODH (291) + A t	@ganna @lodh+A.t	tier3	bonded pair
O2908	cadhat ul hos tevow		adj	B	laid in one cradle (of a bonded pair, laid together as infants)		a phrase: cadhat 'laid' (cadh + -At) + ul 'in' (+N; h unchanged) + hos 'one' + canon tevow 'a cradle' [wf8 unit S03]	*kað-, *ul-, *hos-, *taw-	phrase	TRENN+still (43) + A t · ULD+bough (239) + o w	@cadh+A.t %h @tev+o.w	tier3	one cradle
O2909	serull Stonwryt		n	S	the Stonwryt coin ('the coin of the Stonwryt')		a phrase: serull 'a coin, a struck piece' (reserve) + canon Stonwryt, the possessor (s unchanged) [wf8 unit S03]	*serull-, *ston-, *wrut-	phrase	TOLM+notch (17) · TOLM+still (11) · TOLM+cut (8)	@serull @ston@ryt	tier3	Stonwryt coin
O2910	cumm hemm sost		n	B	the Eldest Haven: Eldhythe's by-name (Eldhythe itself is Tavow Hemm, 'the old landing')		a phrase: canon cumm 'a haven' + canon hemm 'old' + canon sost 'self, very', for the most (lexicon_orrowen.md §5.3, as mesk hemm sost 'the eldest wood', O1378) [wf8 unit S03]	*kumm-, *hemm-, *swe-	phrase	HALD+still (25) · ULD+notch (240)	@cumm @hemm	tier3	Eldest Haven
O2911	mest hy		adv	S	more than ('much from'): trenn mest hy dhumol, 'more myth than memory'		a phrase: mest 'much, many' (reserve) + hy 'from; than' (+S), the comparison of lexicon_orrowen.md §5.3 (strom hy X 'greater than X') and orrowen_v2 §3.6 [wf8 unit S03]	*mest-, *xui	phrase	VENN+three (276)	@mest	tier3	more than
O2912	tragul et prass		n	B	a master's promise ('the promise of the master'): what the Stonwryt is		a phrase: tragul 'a promise' (reserve) + et + prass 'a master of the craft', the construct with a definite possessor (the head takes no article, §3.2) [wf8 unit S03]	*tragul-, *et-, *prass-	phrase	TRENN+bough (56) · GARL+cope (221)	@tragul @prass	tier3	promise
O2913	tess tessyl		v	S	owe an answer ('stand surety for an answer'): Tessym tessyl lo et odh sy, 'I owe this hearth an answer'		a phrase: canon tess 'answer; stand surety for; owe' + tessyl 'an answer' (tess + -Ol); Voss plays on the one word [wf8 unit S03]	*tess-	phrase	BROD+turn (201) · BROD+turn (201) + O l	@tess @tess+O.l	tier3	owe
O2914	keth pawast		v	B	take back, win back ('hold again'): Es gether pawast gor dholm, 'we will take back every stone'		a phrase: canon keth 'hold, keep' + canon pawast 'again, a second time' (pa + -Ast); said where grik 'take' would bed to nrik after es or nath (no repair rule for N·gr-, lexicon_orrowen.md §8 item 3) [wf8 unit S03]	*keθ-, *pa-	phrase	GARL+cup (214)	@keth letters: p.a.w.A.s.t	tier3	take back
O2915	dem dolm eth crest		phr	S	for ice and stone (Voss's question: literally 'for stone and ice'; dem crest would bed to dem grest, 'for harm', so the stone is said first)		a phrase: dem 'for, for the sake of' (+N) + dolm N·tolm 'stone' + eth 'and' + crest 'ice' [wf8 unit S03]	*dem-, *tol-, *eθ-, *krest-	phrase	TOLM (1) · WADH+cope (308)	@tolm , @crest	tier3	ice and stone
O2916	voll dem mymmyl		n	S	a name to return to ('a name for the homecoming')		a phrase: canon voll 'a name' + dem 'for' (+N; m unchanged) + mymmyl 'a homecoming, returning' (mymm + -Ol) [wf8 unit S03]	*woll-, *dem-, *muʔmm-	phrase	BROD+lone (202) · TRENN+cup (51) + O l	@voll @mymm+O.l	tier3	a name to return to
O2917	tolm terril		n	S	grey stone; the ridge's own granite ('ash-grey stone'), never tolm myst, which is Myststone		a phrase: canon tolm 'a stone' + terril 'grey (as ash)' (reserve) [wf8 unit S03]	*tol-, *tairril-	phrase	TOLM (1)	@tolm letters: t.e.r.r.i.l	tier3	grey stone
O2918	um hos lodh gunn		adv	B	on one footing, on the same footing ('upon one deep mortar')		a phrase: um 'upon' (+S; h unchanged) + hos 'one' + canon lodh gunn 'the footing (the deep mortar)' [wf8 unit S03]	*um-, *hos-, *loð-, *gunn-	phrase	LODH (291) · LODH+fade (294)	%h @lodh @gunn	tier3	same footing
O2919	hy so dhrenn		adv	S	of their line, of their lineage ('from their course': a line of names cut one beneath another is a course)		a phrase: hy 'from' (+S) + so 'their' (+S) + dhrenn S·trenn 'a course; a line' [wf8 unit S03]	*xui, *so-, *trenn-	phrase	TRENN (39)	@trenn	tier3	line
O2920	hy sona dhrenn		adv	S	of their line (of a pair's line): 'from their two's course'		a phrase: hy 'from' (+S) + sona 'their two' (+S) + dhrenn S·trenn 'a course; a line', as S03-20 [wf8 unit S03]	*xui, *so-, *trenn-	phrase	TRENN (39)	@trenn	tier3	line
O2921	orrol dem vimm dem et cummath		n	B	the going-down to the havens (the eve of the campaign for the havens, I.5)		a phrase: orrol dem vimm 'the going-down' (O1879) + dem 'to' (+N) + et + cummath 'the havens' (cumm + -Ath) [wf8 unit S03]	*orr-, *dem-, *fiʔm-, *et-, *kumm-	phrase	TRENN+course (40) + O l · BRUNN+still (326) · HALD+still (25) + A th	@orr+O.l @vimm @cumm+A.th	tier3	going-down
O2922	orlath desir		n	S	the later days, the after-days ('the late days')		a phrase: orlath 'days' (orl + -Ath) + desir 'late, after the time' (reserve) [wf8 unit S03]	*orl-, *dasir-	phrase	ORL (136) + A th	@orl+A.th letters: d.e.s.i.r	tier3	later days
O2923	seryl		n	S	carrying forward, going on; the carrying on (of a work, of a book)		ser 'go on, carry forward' + -Ol (verbal noun, slender -yl), as kethyl; the folk etymology of Seren's name heard in it (orrowen_v2 §4.6) [wf8 unit S04]	*ser-	ser+Ol		letters: s.e.r.O.l	tier3	carry
O2924	Brenn Reldvar		name	B	Brenn of the Outpost: the man who picked up the stone (IV.3)		the epithet construct: Brenn + S·deldvar 'an outpost' (d > r), as Corlen Dhavow (S·tavow); names are names, the epithet is a place [wf8 unit S04]	*bro-, *deʔld-, *par-	phrase	VESK+fade (235) · PAR (92)	b.r.e.n.n @deld@par	tier3	
O2925	arra sa re lumm		phr,name	B	the Kneeling Guest ('the guest who knelt'): the Rivenmen's name for Aelrhen, the Guest of IV.4; Seren writes it with the article, et arra sa re lumm, and as a possessor it keeps it (ternil et arra sa re lumm)		a phrase: et the + arra 'a guest' + sa REL(+S) + re PST(+S) + lumm 'kneel' (l unchanged), as Voss sa re vess; as a possessor it keeps its article (ternil et arra sa re lumm, the Kneeling Guest's rite), as hosk et ganna [wf8 units S04, W01]	*arr-aʔ, *sa, *re, *lumm-	phrase	ODH+door (60) · LUMM (250)	@arra @lumm	tier3	Kneeling Guest
O2926	trenn eth trenn		adv	S	a paragraph each; paragraph by paragraph ('course and course')		a phrase: trenn 'a course; a line; a paragraph' + eth + trenn, as hos eth hos 'one by one' (pilot I.1); after hos eth ullen 'by turns' (pilot IV.4) it gives the headnotes' 'by turns, a paragraph each' [wf8 unit S04]	*trenn-, *eθ-	phrase	TRENN (39)	@trenn , @trenn	tier3	paragraph
O2927	pa eth pa		adv	B	two by two; in pairs ('two and two')		a phrase: pa 'two' + eth + pa, as hos eth hos 'one by one'; pa stands without its noun, so nothing softens [wf8 units S04, S08]	*pa-, *eθ-	phrase		%p , %p	tier3	pair
O2928	tev dem susk		v	B	grow up, come of age ('grow to the height')		a phrase: tev 'grow, sprout' + dem until(+N) + susk 'the height' (s unchanged), as dem susk 'up' [wf8 unit S04]	*taw-, *dem-, *suʔsk-	phrase	ULD+bough (239) · BRUNN+cope (325)	@tev @susk	tier3	come of age
O2929	hy volt		adv	B	by heart ('from the heart')		a phrase: hy from(+S) + S·molt 'a heart' (m > v) [wf8 unit S04]	*xui, *molt-	phrase	MOLT (105)	@molt	tier3	by heart
O2930	fedh lyss		n	S	a short while ('a small time'); for a season (fedh alone is 'a time, a season')		a phrase: fedh 'a time, a season' + lyss 'small'; said where hos fedh, 'one time', would be heard as 'once' [wf8 unit S04]	*xwadh-, *luss-	phrase	ORL+course (147) · VENN+lone (270)	@fedh @lyss	tier3	season
O2931	ho nath		part	B	does not …? did not …? (the negative question: Q + NEG)		a phrase: ho Q(+S) + nath NEG(+N); ho's softening falls on nath, which does not change, and nath beds the verb (ho nath senn); built as nath re (pilot I.1, G1), the particle that governs the verb standing next to it. A grammar proposal: the spec gives the question and the negative apart [wf8 unit S04]	*ho-, *na-	phrase	the turned stone (NOT)	!	tier3	
O2932	drunn hurrol		n	B	the killing blow ('the stroke of killing')		the construct: drunn 'a mallet; strike, a blow' + S·hurrol 'killing' (h unchanged); after dem the bedding leaves dr- as it is (§2.5: a nasalised d before r stays d) [wf8 unit S04]	*drunn-, *hurr-	phrase	GARL+wedge (218) · CRESK+fade (77) + O l	@drunn @hurr+O.l	tier3	blow
O2933	Uld sa lumm lo tho yebb, ul vimm tho hrisur		phr	B	one who kneels at your door is under your roof: the guest-law (arraharal), 'no older law among any people' (IV.3)		a verbless saying, as the proverbs are (Grest um hos, grest um vana): uld 'a man' + sa REL(+S) + lumm 'kneel' + lo at(+S) + tho your(+S) + S·gebb 'a door' (g > y) + ul vimm 'under' + tho + S·crisur 'a roof' (c > h); the singular tho, as the law is said to each host [wf8 unit S04]	*uld-, *sa, *lumm-, *lo-, *θo-, *gebb-, *fiʔm-, *krisur-	phrase	ULD (237) · LUMM (250) · HALD+gap (23) · BRUNN+still (326)	@uld @lumm @gebb , @vimm letters: k.r.i.s.u.r	tier3	
O2934	Besk nasesket. Dask bynden. Hesset. Sceth vorrat eth luskat.		phr	B	the warden's report (IV.3): 'Unknown intruder. Hostile intent. Neutralized. Vessel burned and released.'		four verbless namings, as a clerk's register sets them down: besk 'a stranger, an intruder' + nasesket 'unknown'; dask 'an end, an intent' + bynden 'hostile'; hesset 'stopped' (the participle of hess, the Guest's own first word); sceth 'a hull, a vessel' + vorrat 'burned' + eth + luskat 'released' [wf8 unit S04]	*bask-, *sesk-, *dask-, *beund-, *hess-, *skeθ-, *forr-, *lusk-	phrase	ULD+rim (244) · TUM+cope (121) · TRENN+cope (44) · CRESK+turn (87) · TOVV+cope (165) · SCETH (173) · VORR (153) · GARL+gap (216)	@besk !@sesk+e.t | @dask @bynd+e.n | @hess+A.t | @sceth @vorr+A.t , @lusk+A.t |	tier3	
O2935	Amm senn et garl ullen, ho nath senn et garl venn?		phr	S	'When the left hand dies, does not the right one die too?' (Jack's line, II.3)		a phrase: amm when + senn 'die' + et + garl ullen 'the left hand'; ho nath Q.NEG + senn + et + garl venn 'the right hand' (the true hand); the English 'too' is carried by the question itself [wf8 unit S04]	*aŋ-, *senn-, *garl-, *ull-, *ho-, *na-, *weinn-	phrase	TOVV+notch (168) · VORR+fade (154) · GARL (213) · VORR+fade (154) · GARL (213) · VENN (264)	(not cut: a stone does not ask)	tier3	
O2936	Re lodh tevyl sona; nath re yal sona dhreskol lo sennyl		phr	S	'Birth united them; death could not separate them.' (II.3, the close Halyna say together)		a phrase: re PST(+S) + lodh 'bond, join' + tevyl 'birth' + sona them.two; nath re NEG.PST + yal S·be.PST + sona their.two(+S) + S·treskol 'separating' (t > dh) + lo at(+S) + sennyl 'death': 'their separating was not at death', the past of Nath noss VN lo Y 'Y cannot V' (§3.7) [wf8 unit S04]	*loð-, *taw-, *trosk-, *senn-	phrase	LODH (291) · ULD+bough (239) + O l · CRESK+gap (74) + o l · VORR+fade (154) + O l	@lodh @tev+O.l | !@tresk+o.l @senn+O.l |	tier3	
O2937	Treskol, nath re lusk Mardh o		phr	B	'Separation, God did not permit.' (II.3)		a phrase: treskol 'separation' fronted and taken up again by o (pilot I.1, G6) + nath re NEG.PST + lusk 'let, permit' + Mardh 'God' + o it [wf8 unit S04]	*trosk-, *na-, *lusk-, *marð-	phrase	CRESK+gap (74) + o l · GARL+gap (216) · LUMM+cope (251)	@tresk+o.l , !@lusk @mardh |	tier3	
O2938	doss surr lo		v,phr	B	(Y) is N years old: 'N years are at Y' (Re yal rostnoth surr lom, 'I was nineteen')		a phrase: doss be + (a numeral) + surr 'a year' + lo at(+S): the at-idiom of having (§3.7) with a count of years [wf8 unit S04]	*doss-, *surr-, *lo-	phrase	ORL+turn (139)	@surr	tier3	age
O2939	So Yaldol		name	B	Of Their Raising (III.1, Part One: 'their raising')		a phrase: so their(+S) + Yaldol S·galdol 'building; raising a work' (gald 'build, raise a work' + -Ol; g > y before a vowel, §3.3). A title leaves out the English 'Of', as the lexicon's own titles do (O1118 Kethow sa re yal nadhumat, 'Of the Keep That Was Forgotten'); the softening is the canon's re yald [wf8 unit S05]	*so-, *gal-	phrase	HALD+course (24) + O l	@gald+O.l	tier3	raising
O2940	So Ommol		name	B	Of Their Fall (III.1, Part Two: 'their falling')		a phrase: so their(+S) + Ommol falling (omm 'fall; collapse' + -Ol; a vowel is unchanged by the softening, §3.3), built as S05-01 [wf8 unit S05]	*so-, *omm-	phrase	KYL+rim (280) + O l	@omm+O.l	tier3	fall
O2941	Saed Hosast		name	B	Part One (of a telling laid in two: 'the first half')		a phrase: Saed 'half; a part' (*seʔd-, reserve) + Hosast 'first' (hos + -Ast), the ordinal after its noun as in et vess hosast; a tale laid in two parts is laid in two halves [wf8 unit S05]	*seʔd-, *hos-	phrase	VENN+gap (275) · FORE (328)	@saed @hosast	tier3	part
O2942	Saed Pawast		name	B	Part Two (of a telling laid in two: 'the second half')		a phrase: Saed 'half; a part' + Pawast 'second' (pa + -Ast, the glide w after a vowel), as S05-03 [wf8 unit S05]	*seʔd-, *pa-	phrase	VENN+gap (275)	@saed letters: p.a.w.A.s.t	tier3	part
O2943	Lymmerd Yendeth		name	S	the Bearer of Branches: the shore's name for Leavaren, a Throne (the soldiers' Hydra)		a phrase: Lymmerd 'a bearer' (O1314: lymm 'bring' + -Ard) + Yendeth S·gendeth 'shoots from a stump, branches' (gend (*geʔnd-, reserve) + -Ath; g > y before a vowel), the construct (§3.2), built as Molt Hyll renders Thaesaen (O1418) [wf8 units S05, S10, S11]	*luʔmm-, *geʔnd-, *-aθi	phrase	PAR+course (98) + A r d · MESK+bough (191) + A th	@lymm+A.r.d @gend+A.th	tier3	bearer of branches, bearer, branch
O2944	Meskdhrenn sa Lilv		name	S	the Grain That Rots: the shore's name for Vaelress, a Throne (the soldiers' Plague Herald)		a phrase: Meskdhrenn 'the grain of wood' (O1383: mesk + S trenn) + sa REL(+S) + lilv 'go soft, rot' (*liʔlf-, reserve; l unchanged), a relative epithet as Sulter sa vorr 'the boat that burns' (O2425) [wf8 units S05, S10, S11]	*mosk-, *trenn-, *sa, *liʔlf-	phrase	MESK (186) · TRENN (39)	@mesk@trenn letters: l.i.l.v	tier3	grain that rots, grain, rot
O2945	Grem Sell		name	S	the Long Winter: the shore's name for Eirlenth, a Throne (the soldiers' Frost Wyrm)		a phrase: Grem 'winter' (*grem-) + Sell 'long' (*sell-), the quality after its noun and unmutated (§3.3) [wf8 units S05, S10, S11]	*grem-, *sell-	phrase	ORL+pale (140) · VENN+course (268)	@grem @sell	tier3	long winter, winter, long
O2946	Lorr Helv		name	S	the Blood of the Sky: the shore's name for Naelthar, a Throne (the soldiers' Storm King); the hearth hears it chime with Lodh Helv, the Aetherbond		a phrase: Lorr 'blood' (*lorr-) + Helv 'the sky' (*half-; h unchanged as the softened possessor), the construct (§3.2); it chimes with Lodh Helv, the Aetherbond [wf8 units S05, S10, S11]	*lorr-, *half-	phrase	LORR (130) · ORL+cope (141)	@lorr @helv	tier3	blood of the sky, blood, sky
O2947	ryssyth yarl		n	B	a hand's breadth ('the breadth of a hand')		a phrase: ryssyth 'breadth' (O2150: ryss (*ruʔss-, reserve) + -Oth) + yarl S·garl 'a hand' (*garl-; g > y before a vowel), the construct (§3.2), as pa yarl [wf8 unit S05]	*ruʔss-, *garl-	phrase	GARL (213)	letters: r.y.s.s.O.th @garl	tier3	breadth
O2948	Nath gemment et trenneth; re hethym pana		phr	B	The tales do not agree; I have kept both (Seren's line: the foreword's 'Where the tales do not agree, I have kept both', added in her hand under III.1)		a phrase: Nath NEG(+N) + gemment N·cemm-3PL 'meet, agree' (as O1680 nath gemm; a plural subject takes the plural ending) + et the + trenneth tale-PL (trenn + -Ath) + re PST(+S) + hethym S·keth-1SG 'hold, keep' + pana 'both' (*pa-) [wf8 unit S05]	*na-, *kamm-, *et-, *trenn-, *re, *keθ-, *pa-	phrase	TRENN+door (49) · TRENN (39) + A th · GARL+cup (214) + O m	!@cemm @trenn+A.th | @keth+O.m letters: p.a.n.a	tier3	agree, keep
O2949	orrow sa vorr		n	B	the burning shore (Emberhythe's: 'the shore that burns')		a phrase: orrow 'the Shore; a coast' (*orr-) + sa REL(+S) + vorr 'burn' (*forr-; v unchanged), as in Harl Orrow sa Vorr (O2876) and Sulter sa vorr [wf8 unit S05]	*orr-, *sa, *forr-	phrase	WADH+rim (310) · VORR (153)	@orrow @vorr	tier3	burning shore
O2950	wemmeth domm		n	B	the dark sails (the first sails out of the grey)		a phrase: wemmeth sail-PL (wemm (*gwemm-) + -Ath) + domm 'black, dark' (*domm-), the quality after its noun, beside the lexicon's wemmeth myst 'the grey sails' [wf8 unit S05]	*gwemm-, *domm-	phrase	SCETH+zig (174) + A th · TOLM+fade (13)	@wemm+A.th @domm	tier3	dark sail
O2951	scethan stonat		n	B	a standing navy, a standing fleet		a phrase: scethan 'a fleet; a navy' (canon: sceth + -an) + stonat 'standing' (O2388: ston + -At) [wf8 unit S05]	*skeθ-, *ston-	phrase	SCETH (173) + a n · TOLM+still (11) + A t	@sceth+a.n @ston+A.t	tier3	standing navy
O2952	scethan yorrol		n	B	a war fleet ('a fleet of war')		a phrase: scethan 'a fleet' + yorrol S·gorrol 'war, fighting' (gorr 'fight' (*gorr-) + -Ol; g > y before a vowel), the construct (§3.2) [wf8 unit S05]	*skeθ-, *gorr-	phrase	SCETH (173) + a n · CRESK+wedge (76) + O l	@sceth+a.n @gorr+O.l	tier3	war fleet
O2953	ammadol pemessen		n	S	a defensive doctrine, a teaching of defence		a phrase: ammadol 'a doctrine, a teaching' (O0021: ammad + -Ol) + pemessen 'defensive' (O1940: pemess (*pemess-, reserve) + -en) [wf8 unit S05]	*amm-, *pemess-	phrase	BROD+three (203) + O l · PAR+wedge (95) + e n	@ammad+O.l @pemess+e.n	tier3	defensive doctrine
O2954	ul hos fedh		adv	S	at one time, together; all at once (of many things happening together; beside ul hos hoss, 'in one breath', which is quickness)		a phrase: ul in(+N) + hos one (h unchanged) + fedh 'a time' (*xwadh-, reserve), beside O-row hos fedh 'once' [wf8 unit S05]	*ul-, *hos-, *xwadh-	phrase	ORL+course (147)	%h @fedh	tier3	at once
O2955	lo dhrenn et grem		adv	S	all winter, through the winter ('by the course of the winter')		a phrase: lo dhrenn 'along, through; by the course of' (O1217) + et the + grem 'winter' (*grem-) [wf8 unit S05]	*lo-, *trenn-, *et-, *grem-	phrase	TRENN (39) · ORL+pale (140)	@trenn @grem	tier3	all winter
O2956	farrol orl		n	B	a day's sail ('a sailing of a day')		a phrase: farrol 'a sailing, a voyage' (O0570: farr + -Ol) + orl 'a day' (*orl-; a vowel is unchanged as the softened possessor), the construct (§3.2) [wf8 unit S05]	*xwaʔr-, *orl-	phrase	SCETH+wedge (180) + O l · ORL (136)	@farr+O.l @orl	tier3	day's sail
O2957	vesk dem neld		v	S	look away ('look to the far')		a phrase: vesk 'see, look' (*wesk-) + dem neld 'away' (O0393); nath veska dem neld 'do not look away' (the negative imperative, as I.1's Nath hyrrila) [wf8 unit S05]	*wesk-, *dem-, *deʔld-	phrase	VESK (229) · VESK+fade (235)	@vesk @deld	tier3	look away
O2958	fedh eth fedh		adv	S	season by season; time after time ('a time and a time')		a phrase: fedh time, season + eth and + fedh, as hos eth hos 'one by one' (O2862) [wf8 unit S06]	*xwadh-, *eθ-	phrase	ORL+course (147)	@fedh , @fedh	tier3	season by season
O2959	havul eth havul		adv	B	cargo by cargo ('a cargo and a cargo')		a phrase: havul a pack, a cargo + eth and + havul, as hos eth hos (O2862) [wf8 unit S06]	*xaful-, *eθ-	phrase	PAR+cup (100)	@havul , @havul	tier3	cargo by cargo
O2960	molt syst		n	S	high summer ('the heart of summer'); the height of a people's fortune (IV.1: molt syst, amm re yal lyrness um et Orrowan)		a phrase: molt heart + syst summer (s unchanged as the softened possessor: the construct), as ul molt 'in the heart of, amid' [wf8 unit S06]	*molt-, *seust-	phrase	MOLT (105)	@molt letters: s.y.s.t	tier3	high summer
O2961	flenn et tolm		n	B	the stone leaf: a leaf of the Book that holds a Rivenman's telling ('the leaf of the stone'); El flenn et tolm um et X, 'it is the stone leaf of X'		a phrase: flenn leaf + et the + tolm stone (a definite possessor: the article, and no mutation); the pair of flenn et mesk [wf8 units S06, S08]	*xwle-, *et-, *tol-	phrase	TRENN+three (48) · TOLM (1)	@flenn @tolm	tier3	stone leaf
O2962	flenn et mesk		n	S	the wood's leaf: the facing leaf that holds the Mystwood's knowing ('the leaf of the wood'); doss flenn et mesk ul o lern, 'the wood's leaf faces it'		a phrase: flenn leaf + et the + mesk wood (a definite possessor: no mutation); the pair of flenn et tolm [wf8 units S06, S08]	*xwle-, *et-, *mosk-	phrase	TRENN+three (48) · MESK (186)	@flenn @mesk	tier3	wood's leaf, wood leaf
O2963	ul neld veskyl		adv	S	beyond sight, too far off to see ('beyond seeing')		a phrase: ul neld 'beyond' (O2635: ul in(+N) + N·deld far) + veskyl seeing (vesk + -Ol; v unchanged as the possessor) [wf8 unit S06]	*ul-, *deʔld-, *wesk-	phrase	VESK+fade (235) · VESK (229) + O l	@deld @vesk+O.l	tier3	too far off to see
O2964	scaevurel rytow		n	B	an archive roll ('a roll of the archive'); pl. scaevureleth rytow, the archive rolls (of the guild: scaevureleth rytow et Stonwrytan)		a phrase: scaevurel a roll (scaevur 'a wheel' + -el) + rytow archive (r unchanged as the softened possessor) [wf8 unit S06]	*skeiwur-, *wrut-	phrase	TOLM+cut (8) + o w	letters: s.k.a.e.v.u.r.e.l @ryt+o.w	tier3	archive rolls
O2965	gedheth ol nedheth		n	S	our fathers' fathers, our forefathers ('the fathers of our fathers')		a phrase: gedheth fathers (gedh + -Ath) + ol our(+N) + nedheth N·gedheth (g > n); the possessor is definite by its possessive, so the head takes no article; unit S06 (IV.1; the ship-masters' ul morlath ol nedheth, 'in the days of our fathers', uses the same N·gedheth) [wf8 unit S06]	*gað-, *ol	phrase	ULD+course (238) + A th	@gedh+A.th @gedh+A.th	tier3	fathers' fathers
O2966	Ul vodh naross poduloth, hessyth ol lestir		phr	S	Where wisdom is absent, let restraint be our guide: the Stonewrights' warning against the felling of the pillars (IV.1), verbless, in the shape of the guild's sayings		a phrase: ul vodh where + naross absent (na- + S·doss) + poduloth wisdom (podul + -Oth) + hessyth restraint (hess 'stop', the Guest's first word, + -Oth) + ol our(+N) + lestir guide (l unchanged); verbless, as Grest um hos, grest um vana [wf8 unit S06]	*ul-, *doss-, *podul-, *hess-, *ol, *lestir-	phrase	TOVV+cope (165) + O th · TRENN+star (52)	letters: n.a.r.o.s.s letters: p.o.d.u.l.O.th , @hess+O.th @lestir	tier3	Where wisdom is absent, let restraint be our guide
O2967	Nath noss brodlymmyl lo dholm		phr	B	Stone does not translate ('translating is not at stone': stone cannot carry words across); IV.1, after Veth lymm tolm nayalat, 'But stone carries nothing'		a phrase: nath NEG(+N) + noss N·doss + brodlymmyl translating (brodlymm 'word-carry' + -Ol) + lo at(+S) + dholm S·tolm; the 'at' idiom of ability (orrowen_v2 §3.7), as Seren's Nath noss tul kethyl … lo Halyna. Said this way because nath + brodlymm would bed to mrodlymm, an onset §2.5 does not allow [wf8 unit S06]	*doss-, *bro-, *luʔmm-, *lo-, *tol-	phrase	BROD (197) · PAR+course (98) + O l · TOLM (1)	!@brod@lymm+O.l @tolm	tier3	Stone does not translate
O2968	Kesterd Voss		name	B	Corporal Voss (the title before the name, as Crennel Kael 'Sergeant Kael'); Voss who asked		a phrase: kesterd a corporal (kest 'a company' + -Ard) + Voss (a name; names are names) [wf8 unit S06]	*kest-	phrase	CRESK+three (82) + A r d	@kest+A.r.d v.o.s.s	tier3	Corporal Voss
O2969	lo nunthath		adv	B	in one's cups, over the ale ('at the cups'); lo so nunthath, in their cups		a phrase: lo at(+S) + nunthath cups (nunth + -Ath; n unchanged) [wf8 unit S06]	*lo-, *nuʔnth-	phrase	ODH+cup (69) + A th	@nunth+A.th	tier3	in their cups
O2970	tolmath sa haemerent		n	S	the floating stones (of Highreach, Taldow Helv: 'the stones that float'); et tolmath sa haemerent; the Book's 'the tower of the floating stones' is taldow et tolmath sa haemerent (unit S05). NB haemer is also 'hang': Re haemerent et tolmath (IV.1 ¶11) is 'the stones hung'; this phrase is the stones that float		a phrase: tolmath stones (tolm + -Ath) + sa REL(+S; h unchanged) + haemerent float-3PL (haemer 'a raft; to float; hang, float' + -Ant; the relative verb agrees with the plural it stands for, S06 S8) [wf8 unit S06]	*tol-, *heimeir-	phrase	TOLM (1) + A th · SCETH+still (185)	@tolm+A.th @haemer	tier3	floating stones
O2971	brod um wrod		phr,adv	B	word for word ('word upon word')		a phrase: brod 'a word' + um upon(+S) + S·brod (b > w, §3.3), built as the Cry's tolm um dholm 'stone upon stone' (orrowen_v2 §11.2): a telling said again as a course is laid again [wf8 unit S07]	*bro-, *um-	phrase	BROD (197) · BROD (197)	@brod @brod	tier3	word for word
O2972	bithlernen		adj	S	southern		bith 'hot' + S lern 'the face' + -en ('of, belonging to') (compound: the head softened, §3.10): the adjective of bithlern O0099, made as bridlernen O0156 and rerddhalden O2074 are [wf8 unit S08]	*bith-, *leirn-	bith^lern+en	VORR+wedge (162) · VESK+rim (230) + e n	@bith@lern+e.n	tier3	south
O2973	desirel		adj	S	a little late, latish		desir 'late, after the time' + -el ('-ish': quality + -el, as dommel O0475, sulvel O2433) [wf8 unit S08]	*dasir-	desir+el		letters: d.e.s.i.r.e.l	tier3	late
O2974	uldath veskrivull		n	B	the root-men: their plain name ('the men of the root'); the wall's own diminutive for them is meskel O1385, 'treelings'		a phrase: uldath man-PL (uld + -Ath) + veskrivull S·root (meskrivull O1389, m > v: the possessor softened in the construct, as Molt Veskrivull O1419) [wf8 unit S08]	*uld-, *mosk-, *rifull-	phrase	ULD (237) + A th · MESK (186) · HALD+lone (34)	@uld+A.th @mesk@rivull	tier3	root-men
O2975	doss flenn et mesk ul o lern		phr	S	the wood's leaf faces it (the close of a stone leaf's headnote: 'the leaf of the wood is in its face')		a phrase: doss be + flenn et mesk the wood's leaf + ul lern in the face of O2631, with the pronoun possessor o between them (as ul o rask, pilot IV.4; and IV.4's doss o ul lern Yebb et Pard, 'it faces the Warden's Door') [wf8 unit S08]	*doss-, *xwle-, *mosk-, *ul-, *leirn-	phrase	TRENN+three (48) · MESK (186) · VESK+rim (230)	@flenn @mesk @lern	tier3	face
O2976	hos hoss ul lodh		adv	B	a breath apart ('one breath in the mortar between'): of things that come one after another		a phrase: hos one + hoss breath + ul lodh between O2628/O1221 ('in the mortar of') [wf8 unit S08]	*hos-, *hoss-, *ul-, *loð-	phrase	MOLT+zig (106) · LODH (291)	%h @hoss @lodh	tier3	apart
O2977	ul drenn		adv	S	in order, in line ('in course'): of a line of men or of hulls, as of a course of stones		a phrase: ul in (+N) + drenn N·course (trenn O2579), as ul drenn vodh O2864 'in what order' [wf8 unit S08]	*ul-, *trenn-	phrase	TRENN (39)	@trenn	tier3	order
O2978	el venn o		phr	B	it means it, it is in earnest ('it is true'): of a hull that leans to the shore		a phrase: el is + venn true + o it (the copula, predicate first, §3.1) [wf8 unit S08]	*el-, *weinn-, *o-	phrase	VENN (264)	@venn	tier3	mean
O2979	Doss vorr et scethan vyssorat		phr	B	The fleet has spent its fire (the wall's saying at noon: 'the fire of the fleet is spent')		a phrase: doss be + vorr fire + et scethan the fleet (the construct) + vyssorat spent O2806 (vyssor + -At) [wf8 unit S08]	*doss-, *forr-, *skeθ-, *weussor-	phrase	VORR (153) · SCETH (173) + a n	@vorr @sceth+a.n letters: v.y.s.s.o.r.A.t	tier3	spend
O2980	Naelur et molt sa luskith lont		phr	B	Choose which heart you leave them (the wall's saying at the fire: 'choose the heart that you leave at them')		a phrase: naelur choose (IMP) + et molt the heart + sa REL (+S) + luskith S·leave-2SG (lusk: l unchanged) + lont at-3PL [wf8 unit S08]	*neilur-, *molt-, *sa, *lusk-, *lo-	phrase	VESK+lone (232) · MOLT (105) · GARL+gap (216) + i th	@naelur @molt @lusk+i.th	tier3	choose
O2981	keth o dhrenneth		phr	S	keep its courses: keep its spacing, keep formation (of a feigned rout, as a wall keeps its courses)		a phrase: keth hold, keep + o its (+S) + dhrenneth S·courses (trenneth O2586, t > dh: the softening shows the possessive, §3.5) [wf8 unit S08]	*keθ-, *o-, *trenn-	phrase	GARL+cup (214) · TRENN (39) + A th	@keth @trenn+A.th	tier3	keep
O2982	ho ross		part,v	B	is (it)? is (it) still?: the yes-or-no question of the state verb doss		a grammar form: ho Q (+S) + ross S·doss (d > r, §3.3), as ho dhumos? (§3.4) [wf8 unit S08]	*ho-, *doss-	phrase		left out (a stone does not ask, D2)	tier3	whether
O2983	cadh et hosk um		phr,v	B	end, finish (a work, a tale, a telling): 'lay the capstone upon'		a phrase: cadh 'lay (a stone, a course, a tale)' + et 'the' + hosk 'a lintel; a capstone' + um 'upon' (+S), with the thing ended after it (um X; umo 'upon it'). The counterpart of cadh et tolm hosast 'begin: lay the first stone' (O2859): a telling is laid as a course (cadh trenn), begun with its first stone and ended with its capstone. No new root. Made for V.7 I, 'Rhyna began it, and Halvard gave it its end' (Re hadh Rhyna et tolm hosast ulo, eth re hadh Halvard et hosk umo) [wf8 unit S09]	*kað-, *et-, *hosk-, *um-	phrase	TRENN+still (43) · TOLM+cope (2)	@cadh @hosk	tier3	end, finish
O2984	Re vysk hos, eth re dhunn ullen		phr	S	One (of them) said, and the other finished: Seren's frame for a line of Halyna's split between the pair		a phrase: re PST(+S) + vysk S·mysk 'say' (m > v) + hos 'one' + eth 'and' + re PST(+S) + dhunn S·tunn 'complete, finish' (t > dh) + ullen 'the other' ('of that one'). The pair's antiphony (orrowen_v2 §3.9 item 5) as a narrative frame, beside hos eth ullen 'by turns' (O2858). The singular verbs are right: each of the pair speaks alone here, as one voice. V.7, three times (I, II, III) [wf8 unit S09]	*re, *muʔsk-, *hos-, *eθ-, *tann-, *ull-	phrase	BROD+still (206) · VENN+cope (265)	@mysk %h , @tunn letters: u.l.l.e.n	tier3	say, finish, other
O2985	ul hos hoss		adv	B	in one breath: in a breath, at once (of a thing known quickly); in the same breath, at the same instant		a phrase: ul 'in' (+N; h unchanged) + hos 'one' + hoss 'breath'. V.7 I, 'he had gone pale on the wall in the same breath' [wf8 units S09, W02]	*ul-, *hos-, *hoss-	phrase	MOLT+zig (106)	%h @hoss	tier3	same, breath, in a breath
O2986	fedh loskol reller		n	S	the time it takes to fill a lamp: a span of the hearth's night ('the time of the filling of a lamp')		a phrase, a double construct: fedh 'a time, a season' + loskol 'filling' (losk 'fill' + -Ol; l unchanged as the softened possessor) + reller S·greller 'a lamp' (the softened g drops before a consonant, orrowen_v2 §2.5, as in baegyth reller 'lamplight', O0047). V.7 III, ul fedh loskol reller 'in the time it takes to fill a lamp' [wf8 unit S09]	*xwadh-, *loʔsk-, *greller-	phrase	ORL+course (147) · ODH+star (61)	@fedh letters: l.o.s.k.O.l @greller	tier3	time, fill, lamp
O2987	cadh nycul		v	B	deceive: lay a lie (in a mind), make one believe what is false (nycul alone is 'lie, tell a lie')		a phrase: cadh 'lay (a stone, a course, a tale)' + nycul 'a lie' (reserve *neukul-): the Shoreland metaphor 'to tell a tale is to lay a course' (cadh trenn) turned to a lie. Its verbal noun after dem (+N) is dem gadhol nycul: V.7 II, Re yal o haralat dem gadhol nycul ul ol brener, 'it was bidden to lay a lie in our mind' ('it was told to make us believe a lie') [wf8 unit S09]	*kað-, *neukul-	phrase	TRENN+still (43) · CRESK+zig (83)	@cadh @nycul	tier3	lie, believe
O2988	hosen re yal kaeveret		adv	S	on purpose; as it was meant ('as it was thought')		a phrase: hosen 'as' + re PST(+S) + yal S·be.PST + kaeveret 'thought; meant' (kaever 'think; mean, intend' + -At), in the shape of the hearth's own formula (Cadhom o hosen re yal cadhat lom). Used because 'on purpose' with dask 'purpose' after a mutating preposition falls into traps: dem nask (N·dask = nask 'eat', lexicon_orrowen.md §8 item 2), ul nask, hy rask, lo rask. V.7 III, 'cut there on purpose' (rytet lo ull hosen re yal kaeveret) [wf8 unit S09]	*hos-, *re, *gal-, *keiwer-	phrase	ORL+course (147)	letters: h.o.s.e.n letters: k.a.e.v.e.r.A.t	tier3	purpose, mean
O2989	Trenn Hosast: Sull Orrol, Hos Clem		name	S	V.7 Part I: Three Roads, One Hour ('the first course: three roads, one hour')		a phrase: trenn 'a course; a tale laid in one night' + hosast 'first'; sull 'three' + orrol 'a road' (orr + -Ol; a numeral before a singular, orrowen_v2 §3.1) + hos 'one' + clem 'an hour'. Each part of V.7 was laid on its own night ('in three parts, each on the night its carving was known'), so each part is a trenn [wf8 unit S09]	*trenn-, *hos-, *sull-, *orr-, *klem-	phrase	TRENN (39) · FORE (328) · TRENN+course (40) + O l · ORL+notch (138)	@trenn @hosast , %s @orr+O.l , %h @clem	tier3	
O2990	Trenn Pawast: Vodh re ammadar lont		name	B	V.7 Part II: What We Taught Them ('the second course: what we taught to them')		a phrase: trenn 'a course' + pawast 'second'; vodh 'what' as the headless relative (pilot I.1: Amm sy myskym los vodh ew et Crenn) + re PST(+S) + ammadar 'teach-1PL' (a vowel: unchanged) + lont 'at them' (the one taught takes lo, as the one given to: Hebb et tolm lom). lont, not so, because so after a verb reads 'their' [wf8 unit S09]	*trenn-, *pa-, *ka-, wo- + -ð-, *re, *amm-, *lo-	phrase	TRENN (39) · BROD+three (203) + A r	@trenn letters: p.a.w.A.s.t , @ammad+A.r	tier3	
O2991	Trenn Sullast: Niltenn sa re ryt lernil umo sost		name	B	V.7 Part III: The Plan That Carved Its Own Defeat ('the third course: a plan that cut defeat upon itself')		a phrase: trenn 'a course' + sullast 'third'; niltenn 'a plan' + sa REL(+S) + re PST(+S) + ryt 'cut, carve' (r unchanged) + lernil 'a defeat' + umo 'upon it' (the relative's resumptive preposition, pilot I.1 G5; ryt um is the oath's own verb and preposition, Rytom um) + sost 'self'. *o lernil* 'its defeat' is avoided: the softening cannot show on l, so o would read as 'it' (orrowen_v2 §3.5) [wf8 unit S09]	*trenn-, *sull-, *niltenn-, *sa, *re, *wrut-, *larnil-, *um-, *swe-	phrase	TRENN (39) · BROD+rim (210) · TOLM+cut (8) · CRESK+cope (84)	@trenn letters: s.u.l.l.A.s.t , @niltenn @ryt @lernil	tier3	
O2992	Kethen et tolm olen		phr	S	We two hold the stone together: Halyna's opening at the hearth (I.4, VI.1)		a phrase: Kethen hold-1DU (keth 'hold, keep' + -An, slender -en) + et the + tolm stone + olen together (ol 'we' + -en 'of') [wf8 unit S10]	*keθ-, *et-, *tol-, *ol, *-ana	phrase	GARL+cup (214) + A n · TOLM (1)	@keth+A.n @tolm letters: o.l.e.n	tier3	hold, together
O2993	bysket ul lern et trenn hosast		phr	B	bound facing the first tale: the Epilogue's heading (Trenn Rask, bysket ul lern et trenn hosast); of a leaf of the Book, bound in facing another		a phrase: bysket tied, bound (bysk 'tie, knot fast' + -At, O0227) + ul lern in the face of, facing (O2631) + et the + trenn tale + hosast first (hos + -Ast); the leaf of IV.4's headnote 'doss o ul lern Yebb et Pard' faces in the same way [wf8 unit S10]	*buʔsk-, *ul-, *leirn-, *et-, *trenn-, *hos-	phrase	TOVV+cup (170) + A t · VESK+rim (230) · TRENN (39) · FORE (328)	@bysk+A.t @lern @trenn @hosast	tier3	bind, face, first, tale
O2994	Lymmerd et Lodh		name	B	the Bearer of the Binding: Seren's shore-gloss of the Aelvaren		a phrase: Lymmerd bearer (lymm + -Ard, O1314) + et the + Lodh the bond (O1221: mortar; a bond; join, bind), the construct with a definite possessor (no mutation after et) [wf8 unit S10]	*luʔmm-, *et-, *loð-	phrase	PAR+course (98) + A r d · LODH (291)	@lymm+A.r.d @lodh	tier3	bearer, binding
O2995	lunt et hoss		phr	B	those of the breath ('the people of the breath'): Seren's gloss of Naelear		a phrase: lunt a people (O1283) + et the + hoss breath (O1004), the construct; not *hossan (hoss + -an, 'the breath-folk'), which reads as hoss + -An, 'we two breathe' (lexicon §4.2: a form that collides is not made) [wf8 unit S10]	*lunt-, *et-, *hoss-	phrase	ULD+three (241) · MOLT+zig (106)	@lunt @hoss	tier3	breath, people
O2996	Stinel Hosel		name	S	the Lone Stroke (a root of the grain, as Seren names it)		a phrase: stinel 'a stroke, a single cut' (stin 'cut' < *stin- (reserve: Hal stinos > stin) + -el, O2375) + hosel 'one, alone, single' (hos + -el, O0990) [wf8 unit S11]	*stin-, *hos-	phrase		letters: s.t.i.n.e.l letters: h.o.s.e.l	tier3	Lone Stroke
O2997	Hosk ul Lern		name	S	the Bar Before (a root of the grain, as Seren names it)		a phrase: hosk 'a lintel; a bar, a stone laid across' (*hosk-o-s > Hal hoskos > hosk, canon) + ul lern 'before, in front' (ul + N lern 'the face', O2631) [wf8 unit S11]	*hosk-, *ul-, *leirn-	phrase	TOLM+cope (2) · VESK+rim (230)	@hosk @lern	tier3	Bar Before
O2998	Gemmyorn Nawrodh		name	B	the Mute Square (a root of the grain, as Seren names it)		a phrase: gemmyorn 'a square' (gemm 'four' + S gorn 'a corner', O0719) + nawrodh 'mute' (na- + S brodh, O1727), as tolmath nawrodh 'the mute stones' [wf8 unit S11]	*gemm-, *gorn-, *bro-	phrase	the turned stone + BROD+course (198)	letters: g.e.m.m.y.o.r.n !@brodh	tier3	Mute Square
O2999	Pa Wrodow		name	B	the Two Mouths (a root of the grain, as Seren names it)		a phrase, the dual of §3.2: pa 'two' (+S) + S·brodow 'a mouth' (brod 'a word' + -ow 'place', O0188; b > w), as pa yarl 'two hands' [wf8 unit S11]	*pa-, *bro-	phrase	BROD (197) + o w	%p @brod+o.w	tier3	Two Mouths
O3000	Sestow Kylet		name	S	the Turned Stern (a root of the grain, as Seren names it)		a phrase: sestow 'the back; the stern of a hull' (sest 'a shoulder' + -ow, O2287) + kylet 'turned' (kyl 'change; curl, turn; hook, turn back' (canon) + -At, O1131) [wf8 unit S11]	*seʔst-, *kul-	phrase	KYL (278) + A t	letters: s.e.s.t.o.w @kyl+A.t	tier3	Turned Stern
O3001	Stinel Dasorat		name	B	the Smoothed Cut (a root of the grain, as Seren names it)		a phrase: stinel 'a stroke, a single cut' (O2375) + dasorat 'polished, rubbed smooth' (dasor 'polish, rub smooth' < *dasor- (reserve: Hal dasoris > dasor) + -At, O0372) [wf8 unit S11]	*stin-, *dasor-	phrase		letters: s.t.i.n.e.l letters: d.a.s.o.r.A.t	tier3	Smoothed Cut
O3002	hebb veskyl		v,phr	S	show ('give the sight of'): hebb veskyl X lo Y, show X to Y; Hebba lont veskyl et cryrull, 'show them the host'		a phrase: hebb 'give' (*habb-i-s > Hal hebbis > hebb, canon) + veskyl 'sight' (vesk 'see' (canon) + -Ol, O2735): the tongue has no causative, and makes 'show' from a verb and a verbal noun as it makes 'can' and 'must' (§3.7) [wf8 unit S11]	*habb-, *wesk-	phrase	GARL+course (215) · VESK (229) + O l	@hebb @vesk+O.l	tier3	show
O3003	lusk ul		v,phr	B	let (X do Y): lusk X ul VN, 'loose X in V-ing'; Luska et vorr ul vorrol, 'let the fire work (burn)'		a phrase: lusk 'loose, let go, set free' (*lusk-o-s > Hal luskos > lusk, canon) + ul 'in' (+N) + a verbal noun, the progressive's own shape (§3.4, Doss et hald ul glennol) [wf8 unit S11]	*lusk-, *ul-	phrase	GARL+gap (216)	@lusk	tier3	let
O3004	sest lo sest		adv,phr	S	side by side ('shoulder at shoulder')		a phrase: sest 'the shoulder' (*seʔst- (reserve): Hal sestos > sest) + lo 'at' (+S; s is unchanged) + sest, built as hos eth hos 'one by one' [wf8 unit S11]	*seʔst-, *lo-	phrase		letters: s.e.s.t letters: s.e.s.t	tier3	side by side
O3005	sell tevar		adv,phr	B	long before ('long early'): sell tevar hy X, long before X		a phrase: sell 'long' (canon) + tevar 'early, before the time' (*tefar- (reserve): Hal tevaros > tevar); hy 'than' makes the comparison (lexicon §5.3, strom hy X) [wf8 unit S11]	*sell-, *tefar-	phrase	VENN+course (268)	@sell letters: t.e.v.a.r	tier3	long before
O3006	pa sest		n,phr	S	the two flanks of a host, both sides ('the two shoulders'); et pa sest, the flanks: grika et pa sest, 'take the sides' (E5-01)		a phrase, the dual of orrowen_v2 §3.2: pa 'two' (+S; s is unchanged by the softening) + sest 'the shoulder' (*seʔst- (reserve): Hal sestos > sest, O2284), as pa yarl 'two hands'; with the article et pa sest, as et pa varn (unit S03); made for 'the sides' of a host because lern 'a side' is heard 'the face' first (blind back-translation of S11), and sest is the unit's own side (sest lo sest, O-S11-16) [wf8 unit S11]	*pa-, *seʔst-	phrase		%p letters: s.e.s.t	tier3	sides
O3007	Reskowath Strom		name	B	the Thrones: the Mystarchs, as the soldiers name them (III.2)		a phrase: Reskowath place-PL (reskow O2091: resk 'sit' + -ow 'place of', then + -Ath plural) + strom 'great' (canon); the plural of O2092 reskow strom 'a throne (a great seat)', capitalised as the soldiers' name for the Mystarchs; the title O2093 opens with it [wf8 unit W02]	*rask-, *strom-	phrase	ODH+cope (63) + o w + A th · VENN+rim (269)	@resk+o.w+A.th @strom	tier3	Thrones
O3008	reskow strom eth reskow strom		adv	B	throne by throne; a Throne each (of a telling given by a pair by turns, one throne to each)		a phrase: reskow strom 'a throne' (O2092) + eth 'and' + reskow strom, as hos eth hos 'one by one' (O2862); said beside hos eth ullen 'by turns' (O2858): III.2's 'Told by Halyna, a Throne each' [wf8 unit W02]	*rask-, *strom-, *eθ-	phrase	ODH+cope (63) + o w · VENN+rim (269)	@resk+o.w @strom , @resk+o.w @strom	tier3	a Throne each
O3009	hos ul hos cumm		adv	B	each in its own haven; one to a haven ('one in one haven')		a phrase: hos 'one' + ul 'in' (+N; h unchanged) + hos 'one' + cumm 'a haven' (a numeral before a singular noun, orrowen_v2 §3.1); said so because o humm sost 'its own haven' softens cumm to humm, heard as the reserve humm 'husband' (lexicon §8.2 finding 2), and ul gor gumm 'in every haven' would bed gor to nor [wf8 unit W02]	*hos-, *ul-, *kumm-	phrase	HALD+still (25)	%h %h @cumm	tier3	each in its own haven
O3010	hy flenn sy dem lern		adv	S	from this leaf on; from here forward (in a book)		a phrase: hy 'from' (+S; f unchanged) + flenn 'a leaf' (canon) + sy 'this' + dem lern 'forward' (O0392) [wf8 unit W02]	*xui, *xwle-, *siu, *dem-, *leirn-	phrase	TRENN+three (48) · VESK+rim (230)	@flenn @lern	tier3	from this leaf on
O3011	ketherdeth strom et scethan strom tunn		n	B	the sovereign commanders of the entire armada: the old songs' title for the Mystarchs		a phrase: ketherdeth commander-PL (Ketherd O1114, + -Ath, slender -eth; lower-case, any commander, not the Commander) + strom 'great; sovereign' + et 'the' + scethan strom 'an armada' (O2223) + tunn 'whole, entire'; the possessor definite, so the head takes no article (orrowen_v2 §3.2) [wf8 unit W02]	*keθ-, *strom-, *et-, *tann-	phrase	GARL+cup (214) + A r d + A th · VENN+rim (269) · SCETH (173) + a n · VENN+rim (269) · VENN+cope (265)	@keth+A.r.d+A.th @strom @sceth+a.n @strom @tunn	tier3	sovereign commanders of the entire armada
O3012	lerneth dasken susk		n	B	the final exalted forms: the old songs' phrase for the Thrones, the last shapes the eldest Mystholders took		a phrase: lerneth 'faces, shapes' (lern, reserve O1184, + -Ath, slender -eth) + dasken 'final, last' (O0368) + susk 'high' (reserve O2446) [wf8 unit W02]	*leirn-, *dask-, *suʔsk-	phrase	VESK+rim (230) + A th · TRENN+cope (44) + e n · BRUNN+cope (325)	@lern+A.th @dask+e.n @susk	tier3	final exalted expressions
O3013	Gannath Myst hemm sost		n	B	the eldest Mystholders		a phrase: Gannath Myst 'the Mystholders' (O0673) + hemm sost 'eldest' (hemm 'old' + sost 'very': the most, as mesk hemm sost 'the eldest wood', O1378) [wf8 unit W02]	*gann-, *mus-, *hemm-, *swe-	phrase	GANNA+lone (285) + A th · WADH+fade (302) · ULD+notch (240)	@gann+A.th @myst @hemm	tier3	eldest Mystholders
O3014	gannath hossen dasken et hald		n	B	the last living pillars of the barrier: the old songs' name for the eldest Mystholders		a phrase: gannath 'posts, pillars' (gann + -Ath) + hossen 'alive, living' (O1009) + dasken 'last' (O0368) + et 'the' + hald 'a wall; a barrier' (canon); the head takes no article before a definite possessor (orrowen_v2 §3.2) [wf8 unit W02]	*gann-, *hoss-, *dask-, *xal-	phrase	GANNA+lone (285) + A th · MOLT+zig (106) + e n · TRENN+cope (44) + e n · HALD (21)	@gann+A.th @hoss+e.n @dask+e.n @hald	tier3	last living pillars of the barrier
O3015	lern hosel		phr,n	S	the shape only; the shape alone: a knowing's shape, held before it could be told (the Book's frame for a wood leaf's first fragments, 'As first known, the shape only'); of a knowing, lern is its shape, not a face		a phrase: et the + lern 'a shape' (O1184, whose first sense is 'the face') + hosel 'alone, only' (O0990; set after a noun it is 'only' of the noun, orrowen_v2 §3.8). The Book's own term: the Knowing ladder counts 'one shape', 'two shapes', and its fragments stand under 'As first known, the shape only' (legends_v13, IV.2; the leaf-ladder notes). Made for Seren's two lines to IV.2 that use it (the headnote's 'Halyna could hold only its shape', kethyl et lern hosel; the label 'the shape only'), so that a reader, and the analyzer's set-phrase hint, take lern as the shape of a knowing and not its face (the blind back-translation of W03 read 'the face alone') [wf8 unit W03]	*et-, *leirn-, *hos-	phrase	VESK+rim (230)	@lern letters: h.o.s.e.l	tier3	shape
